2026-06-18 11:04:57,887 [Worker-4: Loading available Gradle versions] INFO  o.e.b.c.i.u.g.PublishedGradleVersions - Gradle version information cache is not available. Remote download required.
2026-06-18 13:57:03,579 [Worker-7: Loading available Gradle versions] INFO  o.e.b.c.i.u.g.PublishedGradleVersions - Gradle version information cache is up-to-date. Trying to read.
2026-06-18 13:57:28,892 [ModalContext] INFO  o.e.m.c.i.e.AbstractTransferListenerAdapter - Downloading https://repo.maven.apache.org/maven2/org/apache/maven/archetypes/maven-archetype-quickstart/1.1/maven-archetype-quickstart-1.1.pom
2026-06-18 13:57:28,901 [ModalContext] INFO  o.e.m.c.i.e.AbstractTransferListenerAdapter - Downloaded https://repo.maven.apache.org/maven2/org/apache/maven/archetypes/maven-archetype-quickstart/1.1/maven-archetype-quickstart-1.1.pom
2026-06-18 13:57:28,933 [ModalContext] INFO  o.e.m.c.i.e.AbstractTransferListenerAdapter - Downloading https://repo.maven.apache.org/maven2/org/apache/maven/archetypes/maven-archetype-bundles/4/maven-archetype-bundles-4.pom
2026-06-18 13:57:28,951 [ModalContext] INFO  o.e.m.c.i.e.AbstractTransferListenerAdapter - Downloaded https://repo.maven.apache.org/maven2/org/apache/maven/archetypes/maven-archetype-bundles/4/maven-archetype-bundles-4.pom
2026-06-18 13:57:28,976 [ModalContext] INFO  o.e.m.c.i.e.AbstractTransferListenerAdapter - Downloading https://repo.maven.apache.org/maven2/org/apache/maven/archetype/maven-archetype/2.0-alpha-5/maven-archetype-2.0-alpha-5.pom
2026-06-18 13:57:28,981 [ModalContext] INFO  o.e.m.c.i.e.AbstractTransferListenerAdapter - Downloaded https://repo.maven.apache.org/maven2/org/apache/maven/archetype/maven-archetype/2.0-alpha-5/maven-archetype-2.0-alpha-5.pom
2026-06-18 13:57:29,005 [ModalContext] INFO  o.e.m.c.i.e.AbstractTransferListenerAdapter - Downloading https://repo.maven.apache.org/maven2/org/apache/maven/maven-parent/16/maven-parent-16.pom
2026-06-18 13:57:29,014 [ModalContext] INFO  o.e.m.c.i.e.AbstractTransferListenerAdapter - Downloaded https://repo.maven.apache.org/maven2/org/apache/maven/maven-parent/16/maven-parent-16.pom
2026-06-18 13:57:29,039 [ModalContext] INFO  o.e.m.c.i.e.AbstractTransferListenerAdapter - Downloading https://repo.maven.apache.org/maven2/org/apache/apache/7/apache-7.pom
2026-06-18 13:57:29,046 [ModalContext] INFO  o.e.m.c.i.e.AbstractTransferListenerAdapter - Downloaded https://repo.maven.apache.org/maven2/org/apache/apache/7/apache-7.pom
2026-06-18 13:57:29,082 [ModalContext] INFO  o.e.m.c.i.e.AbstractTransferListenerAdapter - Downloading https://repo.maven.apache.org/maven2/org/apache/maven/archetypes/maven-archetype-quickstart/1.1/maven-archetype-quickstart-1.1.jar
2026-06-18 13:57:29,085 [ModalContext] INFO  o.e.m.c.i.e.AbstractTransferListenerAdapter - Downloaded https://repo.maven.apache.org/maven2/org/apache/maven/archetypes/maven-archetype-quickstart/1.1/maven-archetype-quickstart-1.1.jar
2026-06-18 13:57:52,130 [Worker-17: Launching mavenrun-3def4ed4-6592-4859-a263-83b4329ab447] INFO  o.eclipse.m2e.core.internal.Bundles - getClasspathEntries(Bundle=org.eclipse.m2e.maven.runtime_3.9.1600.20260522-0510 [649])
2026-06-18 13:57:52,131 [Worker-17: Launching mavenrun-3def4ed4-6592-4859-a263-83b4329ab447] INFO  o.eclipse.m2e.core.internal.Bundles - 	Entry: C:\Users\CVR\Downloads\eclipse-jee-2026-06-R-win32-x86_64\eclipse\plugins\org.eclipse.m2e.maven.runtime_3.9.1600.20260522-0510
2026-06-18 13:57:52,131 [Worker-17: Launching mavenrun-3def4ed4-6592-4859-a263-83b4329ab447] INFO  o.eclipse.m2e.core.internal.Bundles - 	Entry: C:\Users\CVR\Downloads\eclipse-jee-2026-06-R-win32-x86_64\eclipse\plugins\org.eclipse.m2e.maven.runtime_3.9.1600.20260522-0510\jars\aopalliance-1.0.jar
2026-06-18 13:57:52,131 [Worker-17: Launching mavenrun-3def4ed4-6592-4859-a263-83b4329ab447] INFO  o.eclipse.m2e.core.internal.Bundles - 	Entry: C:\Users\CVR\Downloads\eclipse-jee-2026-06-R-win32-x86_64\eclipse\plugins\org.eclipse.m2e.maven.runtime_3.9.1600.20260522-0510\jars\asm-9.9.1.jar
2026-06-18 13:57:52,131 [Worker-17: Launching mavenrun-3def4ed4-6592-4859-a263-83b4329ab447] INFO  o.eclipse.m2e.core.internal.Bundles - 	Entry: C:\Users\CVR\Downloads\eclipse-jee-2026-06-R-win32-x86_64\eclipse\plugins\org.eclipse.m2e.maven.runtime_3.9.1600.20260522-0510\jars\error_prone_annotations-2.41.0.jar
2026-06-18 13:57:52,131 [Worker-17: Launching mavenrun-3def4ed4-6592-4859-a263-83b4329ab447] INFO  o.eclipse.m2e.core.internal.Bundles - 	Entry: C:\Users\CVR\Downloads\eclipse-jee-2026-06-R-win32-x86_64\eclipse\plugins\org.eclipse.m2e.maven.runtime_3.9.1600.20260522-0510\jars\gson-2.13.2.jar
2026-06-18 13:57:52,131 [Worker-17: Launching mavenrun-3def4ed4-6592-4859-a263-83b4329ab447] INFO  o.eclipse.m2e.core.internal.Bundles - 	Entry: C:\Users\CVR\Downloads\eclipse-jee-2026-06-R-win32-x86_64\eclipse\plugins\org.eclipse.m2e.maven.runtime_3.9.1600.20260522-0510\jars\guice-5.1.0-classes.jar
2026-06-18 13:57:52,131 [Worker-17: Launching mavenrun-3def4ed4-6592-4859-a263-83b4329ab447] INFO  o.eclipse.m2e.core.internal.Bundles - 	Entry: C:\Users\CVR\Downloads\eclipse-jee-2026-06-R-win32-x86_64\eclipse\plugins\org.eclipse.m2e.maven.runtime_3.9.1600.20260522-0510\jars\httpclient-4.5.14.jar
2026-06-18 13:57:52,131 [Worker-17: Launching mavenrun-3def4ed4-6592-4859-a263-83b4329ab447] INFO  o.eclipse.m2e.core.internal.Bundles - 	Entry: C:\Users\CVR\Downloads\eclipse-jee-2026-06-R-win32-x86_64\eclipse\plugins\org.eclipse.m2e.maven.runtime_3.9.1600.20260522-0510\jars\httpcore-4.4.16.jar
2026-06-18 13:57:52,131 [Worker-17: Launching mavenrun-3def4ed4-6592-4859-a263-83b4329ab447] INFO  o.eclipse.m2e.core.internal.Bundles - 	Entry: C:\Users\CVR\Downloads\eclipse-jee-2026-06-R-win32-x86_64\eclipse\plugins\org.eclipse.m2e.maven.runtime_3.9.1600.20260522-0510\jars\jansi-2.4.3.jar
2026-06-18 13:57:52,132 [Worker-17: Launching mavenrun-3def4ed4-6592-4859-a263-83b4329ab447] INFO  o.eclipse.m2e.core.internal.Bundles - 	Entry: C:\Users\CVR\Downloads\eclipse-jee-2026-06-R-win32-x86_64\eclipse\plugins\org.eclipse.m2e.maven.runtime_3.9.1600.20260522-0510\jars\jcl-over-slf4j-1.7.36.jar
2026-06-18 13:57:52,132 [Worker-17: Launching mavenrun-3def4ed4-6592-4859-a263-83b4329ab447] INFO  o.eclipse.m2e.core.internal.Bundles - 	Entry: C:\Users\CVR\Downloads\eclipse-jee-2026-06-R-win32-x86_64\eclipse\plugins\org.eclipse.m2e.maven.runtime_3.9.1600.20260522-0510\jars\maven-artifact-3.9.16.jar
2026-06-18 13:57:52,132 [Worker-17: Launching mavenrun-3def4ed4-6592-4859-a263-83b4329ab447] INFO  o.eclipse.m2e.core.internal.Bundles - 	Entry: C:\Users\CVR\Downloads\eclipse-jee-2026-06-R-win32-x86_64\eclipse\plugins\org.eclipse.m2e.maven.runtime_3.9.1600.20260522-0510\jars\maven-builder-support-3.9.16.jar
2026-06-18 13:57:52,132 [Worker-17: Launching mavenrun-3def4ed4-6592-4859-a263-83b4329ab447] INFO  o.eclipse.m2e.core.internal.Bundles - 	Entry: C:\Users\CVR\Downloads\eclipse-jee-2026-06-R-win32-x86_64\eclipse\plugins\org.eclipse.m2e.maven.runtime_3.9.1600.20260522-0510\jars\maven-compat-3.9.16.jar
2026-06-18 13:57:52,132 [Worker-17: Launching mavenrun-3def4ed4-6592-4859-a263-83b4329ab447] INFO  o.eclipse.m2e.core.internal.Bundles - 	Entry: C:\Users\CVR\Downloads\eclipse-jee-2026-06-R-win32-x86_64\eclipse\plugins\org.eclipse.m2e.maven.runtime_3.9.1600.20260522-0510\jars\maven-core-3.9.16.jar
2026-06-18 13:57:52,132 [Worker-17: Launching mavenrun-3def4ed4-6592-4859-a263-83b4329ab447] INFO  o.eclipse.m2e.core.internal.Bundles - 	Entry: C:\Users\CVR\Downloads\eclipse-jee-2026-06-R-win32-x86_64\eclipse\plugins\org.eclipse.m2e.maven.runtime_3.9.1600.20260522-0510\jars\maven-embedder-3.9.16.jar
2026-06-18 13:57:52,132 [Worker-17: Launching mavenrun-3def4ed4-6592-4859-a263-83b4329ab447] INFO  o.eclipse.m2e.core.internal.Bundles - 	Entry: C:\Users\CVR\Downloads\eclipse-jee-2026-06-R-win32-x86_64\eclipse\plugins\org.eclipse.m2e.maven.runtime_3.9.1600.20260522-0510\jars\maven-model-3.9.16.jar
2026-06-18 13:57:52,132 [Worker-17: Launching mavenrun-3def4ed4-6592-4859-a263-83b4329ab447] INFO  o.eclipse.m2e.core.internal.Bundles - 	Entry: C:\Users\CVR\Downloads\eclipse-jee-2026-06-R-win32-x86_64\eclipse\plugins\org.eclipse.m2e.maven.runtime_3.9.1600.20260522-0510\jars\maven-model-builder-3.9.16.jar
2026-06-18 13:57:52,132 [Worker-17: Launching mavenrun-3def4ed4-6592-4859-a263-83b4329ab447] INFO  o.eclipse.m2e.core.internal.Bundles - 	Entry: C:\Users\CVR\Downloads\eclipse-jee-2026-06-R-win32-x86_64\eclipse\plugins\org.eclipse.m2e.maven.runtime_3.9.1600.20260522-0510\jars\maven-plugin-api-3.9.16.jar
2026-06-18 13:57:52,132 [Worker-17: Launching mavenrun-3def4ed4-6592-4859-a263-83b4329ab447] INFO  o.eclipse.m2e.core.internal.Bundles - 	Entry: C:\Users\CVR\Downloads\eclipse-jee-2026-06-R-win32-x86_64\eclipse\plugins\org.eclipse.m2e.maven.runtime_3.9.1600.20260522-0510\jars\maven-repository-metadata-3.9.16.jar
2026-06-18 13:57:52,132 [Worker-17: Launching mavenrun-3def4ed4-6592-4859-a263-83b4329ab447] INFO  o.eclipse.m2e.core.internal.Bundles - 	Entry: C:\Users\CVR\Downloads\eclipse-jee-2026-06-R-win32-x86_64\eclipse\plugins\org.eclipse.m2e.maven.runtime_3.9.1600.20260522-0510\jars\maven-resolver-api-1.9.27.jar
2026-06-18 13:57:52,132 [Worker-17: Launching mavenrun-3def4ed4-6592-4859-a263-83b4329ab447] INFO  o.eclipse.m2e.core.internal.Bundles - 	Entry: C:\Users\CVR\Downloads\eclipse-jee-2026-06-R-win32-x86_64\eclipse\plugins\org.eclipse.m2e.maven.runtime_3.9.1600.20260522-0510\jars\maven-resolver-connector-basic-1.9.27.jar
2026-06-18 13:57:52,133 [Worker-17: Launching mavenrun-3def4ed4-6592-4859-a263-83b4329ab447] INFO  o.eclipse.m2e.core.internal.Bundles - 	Entry: C:\Users\CVR\Downloads\eclipse-jee-2026-06-R-win32-x86_64\eclipse\plugins\org.eclipse.m2e.maven.runtime_3.9.1600.20260522-0510\jars\maven-resolver-impl-1.9.27.jar
2026-06-18 13:57:52,133 [Worker-17: Launching mavenrun-3def4ed4-6592-4859-a263-83b4329ab447] INFO  o.eclipse.m2e.core.internal.Bundles - 	Entry: C:\Users\CVR\Downloads\eclipse-jee-2026-06-R-win32-x86_64\eclipse\plugins\org.eclipse.m2e.maven.runtime_3.9.1600.20260522-0510\jars\maven-resolver-named-locks-1.9.27.jar
2026-06-18 13:57:52,133 [Worker-17: Launching mavenrun-3def4ed4-6592-4859-a263-83b4329ab447] INFO  o.eclipse.m2e.core.internal.Bundles - 	Entry: C:\Users\CVR\Downloads\eclipse-jee-2026-06-R-win32-x86_64\eclipse\plugins\org.eclipse.m2e.maven.runtime_3.9.1600.20260522-0510\jars\maven-resolver-provider-3.9.16.jar
2026-06-18 13:57:52,133 [Worker-17: Launching mavenrun-3def4ed4-6592-4859-a263-83b4329ab447] INFO  o.eclipse.m2e.core.internal.Bundles - 	Entry: C:\Users\CVR\Downloads\eclipse-jee-2026-06-R-win32-x86_64\eclipse\plugins\org.eclipse.m2e.maven.runtime_3.9.1600.20260522-0510\jars\maven-resolver-spi-1.9.27.jar
2026-06-18 13:57:52,133 [Worker-17: Launching mavenrun-3def4ed4-6592-4859-a263-83b4329ab447] INFO  o.eclipse.m2e.core.internal.Bundles - 	Entry: C:\Users\CVR\Downloads\eclipse-jee-2026-06-R-win32-x86_64\eclipse\plugins\org.eclipse.m2e.maven.runtime_3.9.1600.20260522-0510\jars\maven-resolver-transport-file-1.9.27.jar
2026-06-18 13:57:52,133 [Worker-17: Launching mavenrun-3def4ed4-6592-4859-a263-83b4329ab447] INFO  o.eclipse.m2e.core.internal.Bundles - 	Entry: C:\Users\CVR\Downloads\eclipse-jee-2026-06-R-win32-x86_64\eclipse\plugins\org.eclipse.m2e.maven.runtime_3.9.1600.20260522-0510\jars\maven-resolver-transport-http-1.9.27.jar
2026-06-18 13:57:52,133 [Worker-17: Launching mavenrun-3def4ed4-6592-4859-a263-83b4329ab447] INFO  o.eclipse.m2e.core.internal.Bundles - 	Entry: C:\Users\CVR\Downloads\eclipse-jee-2026-06-R-win32-x86_64\eclipse\plugins\org.eclipse.m2e.maven.runtime_3.9.1600.20260522-0510\jars\maven-resolver-transport-wagon-1.9.27.jar
2026-06-18 13:57:52,133 [Worker-17: Launching mavenrun-3def4ed4-6592-4859-a263-83b4329ab447] INFO  o.eclipse.m2e.core.internal.Bundles - 	Entry: C:\Users\CVR\Downloads\eclipse-jee-2026-06-R-win32-x86_64\eclipse\plugins\org.eclipse.m2e.maven.runtime_3.9.1600.20260522-0510\jars\maven-resolver-util-1.9.27.jar
2026-06-18 13:57:52,133 [Worker-17: Launching mavenrun-3def4ed4-6592-4859-a263-83b4329ab447] INFO  o.eclipse.m2e.core.internal.Bundles - 	Entry: C:\Users\CVR\Downloads\eclipse-jee-2026-06-R-win32-x86_64\eclipse\plugins\org.eclipse.m2e.maven.runtime_3.9.1600.20260522-0510\jars\maven-settings-3.9.16.jar
2026-06-18 13:57:52,133 [Worker-17: Launching mavenrun-3def4ed4-6592-4859-a263-83b4329ab447] INFO  o.eclipse.m2e.core.internal.Bundles - 	Entry: C:\Users\CVR\Downloads\eclipse-jee-2026-06-R-win32-x86_64\eclipse\plugins\org.eclipse.m2e.maven.runtime_3.9.1600.20260522-0510\jars\maven-settings-builder-3.9.16.jar
2026-06-18 13:57:52,133 [Worker-17: Launching mavenrun-3def4ed4-6592-4859-a263-83b4329ab447] INFO  o.eclipse.m2e.core.internal.Bundles - 	Entry: C:\Users\CVR\Downloads\eclipse-jee-2026-06-R-win32-x86_64\eclipse\plugins\org.eclipse.m2e.maven.runtime_3.9.1600.20260522-0510\jars\maven-shared-utils-3.4.2.jar
2026-06-18 13:57:52,133 [Worker-17: Launching mavenrun-3def4ed4-6592-4859-a263-83b4329ab447] INFO  o.eclipse.m2e.core.internal.Bundles - 	Entry: C:\Users\CVR\Downloads\eclipse-jee-2026-06-R-win32-x86_64\eclipse\plugins\org.eclipse.m2e.maven.runtime_3.9.1600.20260522-0510\jars\org.eclipse.sisu.inject-1.0.0.jar
2026-06-18 13:57:52,133 [Worker-17: Launching mavenrun-3def4ed4-6592-4859-a263-83b4329ab447] INFO  o.eclipse.m2e.core.internal.Bundles - 	Entry: C:\Users\CVR\Downloads\eclipse-jee-2026-06-R-win32-x86_64\eclipse\plugins\org.eclipse.m2e.maven.runtime_3.9.1600.20260522-0510\jars\org.eclipse.sisu.plexus-1.0.0.jar
2026-06-18 13:57:52,133 [Worker-17: Launching mavenrun-3def4ed4-6592-4859-a263-83b4329ab447] INFO  o.eclipse.m2e.core.internal.Bundles - 	Entry: C:\Users\CVR\Downloads\eclipse-jee-2026-06-R-win32-x86_64\eclipse\plugins\org.eclipse.m2e.maven.runtime_3.9.1600.20260522-0510\jars\plexus-build-api-0.0.7.jar
2026-06-18 13:57:52,133 [Worker-17: Launching mavenrun-3def4ed4-6592-4859-a263-83b4329ab447] INFO  o.eclipse.m2e.core.internal.Bundles - 	Entry: C:\Users\CVR\Downloads\eclipse-jee-2026-06-R-win32-x86_64\eclipse\plugins\org.eclipse.m2e.maven.runtime_3.9.1600.20260522-0510\jars\plexus-build-api-1.2.0.jar
2026-06-18 13:57:52,134 [Worker-17: Launching mavenrun-3def4ed4-6592-4859-a263-83b4329ab447] INFO  o.eclipse.m2e.core.internal.Bundles - 	Entry: C:\Users\CVR\Downloads\eclipse-jee-2026-06-R-win32-x86_64\eclipse\plugins\org.eclipse.m2e.maven.runtime_3.9.1600.20260522-0510\jars\plexus-cipher-2.0.jar
2026-06-18 13:57:52,134 [Worker-17: Launching mavenrun-3def4ed4-6592-4859-a263-83b4329ab447] INFO  o.eclipse.m2e.core.internal.Bundles - 	Entry: C:\Users\CVR\Downloads\eclipse-jee-2026-06-R-win32-x86_64\eclipse\plugins\org.eclipse.m2e.maven.runtime_3.9.1600.20260522-0510\jars\plexus-classworlds-2.11.0.jar
2026-06-18 13:57:52,134 [Worker-17: Launching mavenrun-3def4ed4-6592-4859-a263-83b4329ab447] INFO  o.eclipse.m2e.core.internal.Bundles - 	Entry: C:\Users\CVR\Downloads\eclipse-jee-2026-06-R-win32-x86_64\eclipse\plugins\org.eclipse.m2e.maven.runtime_3.9.1600.20260522-0510\jars\plexus-component-annotations-2.2.0.jar
2026-06-18 13:57:52,134 [Worker-17: Launching mavenrun-3def4ed4-6592-4859-a263-83b4329ab447] INFO  o.eclipse.m2e.core.internal.Bundles - 	Entry: C:\Users\CVR\Downloads\eclipse-jee-2026-06-R-win32-x86_64\eclipse\plugins\org.eclipse.m2e.maven.runtime_3.9.1600.20260522-0510\jars\plexus-interpolation-1.29.jar
2026-06-18 13:57:52,134 [Worker-17: Launching mavenrun-3def4ed4-6592-4859-a263-83b4329ab447] INFO  o.eclipse.m2e.core.internal.Bundles - 	Entry: C:\Users\CVR\Downloads\eclipse-jee-2026-06-R-win32-x86_64\eclipse\plugins\org.eclipse.m2e.maven.runtime_3.9.1600.20260522-0510\jars\plexus-sec-dispatcher-2.0.jar
2026-06-18 13:57:52,134 [Worker-17: Launching mavenrun-3def4ed4-6592-4859-a263-83b4329ab447] INFO  o.eclipse.m2e.core.internal.Bundles - 	Entry: C:\Users\CVR\Downloads\eclipse-jee-2026-06-R-win32-x86_64\eclipse\plugins\org.eclipse.m2e.maven.runtime_3.9.1600.20260522-0510\jars\plexus-utils-3.6.1.jar
2026-06-18 13:57:52,134 [Worker-17: Launching mavenrun-3def4ed4-6592-4859-a263-83b4329ab447] INFO  o.eclipse.m2e.core.internal.Bundles - 	Entry: C:\Users\CVR\Downloads\eclipse-jee-2026-06-R-win32-x86_64\eclipse\plugins\org.eclipse.m2e.maven.runtime_3.9.1600.20260522-0510\jars\wagon-file-3.5.3.jar
2026-06-18 13:57:52,134 [Worker-17: Launching mavenrun-3def4ed4-6592-4859-a263-83b4329ab447] INFO  o.eclipse.m2e.core.internal.Bundles - 	Entry: C:\Users\CVR\Downloads\eclipse-jee-2026-06-R-win32-x86_64\eclipse\plugins\org.eclipse.m2e.maven.runtime_3.9.1600.20260522-0510\jars\wagon-http-3.5.3.jar
2026-06-18 13:57:52,134 [Worker-17: Launching mavenrun-3def4ed4-6592-4859-a263-83b4329ab447] INFO  o.eclipse.m2e.core.internal.Bundles - 	Entry: C:\Users\CVR\Downloads\eclipse-jee-2026-06-R-win32-x86_64\eclipse\plugins\org.eclipse.m2e.maven.runtime_3.9.1600.20260522-0510\jars\wagon-http-shared-3.5.3.jar
2026-06-18 13:57:52,134 [Worker-17: Launching mavenrun-3def4ed4-6592-4859-a263-83b4329ab447] INFO  o.eclipse.m2e.core.internal.Bundles - 	Entry: C:\Users\CVR\Downloads\eclipse-jee-2026-06-R-win32-x86_64\eclipse\plugins\org.eclipse.m2e.maven.runtime_3.9.1600.20260522-0510\jars\wagon-provider-api-3.5.3.jar
2026-06-18 13:57:52,135 [Worker-17: Launching mavenrun-3def4ed4-6592-4859-a263-83b4329ab447] INFO  o.eclipse.m2e.core.internal.Bundles - getClasspathEntries(Bundle=com.google.guava_33.6.0.jre [18])
2026-06-18 13:57:52,135 [Worker-17: Launching mavenrun-3def4ed4-6592-4859-a263-83b4329ab447] INFO  o.eclipse.m2e.core.internal.Bundles - 	Entry: C:\Users\CVR\Downloads\eclipse-jee-2026-06-R-win32-x86_64\eclipse\plugins\com.google.guava_33.6.0.jre.jar
2026-06-18 13:57:52,136 [Worker-17: Launching mavenrun-3def4ed4-6592-4859-a263-83b4329ab447] INFO  o.eclipse.m2e.core.internal.Bundles - getClasspathEntries(Bundle=slf4j.api_2.0.18 [1017])
2026-06-18 13:57:52,136 [Worker-17: Launching mavenrun-3def4ed4-6592-4859-a263-83b4329ab447] INFO  o.eclipse.m2e.core.internal.Bundles - 	Entry: C:\Users\CVR\Downloads\eclipse-jee-2026-06-R-win32-x86_64\eclipse\plugins\slf4j.api_2.0.18.jar
2026-06-18 13:57:52,136 [Worker-17: Launching mavenrun-3def4ed4-6592-4859-a263-83b4329ab447] INFO  o.eclipse.m2e.core.internal.Bundles - getClasspathEntries(Bundle=jakarta.inject.jakarta.inject-api_1.0.5 [35])
2026-06-18 13:57:52,136 [Worker-17: Launching mavenrun-3def4ed4-6592-4859-a263-83b4329ab447] INFO  o.eclipse.m2e.core.internal.Bundles - 	Entry: C:\Users\CVR\Downloads\eclipse-jee-2026-06-R-win32-x86_64\eclipse\plugins\jakarta.inject.jakarta.inject-api_1.0.5.jar
2026-06-18 13:57:52,137 [Worker-17: Launching mavenrun-3def4ed4-6592-4859-a263-83b4329ab447] INFO  o.eclipse.m2e.core.internal.Bundles - getClasspathEntries(Bundle=jakarta.annotation-api_1.3.5 [31])
2026-06-18 13:57:52,137 [Worker-17: Launching mavenrun-3def4ed4-6592-4859-a263-83b4329ab447] INFO  o.eclipse.m2e.core.internal.Bundles - 	Entry: C:\Users\CVR\Downloads\eclipse-jee-2026-06-R-win32-x86_64\eclipse\plugins\jakarta.annotation-api_1.3.5.jar
2026-06-18 13:57:52,137 [Worker-17: Launching mavenrun-3def4ed4-6592-4859-a263-83b4329ab447] INFO  o.eclipse.m2e.core.internal.Bundles - getClasspathEntries(Bundle=org.apache.commons.cli_1.11.0 [83])
2026-06-18 13:57:52,137 [Worker-17: Launching mavenrun-3def4ed4-6592-4859-a263-83b4329ab447] INFO  o.eclipse.m2e.core.internal.Bundles - 	Entry: C:\Users\CVR\Downloads\eclipse-jee-2026-06-R-win32-x86_64\eclipse\plugins\org.apache.commons.cli_1.11.0.jar
2026-06-18 13:57:52,137 [Worker-17: Launching mavenrun-3def4ed4-6592-4859-a263-83b4329ab447] INFO  o.eclipse.m2e.core.internal.Bundles - getClasspathEntries(Bundle=org.apache.commons.commons-codec_1.22.0 [85])
2026-06-18 13:57:52,137 [Worker-17: Launching mavenrun-3def4ed4-6592-4859-a263-83b4329ab447] INFO  o.eclipse.m2e.core.internal.Bundles - 	Entry: C:\Users\CVR\Downloads\eclipse-jee-2026-06-R-win32-x86_64\eclipse\plugins\org.apache.commons.commons-codec_1.22.0.jar
2026-06-18 13:57:52,137 [Worker-17: Launching mavenrun-3def4ed4-6592-4859-a263-83b4329ab447] INFO  o.eclipse.m2e.core.internal.Bundles - getClasspathEntries(Bundle=com.google.guava.failureaccess_1.0.3 [19])
2026-06-18 13:57:52,137 [Worker-17: Launching mavenrun-3def4ed4-6592-4859-a263-83b4329ab447] INFO  o.eclipse.m2e.core.internal.Bundles - 	Entry: C:\Users\CVR\Downloads\eclipse-jee-2026-06-R-win32-x86_64\eclipse\plugins\com.google.guava.failureaccess_1.0.3.jar
2026-06-18 13:57:52,140 [Worker-17: Launching mavenrun-3def4ed4-6592-4859-a263-83b4329ab447] INFO  o.e.m.i.launch.MavenLaunchDelegate - Run build in "C:\Users\CVR\AppData\Local\Temp\m2e-archetypeGenerator11868192320991454920":
2026-06-18 13:57:52,142 [Worker-17: Launching mavenrun-3def4ed4-6592-4859-a263-83b4329ab447] INFO  o.e.m.i.launch.MavenLaunchDelegate -  mvn  -DarchetypeGroupId=org.apache.maven.archetypes -DarchetypeArtifactId=maven-archetype-quickstart -DarchetypeVersion=1.1 -DgroupId=com.example -DartifactId=helloworld -Dversion=0.0.1-SNAPSHOT -Dpackage=com.example.helloworld -DoutputDirectory=C:\Users\CVR\eclipse-workspace -Dstyle.color=always -U archetype:generate
2026-06-18 13:58:18,120 [Worker-15: Creating maven-archetype-quickstart] INFO  o.e.m.c.i.p.ProjectConfigurationManager - Collecting project info '/pom.xml' C:\Users\CVR\eclipse-workspace\helloworld\pom.xml
2026-06-18 13:58:18,309 [Worker-15: Creating maven-archetype-quickstart] INFO  o.e.m.c.i.e.AbstractTransferListenerAdapter - Downloading https://repo.maven.apache.org/maven2/org/apache/maven/plugins/maven-resources-plugin/3.4.0/maven-resources-plugin-3.4.0.jar
2026-06-18 13:58:18,316 [Worker-15: Creating maven-archetype-quickstart] INFO  o.e.m.c.i.e.AbstractTransferListenerAdapter - Downloaded https://repo.maven.apache.org/maven2/org/apache/maven/plugins/maven-resources-plugin/3.4.0/maven-resources-plugin-3.4.0.jar
2026-06-18 13:58:18,336 [Worker-15: Creating maven-archetype-quickstart] INFO  o.e.m.c.i.e.AbstractTransferListenerAdapter - Downloading https://repo.maven.apache.org/maven2/org/apache/maven/plugins/maven-compiler-plugin/3.15.0/maven-compiler-plugin-3.15.0.jar
2026-06-18 13:58:18,343 [Worker-15: Creating maven-archetype-quickstart] INFO  o.e.m.c.i.e.AbstractTransferListenerAdapter - Downloaded https://repo.maven.apache.org/maven2/org/apache/maven/plugins/maven-compiler-plugin/3.15.0/maven-compiler-plugin-3.15.0.jar
2026-06-18 13:58:18,362 [Worker-15: Creating maven-archetype-quickstart] INFO  o.e.m.c.i.e.AbstractTransferListenerAdapter - Downloading https://repo.maven.apache.org/maven2/org/apache/maven/plugins/maven-surefire-plugin/3.5.4/maven-surefire-plugin-3.5.4.jar
2026-06-18 13:58:18,367 [Worker-15: Creating maven-archetype-quickstart] INFO  o.e.m.c.i.e.AbstractTransferListenerAdapter - Downloaded https://repo.maven.apache.org/maven2/org/apache/maven/plugins/maven-surefire-plugin/3.5.4/maven-surefire-plugin-3.5.4.jar
2026-06-18 13:58:18,383 [Worker-15: Creating maven-archetype-quickstart] INFO  o.e.m.c.i.e.AbstractTransferListenerAdapter - Downloading https://repo.maven.apache.org/maven2/org/apache/maven/plugins/maven-jar-plugin/3.5.0/maven-jar-plugin-3.5.0.jar
2026-06-18 13:58:18,386 [Worker-15: Creating maven-archetype-quickstart] INFO  o.e.m.c.i.e.AbstractTransferListenerAdapter - Downloaded https://repo.maven.apache.org/maven2/org/apache/maven/plugins/maven-jar-plugin/3.5.0/maven-jar-plugin-3.5.0.jar
2026-06-18 13:58:18,414 [Worker-15: Creating maven-archetype-quickstart] INFO  o.e.m.c.i.e.AbstractTransferListenerAdapter - Downloading https://repo.maven.apache.org/maven2/org/apache/maven/plugins/maven-compiler-plugin/3.15.0/maven-compiler-plugin-3.15.0.pom
2026-06-18 13:58:18,417 [Worker-15: Creating maven-archetype-quickstart] INFO  o.e.m.c.i.e.AbstractTransferListenerAdapter - Downloaded https://repo.maven.apache.org/maven2/org/apache/maven/plugins/maven-compiler-plugin/3.15.0/maven-compiler-plugin-3.15.0.pom
2026-06-18 13:58:18,433 [Worker-15: Creating maven-archetype-quickstart] INFO  o.e.m.c.i.e.AbstractTransferListenerAdapter - Downloading https://repo.maven.apache.org/maven2/org/apache/maven/plugins/maven-plugins/47/maven-plugins-47.pom
2026-06-18 13:58:18,435 [Worker-15: Creating maven-archetype-quickstart] INFO  o.e.m.c.i.e.AbstractTransferListenerAdapter - Downloaded https://repo.maven.apache.org/maven2/org/apache/maven/plugins/maven-plugins/47/maven-plugins-47.pom
2026-06-18 13:58:18,455 [Worker-15: Creating maven-archetype-quickstart] INFO  o.e.m.c.i.e.AbstractTransferListenerAdapter - Downloading https://repo.maven.apache.org/maven2/org/apache/maven/maven-parent/47/maven-parent-47.pom
2026-06-18 13:58:18,460 [Worker-15: Creating maven-archetype-quickstart] INFO  o.e.m.c.i.e.AbstractTransferListenerAdapter - Downloaded https://repo.maven.apache.org/maven2/org/apache/maven/maven-parent/47/maven-parent-47.pom
2026-06-18 13:58:18,482 [Worker-15: Creating maven-archetype-quickstart] INFO  o.e.m.c.i.e.AbstractTransferListenerAdapter - Downloading https://repo.maven.apache.org/maven2/org/apache/apache/37/apache-37.pom
2026-06-18 13:58:18,485 [Worker-15: Creating maven-archetype-quickstart] INFO  o.e.m.c.i.e.AbstractTransferListenerAdapter - Downloaded https://repo.maven.apache.org/maven2/org/apache/apache/37/apache-37.pom
2026-06-18 13:58:18,504 [Worker-15: Creating maven-archetype-quickstart] INFO  o.e.m.c.i.e.AbstractTransferListenerAdapter - Downloading https://repo.maven.apache.org/maven2/org/junit/junit-bom/5.14.2/junit-bom-5.14.2.pom
2026-06-18 13:58:18,510 [Worker-15: Creating maven-archetype-quickstart] INFO  o.e.m.c.i.e.AbstractTransferListenerAdapter - Downloaded https://repo.maven.apache.org/maven2/org/junit/junit-bom/5.14.2/junit-bom-5.14.2.pom
2026-06-18 13:58:18,544 [Worker-15: Creating maven-archetype-quickstart] INFO  o.e.m.c.i.e.AbstractTransferListenerAdapter - Downloading https://repo.maven.apache.org/maven2/org/ow2/asm/asm/9.9.1/asm-9.9.1.pom
2026-06-18 13:58:18,548 [Worker-15: Creating maven-archetype-quickstart] INFO  o.e.m.c.i.e.AbstractTransferListenerAdapter - Downloaded https://repo.maven.apache.org/maven2/org/ow2/asm/asm/9.9.1/asm-9.9.1.pom
2026-06-18 13:58:18,564 [Worker-15: Creating maven-archetype-quickstart] INFO  o.e.m.c.i.e.AbstractTransferListenerAdapter - Downloading https://repo.maven.apache.org/maven2/org/ow2/ow2/1.5.1/ow2-1.5.1.pom
2026-06-18 13:58:18,566 [Worker-15: Creating maven-archetype-quickstart] INFO  o.e.m.c.i.e.AbstractTransferListenerAdapter - Downloaded https://repo.maven.apache.org/maven2/org/ow2/ow2/1.5.1/ow2-1.5.1.pom
2026-06-18 13:58:18,593 [Worker-15: Creating maven-archetype-quickstart] INFO  o.e.m.c.i.e.AbstractTransferListenerAdapter - Downloading https://repo.maven.apache.org/maven2/commons-io/commons-io/2.11.0/commons-io-2.11.0.pom
2026-06-18 13:58:18,595 [Worker-15: Creating maven-archetype-quickstart] INFO  o.e.m.c.i.e.AbstractTransferListenerAdapter - Downloaded https://repo.maven.apache.org/maven2/commons-io/commons-io/2.11.0/commons-io-2.11.0.pom
2026-06-18 13:58:18,617 [Worker-15: Creating maven-archetype-quickstart] INFO  o.e.m.c.i.e.AbstractTransferListenerAdapter - Downloading https://repo.maven.apache.org/maven2/org/apache/commons/commons-parent/52/commons-parent-52.pom
2026-06-18 13:58:18,633 [Worker-15: Creating maven-archetype-quickstart] INFO  o.e.m.c.i.e.AbstractTransferListenerAdapter - Downloaded https://repo.maven.apache.org/maven2/org/apache/commons/commons-parent/52/commons-parent-52.pom
2026-06-18 13:58:18,652 [Worker-15: Creating maven-archetype-quickstart] INFO  o.e.m.c.i.e.AbstractTransferListenerAdapter - Downloading https://repo.maven.apache.org/maven2/org/apache/apache/23/apache-23.pom
2026-06-18 13:58:18,656 [Worker-15: Creating maven-archetype-quickstart] INFO  o.e.m.c.i.e.AbstractTransferListenerAdapter - Downloaded https://repo.maven.apache.org/maven2/org/apache/apache/23/apache-23.pom
2026-06-18 13:58:18,674 [Worker-15: Creating maven-archetype-quickstart] INFO  o.e.m.c.i.e.AbstractTransferListenerAdapter - Downloading https://repo.maven.apache.org/maven2/org/junit/junit-bom/5.7.2/junit-bom-5.7.2.pom
2026-06-18 13:58:18,677 [Worker-15: Creating maven-archetype-quickstart] INFO  o.e.m.c.i.e.AbstractTransferListenerAdapter - Downloaded https://repo.maven.apache.org/maven2/org/junit/junit-bom/5.7.2/junit-bom-5.7.2.pom
2026-06-18 13:58:18,694 [Worker-15: Creating maven-archetype-quickstart] INFO  o.e.m.c.i.e.AbstractTransferListenerAdapter - Downloading https://repo.maven.apache.org/maven2/org/apache/maven/shared/maven-shared-incremental/1.1/maven-shared-incremental-1.1.pom
2026-06-18 13:58:18,700 [Worker-15: Creating maven-archetype-quickstart] INFO  o.e.m.c.i.e.AbstractTransferListenerAdapter - Downloaded https://repo.maven.apache.org/maven2/org/apache/maven/shared/maven-shared-incremental/1.1/maven-shared-incremental-1.1.pom
2026-06-18 13:58:18,719 [Worker-15: Creating maven-archetype-quickstart] INFO  o.e.m.c.i.e.AbstractTransferListenerAdapter - Downloading https://repo.maven.apache.org/maven2/org/apache/maven/shared/maven-shared-components/19/maven-shared-components-19.pom
2026-06-18 13:58:18,724 [Worker-15: Creating maven-archetype-quickstart] INFO  o.e.m.c.i.e.AbstractTransferListenerAdapter - Downloaded https://repo.maven.apache.org/maven2/org/apache/maven/shared/maven-shared-components/19/maven-shared-components-19.pom
2026-06-18 13:58:18,741 [Worker-15: Creating maven-archetype-quickstart] INFO  o.e.m.c.i.e.AbstractTransferListenerAdapter - Downloading https://repo.maven.apache.org/maven2/org/apache/maven/maven-parent/23/maven-parent-23.pom
2026-06-18 13:58:18,744 [Worker-15: Creating maven-archetype-quickstart] INFO  o.e.m.c.i.e.AbstractTransferListenerAdapter - Downloaded https://repo.maven.apache.org/maven2/org/apache/maven/maven-parent/23/maven-parent-23.pom
2026-06-18 13:58:18,760 [Worker-15: Creating maven-archetype-quickstart] INFO  o.e.m.c.i.e.AbstractTransferListenerAdapter - Downloading https://repo.maven.apache.org/maven2/org/apache/apache/13/apache-13.pom
2026-06-18 13:58:18,764 [Worker-15: Creating maven-archetype-quickstart] INFO  o.e.m.c.i.e.AbstractTransferListenerAdapter - Downloaded https://repo.maven.apache.org/maven2/org/apache/apache/13/apache-13.pom
2026-06-18 13:58:18,782 [Worker-15: Creating maven-archetype-quickstart] INFO  o.e.m.c.i.e.AbstractTransferListenerAdapter - Downloading https://repo.maven.apache.org/maven2/org/codehaus/plexus/plexus-java/1.5.2/plexus-java-1.5.2.pom
2026-06-18 13:58:18,784 [Worker-15: Creating maven-archetype-quickstart] INFO  o.e.m.c.i.e.AbstractTransferListenerAdapter - Downloaded https://repo.maven.apache.org/maven2/org/codehaus/plexus/plexus-java/1.5.2/plexus-java-1.5.2.pom
2026-06-18 13:58:18,799 [Worker-15: Creating maven-archetype-quickstart] INFO  o.e.m.c.i.e.AbstractTransferListenerAdapter - Downloading https://repo.maven.apache.org/maven2/org/codehaus/plexus/plexus-languages/1.5.2/plexus-languages-1.5.2.pom
2026-06-18 13:58:18,801 [Worker-15: Creating maven-archetype-quickstart] INFO  o.e.m.c.i.e.AbstractTransferListenerAdapter - Downloaded https://repo.maven.apache.org/maven2/org/codehaus/plexus/plexus-languages/1.5.2/plexus-languages-1.5.2.pom
2026-06-18 13:58:18,818 [Worker-15: Creating maven-archetype-quickstart] INFO  o.e.m.c.i.e.AbstractTransferListenerAdapter - Downloading https://repo.maven.apache.org/maven2/org/codehaus/plexus/plexus/24/plexus-24.pom
2026-06-18 13:58:18,836 [Worker-15: Creating maven-archetype-quickstart] INFO  o.e.m.c.i.e.AbstractTransferListenerAdapter - Downloaded https://repo.maven.apache.org/maven2/org/codehaus/plexus/plexus/24/plexus-24.pom
2026-06-18 13:58:18,859 [Worker-15: Creating maven-archetype-quickstart] INFO  o.e.m.c.i.e.AbstractTransferListenerAdapter - Downloading https://repo.maven.apache.org/maven2/com/thoughtworks/qdox/qdox/2.2.0/qdox-2.2.0.pom
2026-06-18 13:58:18,863 [Worker-15: Creating maven-archetype-quickstart] INFO  o.e.m.c.i.e.AbstractTransferListenerAdapter - Downloaded https://repo.maven.apache.org/maven2/com/thoughtworks/qdox/qdox/2.2.0/qdox-2.2.0.pom
2026-06-18 13:58:18,883 [Worker-15: Creating maven-archetype-quickstart] INFO  o.e.m.c.i.e.AbstractTransferListenerAdapter - Downloading https://repo.maven.apache.org/maven2/org/sonatype/oss/oss-parent/9/oss-parent-9.pom
2026-06-18 13:58:18,886 [Worker-15: Creating maven-archetype-quickstart] INFO  o.e.m.c.i.e.AbstractTransferListenerAdapter - Downloaded https://repo.maven.apache.org/maven2/org/sonatype/oss/oss-parent/9/oss-parent-9.pom
2026-06-18 13:58:18,903 [Worker-15: Creating maven-archetype-quickstart] INFO  o.e.m.c.i.e.AbstractTransferListenerAdapter - Downloading https://repo.maven.apache.org/maven2/org/codehaus/plexus/plexus-compiler-api/2.16.2/plexus-compiler-api-2.16.2.pom
2026-06-18 13:58:18,905 [Worker-15: Creating maven-archetype-quickstart] INFO  o.e.m.c.i.e.AbstractTransferListenerAdapter - Downloaded https://repo.maven.apache.org/maven2/org/codehaus/plexus/plexus-compiler-api/2.16.2/plexus-compiler-api-2.16.2.pom
2026-06-18 13:58:18,921 [Worker-15: Creating maven-archetype-quickstart] INFO  o.e.m.c.i.e.AbstractTransferListenerAdapter - Downloading https://repo.maven.apache.org/maven2/org/codehaus/plexus/plexus-compiler/2.16.2/plexus-compiler-2.16.2.pom
2026-06-18 13:58:18,924 [Worker-15: Creating maven-archetype-quickstart] INFO  o.e.m.c.i.e.AbstractTransferListenerAdapter - Downloaded https://repo.maven.apache.org/maven2/org/codehaus/plexus/plexus-compiler/2.16.2/plexus-compiler-2.16.2.pom
2026-06-18 13:58:18,940 [Worker-15: Creating maven-archetype-quickstart] INFO  o.e.m.c.i.e.AbstractTransferListenerAdapter - Downloading https://repo.maven.apache.org/maven2/org/codehaus/plexus/plexus/25/plexus-25.pom
2026-06-18 13:58:18,946 [Worker-15: Creating maven-archetype-quickstart] INFO  o.e.m.c.i.e.AbstractTransferListenerAdapter - Downloaded https://repo.maven.apache.org/maven2/org/codehaus/plexus/plexus/25/plexus-25.pom
2026-06-18 13:58:18,971 [Worker-15: Creating maven-archetype-quickstart] INFO  o.e.m.c.i.e.AbstractTransferListenerAdapter - Downloading https://repo.maven.apache.org/maven2/org/junit/junit-bom/5.14.1/junit-bom-5.14.1.pom
2026-06-18 13:58:18,974 [Worker-15: Creating maven-archetype-quickstart] INFO  o.e.m.c.i.e.AbstractTransferListenerAdapter - Downloaded https://repo.maven.apache.org/maven2/org/junit/junit-bom/5.14.1/junit-bom-5.14.1.pom
2026-06-18 13:58:18,991 [Worker-15: Creating maven-archetype-quickstart] INFO  o.e.m.c.i.e.AbstractTransferListenerAdapter - Downloading https://repo.maven.apache.org/maven2/org/codehaus/plexus/plexus-compiler-manager/2.16.2/plexus-compiler-manager-2.16.2.pom
2026-06-18 13:58:18,993 [Worker-15: Creating maven-archetype-quickstart] INFO  o.e.m.c.i.e.AbstractTransferListenerAdapter - Downloaded https://repo.maven.apache.org/maven2/org/codehaus/plexus/plexus-compiler-manager/2.16.2/plexus-compiler-manager-2.16.2.pom
2026-06-18 13:58:19,017 [Worker-15: Creating maven-archetype-quickstart] INFO  o.e.m.c.i.e.AbstractTransferListenerAdapter - Downloading https://repo.maven.apache.org/maven2/org/codehaus/plexus/plexus-compiler-javac/2.16.2/plexus-compiler-javac-2.16.2.pom
2026-06-18 13:58:19,020 [Worker-15: Creating maven-archetype-quickstart] INFO  o.e.m.c.i.e.AbstractTransferListenerAdapter - Downloaded https://repo.maven.apache.org/maven2/org/codehaus/plexus/plexus-compiler-javac/2.16.2/plexus-compiler-javac-2.16.2.pom
2026-06-18 13:58:19,035 [Worker-15: Creating maven-archetype-quickstart] INFO  o.e.m.c.i.e.AbstractTransferListenerAdapter - Downloading https://repo.maven.apache.org/maven2/org/codehaus/plexus/plexus-compilers/2.16.2/plexus-compilers-2.16.2.pom
2026-06-18 13:58:19,038 [Worker-15: Creating maven-archetype-quickstart] INFO  o.e.m.c.i.e.AbstractTransferListenerAdapter - Downloaded https://repo.maven.apache.org/maven2/org/codehaus/plexus/plexus-compilers/2.16.2/plexus-compilers-2.16.2.pom
2026-06-18 13:58:19,075 [Worker-15: Creating maven-archetype-quickstart] INFO  o.e.m.c.i.e.AbstractTransferListenerAdapter - Downloading https://repo.maven.apache.org/maven2/org/ow2/asm/asm/9.9.1/asm-9.9.1.jar
2026-06-18 13:58:19,082 [Worker-15: Creating maven-archetype-quickstart] INFO  o.e.m.c.i.e.AbstractTransferListenerAdapter - Downloaded https://repo.maven.apache.org/maven2/org/ow2/asm/asm/9.9.1/asm-9.9.1.jar
2026-06-18 13:58:19,095 [BasicRepositoryConnector-repo.maven.apache.org-0-3] INFO  o.e.m.c.i.e.AbstractTransferListenerAdapter - Downloading https://repo.maven.apache.org/maven2/com/thoughtworks/qdox/qdox/2.2.0/qdox-2.2.0.jar
2026-06-18 13:58:19,103 [BasicRepositoryConnector-repo.maven.apache.org-0-2] INFO  o.e.m.c.i.e.AbstractTransferListenerAdapter - Downloading https://repo.maven.apache.org/maven2/org/codehaus/plexus/plexus-java/1.5.2/plexus-java-1.5.2.jar
2026-06-18 13:58:19,104 [BasicRepositoryConnector-repo.maven.apache.org-0-1] INFO  o.e.m.c.i.e.AbstractTransferListenerAdapter - Downloading https://repo.maven.apache.org/maven2/org/apache/maven/shared/maven-shared-incremental/1.1/maven-shared-incremental-1.1.jar
2026-06-18 13:58:19,107 [BasicRepositoryConnector-repo.maven.apache.org-0-2] INFO  o.e.m.c.i.e.AbstractTransferListenerAdapter - Downloaded https://repo.maven.apache.org/maven2/org/codehaus/plexus/plexus-java/1.5.2/plexus-java-1.5.2.jar
2026-06-18 13:58:19,107 [BasicRepositoryConnector-repo.maven.apache.org-0-1] INFO  o.e.m.c.i.e.AbstractTransferListenerAdapter - Downloaded https://repo.maven.apache.org/maven2/org/apache/maven/shared/maven-shared-incremental/1.1/maven-shared-incremental-1.1.jar
2026-06-18 13:58:19,107 [BasicRepositoryConnector-repo.maven.apache.org-0-3] INFO  o.e.m.c.i.e.AbstractTransferListenerAdapter - Downloaded https://repo.maven.apache.org/maven2/com/thoughtworks/qdox/qdox/2.2.0/qdox-2.2.0.jar
2026-06-18 13:58:19,114 [BasicRepositoryConnector-repo.maven.apache.org-0-0] INFO  o.e.m.c.i.e.AbstractTransferListenerAdapter - Downloading https://repo.maven.apache.org/maven2/commons-io/commons-io/2.11.0/commons-io-2.11.0.jar
2026-06-18 13:58:19,115 [BasicRepositoryConnector-repo.maven.apache.org-0-4] INFO  o.e.m.c.i.e.AbstractTransferListenerAdapter - Downloading https://repo.maven.apache.org/maven2/org/codehaus/plexus/plexus-compiler-api/2.16.2/plexus-compiler-api-2.16.2.jar
2026-06-18 13:58:19,117 [BasicRepositoryConnector-repo.maven.apache.org-0-4] INFO  o.e.m.c.i.e.AbstractTransferListenerAdapter - Downloaded https://repo.maven.apache.org/maven2/org/codehaus/plexus/plexus-compiler-api/2.16.2/plexus-compiler-api-2.16.2.jar
2026-06-18 13:58:19,119 [BasicRepositoryConnector-repo.maven.apache.org-0-1] INFO  o.e.m.c.i.e.AbstractTransferListenerAdapter - Downloading https://repo.maven.apache.org/maven2/org/codehaus/plexus/plexus-compiler-javac/2.16.2/plexus-compiler-javac-2.16.2.jar
2026-06-18 13:58:19,119 [BasicRepositoryConnector-repo.maven.apache.org-0-2] INFO  o.e.m.c.i.e.AbstractTransferListenerAdapter - Downloading https://repo.maven.apache.org/maven2/org/codehaus/plexus/plexus-compiler-manager/2.16.2/plexus-compiler-manager-2.16.2.jar
2026-06-18 13:58:19,121 [BasicRepositoryConnector-repo.maven.apache.org-0-2] INFO  o.e.m.c.i.e.AbstractTransferListenerAdapter - Downloaded https://repo.maven.apache.org/maven2/org/codehaus/plexus/plexus-compiler-manager/2.16.2/plexus-compiler-manager-2.16.2.jar
2026-06-18 13:58:19,121 [BasicRepositoryConnector-repo.maven.apache.org-0-1] INFO  o.e.m.c.i.e.AbstractTransferListenerAdapter - Downloaded https://repo.maven.apache.org/maven2/org/codehaus/plexus/plexus-compiler-javac/2.16.2/plexus-compiler-javac-2.16.2.jar
2026-06-18 13:58:19,122 [BasicRepositoryConnector-repo.maven.apache.org-0-0] INFO  o.e.m.c.i.e.AbstractTransferListenerAdapter - Downloaded https://repo.maven.apache.org/maven2/commons-io/commons-io/2.11.0/commons-io-2.11.0.jar
2026-06-18 13:58:19,208 [Worker-15: Creating maven-archetype-quickstart] INFO  o.e.m.c.i.l.LifecycleMappingFactory - Using org.eclipse.m2e.jdt.JarLifecycleMapping lifecycle mapping for MavenProject: com.example:helloworld:0.0.1-SNAPSHOT @ C:\Users\CVR\eclipse-workspace\helloworld\pom.xml.
2026-06-18 13:58:19,224 [Worker-15: Creating maven-archetype-quickstart] INFO  o.e.m.c.i.e.AbstractTransferListenerAdapter - Downloading https://repo.maven.apache.org/maven2/junit/junit/3.8.1/junit-3.8.1.pom
2026-06-18 13:58:19,226 [Worker-15: Creating maven-archetype-quickstart] INFO  o.e.m.c.i.e.AbstractTransferListenerAdapter - Downloaded https://repo.maven.apache.org/maven2/junit/junit/3.8.1/junit-3.8.1.pom
2026-06-18 13:58:19,246 [Worker-15: Creating maven-archetype-quickstart] INFO  o.e.m.c.i.e.AbstractTransferListenerAdapter - Downloading https://repo.maven.apache.org/maven2/junit/junit/3.8.1/junit-3.8.1.jar
2026-06-18 13:58:19,250 [Worker-15: Creating maven-archetype-quickstart] INFO  o.e.m.c.i.e.AbstractTransferListenerAdapter - Downloaded https://repo.maven.apache.org/maven2/junit/junit/3.8.1/junit-3.8.1.jar
2026-06-18 13:58:19,315 [Worker-15: Creating maven-archetype-quickstart] INFO  o.e.m.c.i.e.AbstractTransferListenerAdapter - Downloading https://repo.maven.apache.org/maven2/org/apache/maven/plugins/maven-resources-plugin/3.4.0/maven-resources-plugin-3.4.0.pom
2026-06-18 13:58:19,317 [Worker-15: Creating maven-archetype-quickstart] INFO  o.e.m.c.i.e.AbstractTransferListenerAdapter - Downloaded https://repo.maven.apache.org/maven2/org/apache/maven/plugins/maven-resources-plugin/3.4.0/maven-resources-plugin-3.4.0.pom
2026-06-18 13:58:19,337 [Worker-15: Creating maven-archetype-quickstart] INFO  o.e.m.c.i.e.AbstractTransferListenerAdapter - Downloading https://repo.maven.apache.org/maven2/org/apache/maven/plugins/maven-plugins/45/maven-plugins-45.pom
2026-06-18 13:58:19,341 [Worker-15: Creating maven-archetype-quickstart] INFO  o.e.m.c.i.e.AbstractTransferListenerAdapter - Downloaded https://repo.maven.apache.org/maven2/org/apache/maven/plugins/maven-plugins/45/maven-plugins-45.pom
2026-06-18 13:58:19,374 [Worker-15: Creating maven-archetype-quickstart] INFO  o.e.m.c.i.e.AbstractTransferListenerAdapter - Downloading https://repo.maven.apache.org/maven2/org/apache/maven/plugins/maven-surefire-plugin/3.5.4/maven-surefire-plugin-3.5.4.pom
2026-06-18 13:58:19,376 [Worker-15: Creating maven-archetype-quickstart] INFO  o.e.m.c.i.e.AbstractTransferListenerAdapter - Downloaded https://repo.maven.apache.org/maven2/org/apache/maven/plugins/maven-surefire-plugin/3.5.4/maven-surefire-plugin-3.5.4.pom
2026-06-18 13:58:19,396 [Worker-15: Creating maven-archetype-quickstart] INFO  o.e.m.c.i.e.AbstractTransferListenerAdapter - Downloading https://repo.maven.apache.org/maven2/org/apache/maven/surefire/surefire/3.5.4/surefire-3.5.4.pom
2026-06-18 13:58:19,400 [Worker-15: Creating maven-archetype-quickstart] INFO  o.e.m.c.i.e.AbstractTransferListenerAdapter - Downloaded https://repo.maven.apache.org/maven2/org/apache/maven/surefire/surefire/3.5.4/surefire-3.5.4.pom
2026-06-18 13:58:19,422 [Worker-15: Creating maven-archetype-quickstart] INFO  o.e.m.c.i.e.AbstractTransferListenerAdapter - Downloading https://repo.maven.apache.org/maven2/org/apache/maven/maven-parent/44/maven-parent-44.pom
2026-06-18 13:58:19,427 [Worker-15: Creating maven-archetype-quickstart] INFO  o.e.m.c.i.e.AbstractTransferListenerAdapter - Downloaded https://repo.maven.apache.org/maven2/org/apache/maven/maven-parent/44/maven-parent-44.pom
2026-06-18 13:58:19,447 [Worker-15: Creating maven-archetype-quickstart] INFO  o.e.m.c.i.e.AbstractTransferListenerAdapter - Downloading https://repo.maven.apache.org/maven2/org/apache/apache/34/apache-34.pom
2026-06-18 13:58:19,451 [Worker-15: Creating maven-archetype-quickstart] INFO  o.e.m.c.i.e.AbstractTransferListenerAdapter - Downloaded https://repo.maven.apache.org/maven2/org/apache/apache/34/apache-34.pom
2026-06-18 13:58:19,470 [Worker-15: Creating maven-archetype-quickstart] INFO  o.e.m.c.i.e.AbstractTransferListenerAdapter - Downloading https://repo.maven.apache.org/maven2/org/junit/junit-bom/5.12.1/junit-bom-5.12.1.pom
2026-06-18 13:58:19,477 [Worker-15: Creating maven-archetype-quickstart] INFO  o.e.m.c.i.e.AbstractTransferListenerAdapter - Downloaded https://repo.maven.apache.org/maven2/org/junit/junit-bom/5.12.1/junit-bom-5.12.1.pom
2026-06-18 13:58:19,503 [Worker-15: Creating maven-archetype-quickstart] INFO  o.e.m.c.i.e.AbstractTransferListenerAdapter - Downloading https://repo.maven.apache.org/maven2/org/apache/maven/plugins/maven-jar-plugin/3.5.0/maven-jar-plugin-3.5.0.pom
2026-06-18 13:58:19,505 [Worker-15: Creating maven-archetype-quickstart] INFO  o.e.m.c.i.e.AbstractTransferListenerAdapter - Downloaded https://repo.maven.apache.org/maven2/org/apache/maven/plugins/maven-jar-plugin/3.5.0/maven-jar-plugin-3.5.0.pom
2026-06-18 13:58:19,536 [Worker-15: Creating maven-archetype-quickstart] INFO  o.e.m.c.i.e.AbstractTransferListenerAdapter - Downloading https://repo.maven.apache.org/maven2/org/apache/maven/shared/file-management/3.2.0/file-management-3.2.0.pom
2026-06-18 13:58:19,540 [Worker-15: Creating maven-archetype-quickstart] INFO  o.e.m.c.i.e.AbstractTransferListenerAdapter - Downloaded https://repo.maven.apache.org/maven2/org/apache/maven/shared/file-management/3.2.0/file-management-3.2.0.pom
2026-06-18 13:58:19,561 [Worker-15: Creating maven-archetype-quickstart] INFO  o.e.m.c.i.e.AbstractTransferListenerAdapter - Downloading https://repo.maven.apache.org/maven2/org/apache/maven/shared/maven-shared-components/44/maven-shared-components-44.pom
2026-06-18 13:58:19,566 [Worker-15: Creating maven-archetype-quickstart] INFO  o.e.m.c.i.e.AbstractTransferListenerAdapter - Downloaded https://repo.maven.apache.org/maven2/org/apache/maven/shared/maven-shared-components/44/maven-shared-components-44.pom
2026-06-18 13:58:19,587 [Worker-15: Creating maven-archetype-quickstart] INFO  o.e.m.c.i.e.AbstractTransferListenerAdapter - Downloading https://repo.maven.apache.org/maven2/commons-io/commons-io/2.19.0/commons-io-2.19.0.pom
2026-06-18 13:58:19,589 [Worker-15: Creating maven-archetype-quickstart] INFO  o.e.m.c.i.e.AbstractTransferListenerAdapter - Downloaded https://repo.maven.apache.org/maven2/commons-io/commons-io/2.19.0/commons-io-2.19.0.pom
2026-06-18 13:58:19,613 [Worker-15: Creating maven-archetype-quickstart] INFO  o.e.m.c.i.e.AbstractTransferListenerAdapter - Downloading https://repo.maven.apache.org/maven2/org/apache/commons/commons-parent/81/commons-parent-81.pom
2026-06-18 13:58:19,619 [Worker-15: Creating maven-archetype-quickstart] INFO  o.e.m.c.i.e.AbstractTransferListenerAdapter - Downloaded https://repo.maven.apache.org/maven2/org/apache/commons/commons-parent/81/commons-parent-81.pom
2026-06-18 13:58:19,645 [Worker-15: Creating maven-archetype-quickstart] INFO  o.e.m.c.i.e.AbstractTransferListenerAdapter - Downloading https://repo.maven.apache.org/maven2/org/apache/maven/maven-archiver/3.6.5/maven-archiver-3.6.5.pom
2026-06-18 13:58:19,647 [Worker-15: Creating maven-archetype-quickstart] INFO  o.e.m.c.i.e.AbstractTransferListenerAdapter - Downloaded https://repo.maven.apache.org/maven2/org/apache/maven/maven-archiver/3.6.5/maven-archiver-3.6.5.pom
2026-06-18 13:58:19,672 [Worker-15: Creating maven-archetype-quickstart] INFO  o.e.m.c.i.e.AbstractTransferListenerAdapter - Downloading https://repo.maven.apache.org/maven2/commons-io/commons-io/2.16.1/commons-io-2.16.1.pom
2026-06-18 13:58:19,675 [Worker-15: Creating maven-archetype-quickstart] INFO  o.e.m.c.i.e.AbstractTransferListenerAdapter - Downloaded https://repo.maven.apache.org/maven2/commons-io/commons-io/2.16.1/commons-io-2.16.1.pom
2026-06-18 13:58:19,709 [Worker-15: Creating maven-archetype-quickstart] INFO  o.e.m.c.i.e.AbstractTransferListenerAdapter - Downloading https://repo.maven.apache.org/maven2/org/apache/commons/commons-lang3/3.18.0/commons-lang3-3.18.0.pom
2026-06-18 13:58:19,711 [Worker-15: Creating maven-archetype-quickstart] INFO  o.e.m.c.i.e.AbstractTransferListenerAdapter - Downloaded https://repo.maven.apache.org/maven2/org/apache/commons/commons-lang3/3.18.0/commons-lang3-3.18.0.pom
2026-06-18 13:58:19,740 [Worker-15: Creating maven-archetype-quickstart] INFO  o.e.m.c.i.e.AbstractTransferListenerAdapter - Downloading https://repo.maven.apache.org/maven2/org/codehaus/plexus/plexus-archiver/4.10.4/plexus-archiver-4.10.4.pom
2026-06-18 13:58:19,743 [Worker-15: Creating maven-archetype-quickstart] INFO  o.e.m.c.i.e.AbstractTransferListenerAdapter - Downloaded https://repo.maven.apache.org/maven2/org/codehaus/plexus/plexus-archiver/4.10.4/plexus-archiver-4.10.4.pom
2026-06-18 13:58:19,761 [Worker-15: Creating maven-archetype-quickstart] INFO  o.e.m.c.i.e.AbstractTransferListenerAdapter - Downloading https://repo.maven.apache.org/maven2/org/codehaus/plexus/plexus-io/3.6.0/plexus-io-3.6.0.pom
2026-06-18 13:58:19,764 [Worker-15: Creating maven-archetype-quickstart] INFO  o.e.m.c.i.e.AbstractTransferListenerAdapter - Downloaded https://repo.maven.apache.org/maven2/org/codehaus/plexus/plexus-io/3.6.0/plexus-io-3.6.0.pom
2026-06-18 13:58:19,784 [Worker-15: Creating maven-archetype-quickstart] INFO  o.e.m.c.i.e.AbstractTransferListenerAdapter - Downloading https://repo.maven.apache.org/maven2/com/github/luben/zstd-jni/1.5.7-6/zstd-jni-1.5.7-6.pom
2026-06-18 13:58:19,787 [Worker-15: Creating maven-archetype-quickstart] INFO  o.e.m.c.i.e.AbstractTransferListenerAdapter - Downloaded https://repo.maven.apache.org/maven2/com/github/luben/zstd-jni/1.5.7-6/zstd-jni-1.5.7-6.pom
2026-06-18 13:58:19,806 [Worker-15: Creating maven-archetype-quickstart] INFO  o.e.m.c.i.e.AbstractTransferListenerAdapter - Downloading https://repo.maven.apache.org/maven2/commons-io/commons-io/2.21.0/commons-io-2.21.0.pom
2026-06-18 13:58:19,809 [Worker-15: Creating maven-archetype-quickstart] INFO  o.e.m.c.i.e.AbstractTransferListenerAdapter - Downloaded https://repo.maven.apache.org/maven2/commons-io/commons-io/2.21.0/commons-io-2.21.0.pom
2026-06-18 13:58:19,831 [Worker-15: Creating maven-archetype-quickstart] INFO  o.e.m.c.i.e.AbstractTransferListenerAdapter - Downloading https://repo.maven.apache.org/maven2/org/apache/commons/commons-parent/91/commons-parent-91.pom
2026-06-18 13:58:19,850 [Worker-15: Creating maven-archetype-quickstart] INFO  o.e.m.c.i.e.AbstractTransferListenerAdapter - Downloaded https://repo.maven.apache.org/maven2/org/apache/commons/commons-parent/91/commons-parent-91.pom
2026-06-18 13:58:19,878 [Worker-15: Creating maven-archetype-quickstart] INFO  o.e.m.c.i.e.AbstractTransferListenerAdapter - Downloading https://repo.maven.apache.org/maven2/org/apache/maven/shared/file-management/3.2.0/file-management-3.2.0.jar
2026-06-18 13:58:19,880 [Worker-15: Creating maven-archetype-quickstart] INFO  o.e.m.c.i.e.AbstractTransferListenerAdapter - Downloaded https://repo.maven.apache.org/maven2/org/apache/maven/shared/file-management/3.2.0/file-management-3.2.0.jar
2026-06-18 13:58:19,901 [BasicRepositoryConnector-repo.maven.apache.org-1-3] INFO  o.e.m.c.i.e.AbstractTransferListenerAdapter - Downloading https://repo.maven.apache.org/maven2/org/apache/commons/commons-lang3/3.18.0/commons-lang3-3.18.0.jar
2026-06-18 13:58:19,901 [BasicRepositoryConnector-repo.maven.apache.org-1-0] INFO  o.e.m.c.i.e.AbstractTransferListenerAdapter - Downloading https://repo.maven.apache.org/maven2/org/apache/maven/maven-archiver/3.6.5/maven-archiver-3.6.5.jar
2026-06-18 13:58:19,901 [BasicRepositoryConnector-repo.maven.apache.org-1-4] INFO  o.e.m.c.i.e.AbstractTransferListenerAdapter - Downloading https://repo.maven.apache.org/maven2/com/github/luben/zstd-jni/1.5.7-6/zstd-jni-1.5.7-6.jar
2026-06-18 13:58:19,903 [BasicRepositoryConnector-repo.maven.apache.org-1-2] INFO  o.e.m.c.i.e.AbstractTransferListenerAdapter - Downloading https://repo.maven.apache.org/maven2/org/codehaus/plexus/plexus-io/3.6.0/plexus-io-3.6.0.jar
2026-06-18 13:58:19,903 [BasicRepositoryConnector-repo.maven.apache.org-1-1] INFO  o.e.m.c.i.e.AbstractTransferListenerAdapter - Downloading https://repo.maven.apache.org/maven2/org/codehaus/plexus/plexus-archiver/4.10.4/plexus-archiver-4.10.4.jar
2026-06-18 13:58:19,904 [BasicRepositoryConnector-repo.maven.apache.org-1-0] INFO  o.e.m.c.i.e.AbstractTransferListenerAdapter - Downloaded https://repo.maven.apache.org/maven2/org/apache/maven/maven-archiver/3.6.5/maven-archiver-3.6.5.jar
2026-06-18 13:58:19,906 [BasicRepositoryConnector-repo.maven.apache.org-1-2] INFO  o.e.m.c.i.e.AbstractTransferListenerAdapter - Downloaded https://repo.maven.apache.org/maven2/org/codehaus/plexus/plexus-io/3.6.0/plexus-io-3.6.0.jar
2026-06-18 13:58:19,909 [BasicRepositoryConnector-repo.maven.apache.org-1-1] INFO  o.e.m.c.i.e.AbstractTransferListenerAdapter - Downloaded https://repo.maven.apache.org/maven2/org/codehaus/plexus/plexus-archiver/4.10.4/plexus-archiver-4.10.4.jar
2026-06-18 13:58:19,976 [BasicRepositoryConnector-repo.maven.apache.org-1-0] INFO  o.e.m.c.i.e.AbstractTransferListenerAdapter - Downloading https://repo.maven.apache.org/maven2/commons-io/commons-io/2.21.0/commons-io-2.21.0.jar
2026-06-18 13:58:20,410 [BasicRepositoryConnector-repo.maven.apache.org-1-3] INFO  o.e.m.c.i.e.AbstractTransferListenerAdapter - Downloaded https://repo.maven.apache.org/maven2/org/apache/commons/commons-lang3/3.18.0/commons-lang3-3.18.0.jar
2026-06-18 13:58:20,524 [BasicRepositoryConnector-repo.maven.apache.org-1-0] INFO  o.e.m.c.i.e.AbstractTransferListenerAdapter - Downloaded https://repo.maven.apache.org/maven2/commons-io/commons-io/2.21.0/commons-io-2.21.0.jar
2026-06-18 13:58:21,515 [BasicRepositoryConnector-repo.maven.apache.org-1-4] INFO  o.e.m.c.i.e.AbstractTransferListenerAdapter - Downloaded https://repo.maven.apache.org/maven2/com/github/luben/zstd-jni/1.5.7-6/zstd-jni-1.5.7-6.jar
2026-06-18 13:58:21,715 [Worker-15: Creating maven-archetype-quickstart] INFO  o.e.m.c.i.e.AbstractTransferListenerAdapter - Downloading https://repo.maven.apache.org/maven2/org/apache/maven/shared/maven-filtering/3.4.0/maven-filtering-3.4.0.pom
2026-06-18 13:58:21,717 [Worker-15: Creating maven-archetype-quickstart] INFO  o.e.m.c.i.e.AbstractTransferListenerAdapter - Downloaded https://repo.maven.apache.org/maven2/org/apache/maven/shared/maven-filtering/3.4.0/maven-filtering-3.4.0.pom
2026-06-18 13:58:21,733 [Worker-15: Creating maven-archetype-quickstart] INFO  o.e.m.c.i.e.AbstractTransferListenerAdapter - Downloading https://repo.maven.apache.org/maven2/org/apache/maven/shared/maven-shared-components/43/maven-shared-components-43.pom
2026-06-18 13:58:21,735 [Worker-15: Creating maven-archetype-quickstart] INFO  o.e.m.c.i.e.AbstractTransferListenerAdapter - Downloaded https://repo.maven.apache.org/maven2/org/apache/maven/shared/maven-shared-components/43/maven-shared-components-43.pom
2026-06-18 13:58:21,757 [Worker-15: Creating maven-archetype-quickstart] INFO  o.e.m.c.i.e.AbstractTransferListenerAdapter - Downloading https://repo.maven.apache.org/maven2/org/sonatype/plexus/plexus-build-api/0.0.7/plexus-build-api-0.0.7.pom
2026-06-18 13:58:21,760 [Worker-15: Creating maven-archetype-quickstart] INFO  o.e.m.c.i.e.AbstractTransferListenerAdapter - Downloaded https://repo.maven.apache.org/maven2/org/sonatype/plexus/plexus-build-api/0.0.7/plexus-build-api-0.0.7.pom
2026-06-18 13:58:21,777 [Worker-15: Creating maven-archetype-quickstart] INFO  o.e.m.c.i.e.AbstractTransferListenerAdapter - Downloading https://repo.maven.apache.org/maven2/org/sonatype/spice/spice-parent/15/spice-parent-15.pom
2026-06-18 13:58:21,779 [Worker-15: Creating maven-archetype-quickstart] INFO  o.e.m.c.i.e.AbstractTransferListenerAdapter - Downloaded https://repo.maven.apache.org/maven2/org/sonatype/spice/spice-parent/15/spice-parent-15.pom
2026-06-18 13:58:21,794 [Worker-15: Creating maven-archetype-quickstart] INFO  o.e.m.c.i.e.AbstractTransferListenerAdapter - Downloading https://repo.maven.apache.org/maven2/org/sonatype/forge/forge-parent/5/forge-parent-5.pom
2026-06-18 13:58:21,797 [Worker-15: Creating maven-archetype-quickstart] INFO  o.e.m.c.i.e.AbstractTransferListenerAdapter - Downloaded https://repo.maven.apache.org/maven2/org/sonatype/forge/forge-parent/5/forge-parent-5.pom
2026-06-18 13:58:21,814 [Worker-15: Creating maven-archetype-quickstart] INFO  o.e.m.c.i.e.AbstractTransferListenerAdapter - Downloading https://repo.maven.apache.org/maven2/org/codehaus/plexus/plexus-interpolation/1.27/plexus-interpolation-1.27.pom
2026-06-18 13:58:21,818 [Worker-15: Creating maven-archetype-quickstart] INFO  o.e.m.c.i.e.AbstractTransferListenerAdapter - Downloaded https://repo.maven.apache.org/maven2/org/codehaus/plexus/plexus-interpolation/1.27/plexus-interpolation-1.27.pom
2026-06-18 13:58:21,836 [Worker-15: Creating maven-archetype-quickstart] INFO  o.e.m.c.i.e.AbstractTransferListenerAdapter - Downloading https://repo.maven.apache.org/maven2/org/codehaus/plexus/plexus/16/plexus-16.pom
2026-06-18 13:58:21,842 [Worker-15: Creating maven-archetype-quickstart] INFO  o.e.m.c.i.e.AbstractTransferListenerAdapter - Downloaded https://repo.maven.apache.org/maven2/org/codehaus/plexus/plexus/16/plexus-16.pom
2026-06-18 13:58:21,859 [Worker-15: Creating maven-archetype-quickstart] INFO  o.e.m.c.i.e.AbstractTransferListenerAdapter - Downloading https://repo.maven.apache.org/maven2/org/junit/junit-bom/5.10.1/junit-bom-5.10.1.pom
2026-06-18 13:58:21,862 [Worker-15: Creating maven-archetype-quickstart] INFO  o.e.m.c.i.e.AbstractTransferListenerAdapter - Downloaded https://repo.maven.apache.org/maven2/org/junit/junit-bom/5.10.1/junit-bom-5.10.1.pom
2026-06-18 13:58:21,880 [Worker-15: Creating maven-archetype-quickstart] INFO  o.e.m.c.i.e.AbstractTransferListenerAdapter - Downloading https://repo.maven.apache.org/maven2/org/apache/commons/commons-lang3/3.16.0/commons-lang3-3.16.0.pom
2026-06-18 13:58:21,883 [Worker-15: Creating maven-archetype-quickstart] INFO  o.e.m.c.i.e.AbstractTransferListenerAdapter - Downloaded https://repo.maven.apache.org/maven2/org/apache/commons/commons-lang3/3.16.0/commons-lang3-3.16.0.pom
2026-06-18 13:58:21,904 [Worker-15: Creating maven-archetype-quickstart] INFO  o.e.m.c.i.e.AbstractTransferListenerAdapter - Downloading https://repo.maven.apache.org/maven2/org/apache/commons/commons-parent/72/commons-parent-72.pom
2026-06-18 13:58:21,909 [Worker-15: Creating maven-archetype-quickstart] INFO  o.e.m.c.i.e.AbstractTransferListenerAdapter - Downloaded https://repo.maven.apache.org/maven2/org/apache/commons/commons-parent/72/commons-parent-72.pom
2026-06-18 13:58:21,926 [Worker-15: Creating maven-archetype-quickstart] INFO  o.e.m.c.i.e.AbstractTransferListenerAdapter - Downloading https://repo.maven.apache.org/maven2/org/junit/junit-bom/5.11.0-M2/junit-bom-5.11.0-M2.pom
2026-06-18 13:58:21,929 [Worker-15: Creating maven-archetype-quickstart] INFO  o.e.m.c.i.e.AbstractTransferListenerAdapter - Downloaded https://repo.maven.apache.org/maven2/org/junit/junit-bom/5.11.0-M2/junit-bom-5.11.0-M2.pom
2026-06-18 13:58:21,945 [Worker-15: Creating maven-archetype-quickstart] INFO  o.e.m.c.i.e.AbstractTransferListenerAdapter - Downloading https://repo.maven.apache.org/maven2/org/apache/commons/commons-lang3/3.20.0/commons-lang3-3.20.0.pom
2026-06-18 13:58:21,947 [Worker-15: Creating maven-archetype-quickstart] INFO  o.e.m.c.i.e.AbstractTransferListenerAdapter - Downloaded https://repo.maven.apache.org/maven2/org/apache/commons/commons-lang3/3.20.0/commons-lang3-3.20.0.pom
2026-06-18 13:58:21,970 [Worker-15: Creating maven-archetype-quickstart] INFO  o.e.m.c.i.e.AbstractTransferListenerAdapter - Downloading https://repo.maven.apache.org/maven2/org/apache/commons/commons-parent/92/commons-parent-92.pom
2026-06-18 13:58:21,974 [Worker-15: Creating maven-archetype-quickstart] INFO  o.e.m.c.i.e.AbstractTransferListenerAdapter - Downloaded https://repo.maven.apache.org/maven2/org/apache/commons/commons-parent/92/commons-parent-92.pom
2026-06-18 13:58:21,995 [Worker-15: Creating maven-archetype-quickstart] INFO  o.e.m.c.i.e.AbstractTransferListenerAdapter - Downloading https://repo.maven.apache.org/maven2/org/apache/maven/shared/maven-filtering/3.4.0/maven-filtering-3.4.0.jar
2026-06-18 13:58:22,000 [Worker-15: Creating maven-archetype-quickstart] INFO  o.e.m.c.i.e.AbstractTransferListenerAdapter - Downloaded https://repo.maven.apache.org/maven2/org/apache/maven/shared/maven-filtering/3.4.0/maven-filtering-3.4.0.jar
2026-06-18 13:58:22,013 [BasicRepositoryConnector-repo.maven.apache.org-2-2] INFO  o.e.m.c.i.e.AbstractTransferListenerAdapter - Downloading https://repo.maven.apache.org/maven2/commons-io/commons-io/2.16.1/commons-io-2.16.1.jar
2026-06-18 13:58:22,014 [BasicRepositoryConnector-repo.maven.apache.org-2-3] INFO  o.e.m.c.i.e.AbstractTransferListenerAdapter - Downloading https://repo.maven.apache.org/maven2/org/apache/commons/commons-lang3/3.20.0/commons-lang3-3.20.0.jar
2026-06-18 13:58:22,014 [BasicRepositoryConnector-repo.maven.apache.org-2-0] INFO  o.e.m.c.i.e.AbstractTransferListenerAdapter - Downloading https://repo.maven.apache.org/maven2/org/sonatype/plexus/plexus-build-api/0.0.7/plexus-build-api-0.0.7.jar
2026-06-18 13:58:22,016 [BasicRepositoryConnector-repo.maven.apache.org-2-1] INFO  o.e.m.c.i.e.AbstractTransferListenerAdapter - Downloading https://repo.maven.apache.org/maven2/org/codehaus/plexus/plexus-interpolation/1.27/plexus-interpolation-1.27.jar
2026-06-18 13:58:22,016 [BasicRepositoryConnector-repo.maven.apache.org-2-0] INFO  o.e.m.c.i.e.AbstractTransferListenerAdapter - Downloaded https://repo.maven.apache.org/maven2/org/sonatype/plexus/plexus-build-api/0.0.7/plexus-build-api-0.0.7.jar
2026-06-18 13:58:22,019 [BasicRepositoryConnector-repo.maven.apache.org-2-1] INFO  o.e.m.c.i.e.AbstractTransferListenerAdapter - Downloaded https://repo.maven.apache.org/maven2/org/codehaus/plexus/plexus-interpolation/1.27/plexus-interpolation-1.27.jar
2026-06-18 13:58:22,022 [BasicRepositoryConnector-repo.maven.apache.org-2-2] INFO  o.e.m.c.i.e.AbstractTransferListenerAdapter - Downloaded https://repo.maven.apache.org/maven2/commons-io/commons-io/2.16.1/commons-io-2.16.1.jar
2026-06-18 13:58:22,067 [BasicRepositoryConnector-repo.maven.apache.org-2-3] INFO  o.e.m.c.i.e.AbstractTransferListenerAdapter - Downloaded https://repo.maven.apache.org/maven2/org/apache/commons/commons-lang3/3.20.0/commons-lang3-3.20.0.jar
2026-06-18 13:58:22,099 [Worker-15: Creating maven-archetype-quickstart] INFO  o.e.m.j.i.AbstractJavaProjectConfigurator - Adding source folder /helloworld/src/main/java
2026-06-18 13:58:22,100 [Worker-15: Creating maven-archetype-quickstart] INFO  o.e.m.j.i.AbstractJavaProjectConfigurator - Adding resource folder /helloworld/src/main/resources
2026-06-18 13:58:22,103 [Worker-15: Creating maven-archetype-quickstart] INFO  o.e.m.j.i.AbstractJavaProjectConfigurator - Adding source folder /helloworld/src/test/java
2026-06-18 13:58:22,103 [Worker-15: Creating maven-archetype-quickstart] INFO  o.e.m.j.i.AbstractJavaProjectConfigurator - Adding resource folder /helloworld/src/test/resources
2026-06-18 13:58:22,170 [Worker-15: Creating maven-archetype-quickstart] WARN  o.apache.maven.project.MavenProject - Plugin is modifying compileSourceRoots through clear(), which will not work in Maven 4.0.0. Use MavenProject.addCompileSourceRoot()/removeCompileSourceRoot() methods instead. If using a plugin, please upgrade to the latest version or report the issue to the plugin maintainer. To disable these warnings, set -Dmaven.project.sourceRoots.warningsDisabled=true on the command line, in the .mvn/maven.config file, or in project POM properties.
2026-06-18 13:58:22,170 [Worker-15: Creating maven-archetype-quickstart] WARN  o.apache.maven.project.MavenProject - Plugin is modifying compileSourceRoots through add(), which will not work in Maven 4.0.0. Use MavenProject.addCompileSourceRoot()/removeCompileSourceRoot() methods instead. If using a plugin, please upgrade to the latest version or report the issue to the plugin maintainer. To disable these warnings, set -Dmaven.project.sourceRoots.warningsDisabled=true on the command line, in the .mvn/maven.config file, or in project POM properties.
2026-06-18 13:58:22,171 [Worker-15: Creating maven-archetype-quickstart] WARN  o.apache.maven.project.MavenProject - Plugin is modifying testCompileSourceRoots through clear(), which will not work in Maven 4.0.0. Use MavenProject.addTestCompileSourceRoot()/removeTestCompileSourceRoot() methods instead. If using a plugin, please upgrade to the latest version or report the issue to the plugin maintainer. To disable these warnings, set -Dmaven.project.sourceRoots.warningsDisabled=true on the command line, in the .mvn/maven.config file, or in project POM properties.
2026-06-18 13:58:22,171 [Worker-15: Creating maven-archetype-quickstart] WARN  o.apache.maven.project.MavenProject - Plugin is modifying testCompileSourceRoots through add(), which will not work in Maven 4.0.0. Use MavenProject.addTestCompileSourceRoot()/removeTestCompileSourceRoot() methods instead. If using a plugin, please upgrade to the latest version or report the issue to the plugin maintainer. To disable these warnings, set -Dmaven.project.sourceRoots.warningsDisabled=true on the command line, in the .mvn/maven.config file, or in project POM properties.
2026-06-18 13:58:22,185 [Worker-15: Creating maven-archetype-quickstart] INFO  o.e.m.c.i.p.ProjectConfigurationManager - Imported and configured 1 project(s) in 4 sec
2026-06-18 13:58:22,603 [Worker-30: Building] INFO  o.a.m.s.f.DefaultMavenResourcesFiltering - skip non existing resourceDirectory C:\Users\CVR\eclipse-workspace\helloworld\src\main\resources
2026-06-18 13:58:22,605 [Worker-30: Building] INFO  o.a.m.s.f.DefaultMavenResourcesFiltering - skip non existing resourceDirectory C:\Users\CVR\eclipse-workspace\helloworld\src\test\resources
2026-06-18 13:58:22,679 [Worker-7: Download sources and javadoc] INFO  o.e.m.c.i.e.AbstractTransferListenerAdapter - Downloading https://repo.maven.apache.org/maven2/junit/junit/3.8.1/junit-3.8.1-sources.jar
2026-06-18 13:58:22,683 [Worker-7: Download sources and javadoc] INFO  o.e.m.c.i.e.AbstractTransferListenerAdapter - Downloaded https://repo.maven.apache.org/maven2/junit/junit/3.8.1/junit-3.8.1-sources.jar
2026-06-18 13:58:22,685 [Worker-7: Download sources and javadoc] INFO  o.e.m.j.internal.DownloadSourcesJob - Downloaded sources for junit:junit:3.8.1
2026-06-18 13:58:22,896 [Worker-30: Building] WARN  o.apache.maven.project.MavenProject - Plugin is modifying compileSourceRoots through clear(), which will not work in Maven 4.0.0. Use MavenProject.addCompileSourceRoot()/removeCompileSourceRoot() methods instead. If using a plugin, please upgrade to the latest version or report the issue to the plugin maintainer. To disable these warnings, set -Dmaven.project.sourceRoots.warningsDisabled=true on the command line, in the .mvn/maven.config file, or in project POM properties.
2026-06-18 13:58:22,897 [Worker-30: Building] WARN  o.apache.maven.project.MavenProject - Plugin is modifying compileSourceRoots through add(), which will not work in Maven 4.0.0. Use MavenProject.addCompileSourceRoot()/removeCompileSourceRoot() methods instead. If using a plugin, please upgrade to the latest version or report the issue to the plugin maintainer. To disable these warnings, set -Dmaven.project.sourceRoots.warningsDisabled=true on the command line, in the .mvn/maven.config file, or in project POM properties.
2026-06-18 13:58:22,897 [Worker-30: Building] WARN  o.apache.maven.project.MavenProject - Plugin is modifying testCompileSourceRoots through clear(), which will not work in Maven 4.0.0. Use MavenProject.addTestCompileSourceRoot()/removeTestCompileSourceRoot() methods instead. If using a plugin, please upgrade to the latest version or report the issue to the plugin maintainer. To disable these warnings, set -Dmaven.project.sourceRoots.warningsDisabled=true on the command line, in the .mvn/maven.config file, or in project POM properties.
2026-06-18 13:58:22,898 [Worker-30: Building] WARN  o.apache.maven.project.MavenProject - Plugin is modifying testCompileSourceRoots through add(), which will not work in Maven 4.0.0. Use MavenProject.addTestCompileSourceRoot()/removeTestCompileSourceRoot() methods instead. If using a plugin, please upgrade to the latest version or report the issue to the plugin maintainer. To disable these warnings, set -Dmaven.project.sourceRoots.warningsDisabled=true on the command line, in the .mvn/maven.config file, or in project POM properties.
2026-06-18 14:08:57,437 [Worker-40: Launching mavenrun-c6a20cd9-07e9-4637-839b-36913471a959] INFO  o.eclipse.m2e.core.internal.Bundles - getClasspathEntries(Bundle=org.eclipse.m2e.maven.runtime_3.9.1600.20260522-0510 [649])
2026-06-18 14:08:57,437 [Worker-40: Launching mavenrun-c6a20cd9-07e9-4637-839b-36913471a959] INFO  o.eclipse.m2e.core.internal.Bundles - 	Entry: C:\Users\CVR\Downloads\eclipse-jee-2026-06-R-win32-x86_64\eclipse\plugins\org.eclipse.m2e.maven.runtime_3.9.1600.20260522-0510
2026-06-18 14:08:57,437 [Worker-40: Launching mavenrun-c6a20cd9-07e9-4637-839b-36913471a959] INFO  o.eclipse.m2e.core.internal.Bundles - 	Entry: C:\Users\CVR\Downloads\eclipse-jee-2026-06-R-win32-x86_64\eclipse\plugins\org.eclipse.m2e.maven.runtime_3.9.1600.20260522-0510\jars\aopalliance-1.0.jar
2026-06-18 14:08:57,437 [Worker-40: Launching mavenrun-c6a20cd9-07e9-4637-839b-36913471a959] INFO  o.eclipse.m2e.core.internal.Bundles - 	Entry: C:\Users\CVR\Downloads\eclipse-jee-2026-06-R-win32-x86_64\eclipse\plugins\org.eclipse.m2e.maven.runtime_3.9.1600.20260522-0510\jars\asm-9.9.1.jar
2026-06-18 14:08:57,437 [Worker-40: Launching mavenrun-c6a20cd9-07e9-4637-839b-36913471a959] INFO  o.eclipse.m2e.core.internal.Bundles - 	Entry: C:\Users\CVR\Downloads\eclipse-jee-2026-06-R-win32-x86_64\eclipse\plugins\org.eclipse.m2e.maven.runtime_3.9.1600.20260522-0510\jars\error_prone_annotations-2.41.0.jar
2026-06-18 14:08:57,437 [Worker-40: Launching mavenrun-c6a20cd9-07e9-4637-839b-36913471a959] INFO  o.eclipse.m2e.core.internal.Bundles - 	Entry: C:\Users\CVR\Downloads\eclipse-jee-2026-06-R-win32-x86_64\eclipse\plugins\org.eclipse.m2e.maven.runtime_3.9.1600.20260522-0510\jars\gson-2.13.2.jar
2026-06-18 14:08:57,437 [Worker-40: Launching mavenrun-c6a20cd9-07e9-4637-839b-36913471a959] INFO  o.eclipse.m2e.core.internal.Bundles - 	Entry: C:\Users\CVR\Downloads\eclipse-jee-2026-06-R-win32-x86_64\eclipse\plugins\org.eclipse.m2e.maven.runtime_3.9.1600.20260522-0510\jars\guice-5.1.0-classes.jar
2026-06-18 14:08:57,438 [Worker-40: Launching mavenrun-c6a20cd9-07e9-4637-839b-36913471a959] INFO  o.eclipse.m2e.core.internal.Bundles - 	Entry: C:\Users\CVR\Downloads\eclipse-jee-2026-06-R-win32-x86_64\eclipse\plugins\org.eclipse.m2e.maven.runtime_3.9.1600.20260522-0510\jars\httpclient-4.5.14.jar
2026-06-18 14:08:57,438 [Worker-40: Launching mavenrun-c6a20cd9-07e9-4637-839b-36913471a959] INFO  o.eclipse.m2e.core.internal.Bundles - 	Entry: C:\Users\CVR\Downloads\eclipse-jee-2026-06-R-win32-x86_64\eclipse\plugins\org.eclipse.m2e.maven.runtime_3.9.1600.20260522-0510\jars\httpcore-4.4.16.jar
2026-06-18 14:08:57,438 [Worker-40: Launching mavenrun-c6a20cd9-07e9-4637-839b-36913471a959] INFO  o.eclipse.m2e.core.internal.Bundles - 	Entry: C:\Users\CVR\Downloads\eclipse-jee-2026-06-R-win32-x86_64\eclipse\plugins\org.eclipse.m2e.maven.runtime_3.9.1600.20260522-0510\jars\jansi-2.4.3.jar
2026-06-18 14:08:57,438 [Worker-40: Launching mavenrun-c6a20cd9-07e9-4637-839b-36913471a959] INFO  o.eclipse.m2e.core.internal.Bundles - 	Entry: C:\Users\CVR\Downloads\eclipse-jee-2026-06-R-win32-x86_64\eclipse\plugins\org.eclipse.m2e.maven.runtime_3.9.1600.20260522-0510\jars\jcl-over-slf4j-1.7.36.jar
2026-06-18 14:08:57,438 [Worker-40: Launching mavenrun-c6a20cd9-07e9-4637-839b-36913471a959] INFO  o.eclipse.m2e.core.internal.Bundles - 	Entry: C:\Users\CVR\Downloads\eclipse-jee-2026-06-R-win32-x86_64\eclipse\plugins\org.eclipse.m2e.maven.runtime_3.9.1600.20260522-0510\jars\maven-artifact-3.9.16.jar
2026-06-18 14:08:57,438 [Worker-40: Launching mavenrun-c6a20cd9-07e9-4637-839b-36913471a959] INFO  o.eclipse.m2e.core.internal.Bundles - 	Entry: C:\Users\CVR\Downloads\eclipse-jee-2026-06-R-win32-x86_64\eclipse\plugins\org.eclipse.m2e.maven.runtime_3.9.1600.20260522-0510\jars\maven-builder-support-3.9.16.jar
2026-06-18 14:08:57,438 [Worker-40: Launching mavenrun-c6a20cd9-07e9-4637-839b-36913471a959] INFO  o.eclipse.m2e.core.internal.Bundles - 	Entry: C:\Users\CVR\Downloads\eclipse-jee-2026-06-R-win32-x86_64\eclipse\plugins\org.eclipse.m2e.maven.runtime_3.9.1600.20260522-0510\jars\maven-compat-3.9.16.jar
2026-06-18 14:08:57,438 [Worker-40: Launching mavenrun-c6a20cd9-07e9-4637-839b-36913471a959] INFO  o.eclipse.m2e.core.internal.Bundles - 	Entry: C:\Users\CVR\Downloads\eclipse-jee-2026-06-R-win32-x86_64\eclipse\plugins\org.eclipse.m2e.maven.runtime_3.9.1600.20260522-0510\jars\maven-core-3.9.16.jar
2026-06-18 14:08:57,438 [Worker-40: Launching mavenrun-c6a20cd9-07e9-4637-839b-36913471a959] INFO  o.eclipse.m2e.core.internal.Bundles - 	Entry: C:\Users\CVR\Downloads\eclipse-jee-2026-06-R-win32-x86_64\eclipse\plugins\org.eclipse.m2e.maven.runtime_3.9.1600.20260522-0510\jars\maven-embedder-3.9.16.jar
2026-06-18 14:08:57,438 [Worker-40: Launching mavenrun-c6a20cd9-07e9-4637-839b-36913471a959] INFO  o.eclipse.m2e.core.internal.Bundles - 	Entry: C:\Users\CVR\Downloads\eclipse-jee-2026-06-R-win32-x86_64\eclipse\plugins\org.eclipse.m2e.maven.runtime_3.9.1600.20260522-0510\jars\maven-model-3.9.16.jar
2026-06-18 14:08:57,438 [Worker-40: Launching mavenrun-c6a20cd9-07e9-4637-839b-36913471a959] INFO  o.eclipse.m2e.core.internal.Bundles - 	Entry: C:\Users\CVR\Downloads\eclipse-jee-2026-06-R-win32-x86_64\eclipse\plugins\org.eclipse.m2e.maven.runtime_3.9.1600.20260522-0510\jars\maven-model-builder-3.9.16.jar
2026-06-18 14:08:57,438 [Worker-40: Launching mavenrun-c6a20cd9-07e9-4637-839b-36913471a959] INFO  o.eclipse.m2e.core.internal.Bundles - 	Entry: C:\Users\CVR\Downloads\eclipse-jee-2026-06-R-win32-x86_64\eclipse\plugins\org.eclipse.m2e.maven.runtime_3.9.1600.20260522-0510\jars\maven-plugin-api-3.9.16.jar
2026-06-18 14:08:57,438 [Worker-40: Launching mavenrun-c6a20cd9-07e9-4637-839b-36913471a959] INFO  o.eclipse.m2e.core.internal.Bundles - 	Entry: C:\Users\CVR\Downloads\eclipse-jee-2026-06-R-win32-x86_64\eclipse\plugins\org.eclipse.m2e.maven.runtime_3.9.1600.20260522-0510\jars\maven-repository-metadata-3.9.16.jar
2026-06-18 14:08:57,438 [Worker-40: Launching mavenrun-c6a20cd9-07e9-4637-839b-36913471a959] INFO  o.eclipse.m2e.core.internal.Bundles - 	Entry: C:\Users\CVR\Downloads\eclipse-jee-2026-06-R-win32-x86_64\eclipse\plugins\org.eclipse.m2e.maven.runtime_3.9.1600.20260522-0510\jars\maven-resolver-api-1.9.27.jar
2026-06-18 14:08:57,438 [Worker-40: Launching mavenrun-c6a20cd9-07e9-4637-839b-36913471a959] INFO  o.eclipse.m2e.core.internal.Bundles - 	Entry: C:\Users\CVR\Downloads\eclipse-jee-2026-06-R-win32-x86_64\eclipse\plugins\org.eclipse.m2e.maven.runtime_3.9.1600.20260522-0510\jars\maven-resolver-connector-basic-1.9.27.jar
2026-06-18 14:08:57,438 [Worker-40: Launching mavenrun-c6a20cd9-07e9-4637-839b-36913471a959] INFO  o.eclipse.m2e.core.internal.Bundles - 	Entry: C:\Users\CVR\Downloads\eclipse-jee-2026-06-R-win32-x86_64\eclipse\plugins\org.eclipse.m2e.maven.runtime_3.9.1600.20260522-0510\jars\maven-resolver-impl-1.9.27.jar
2026-06-18 14:08:57,438 [Worker-40: Launching mavenrun-c6a20cd9-07e9-4637-839b-36913471a959] INFO  o.eclipse.m2e.core.internal.Bundles - 	Entry: C:\Users\CVR\Downloads\eclipse-jee-2026-06-R-win32-x86_64\eclipse\plugins\org.eclipse.m2e.maven.runtime_3.9.1600.20260522-0510\jars\maven-resolver-named-locks-1.9.27.jar
2026-06-18 14:08:57,438 [Worker-40: Launching mavenrun-c6a20cd9-07e9-4637-839b-36913471a959] INFO  o.eclipse.m2e.core.internal.Bundles - 	Entry: C:\Users\CVR\Downloads\eclipse-jee-2026-06-R-win32-x86_64\eclipse\plugins\org.eclipse.m2e.maven.runtime_3.9.1600.20260522-0510\jars\maven-resolver-provider-3.9.16.jar
2026-06-18 14:08:57,438 [Worker-40: Launching mavenrun-c6a20cd9-07e9-4637-839b-36913471a959] INFO  o.eclipse.m2e.core.internal.Bundles - 	Entry: C:\Users\CVR\Downloads\eclipse-jee-2026-06-R-win32-x86_64\eclipse\plugins\org.eclipse.m2e.maven.runtime_3.9.1600.20260522-0510\jars\maven-resolver-spi-1.9.27.jar
2026-06-18 14:08:57,438 [Worker-40: Launching mavenrun-c6a20cd9-07e9-4637-839b-36913471a959] INFO  o.eclipse.m2e.core.internal.Bundles - 	Entry: C:\Users\CVR\Downloads\eclipse-jee-2026-06-R-win32-x86_64\eclipse\plugins\org.eclipse.m2e.maven.runtime_3.9.1600.20260522-0510\jars\maven-resolver-transport-file-1.9.27.jar
2026-06-18 14:08:57,438 [Worker-40: Launching mavenrun-c6a20cd9-07e9-4637-839b-36913471a959] INFO  o.eclipse.m2e.core.internal.Bundles - 	Entry: C:\Users\CVR\Downloads\eclipse-jee-2026-06-R-win32-x86_64\eclipse\plugins\org.eclipse.m2e.maven.runtime_3.9.1600.20260522-0510\jars\maven-resolver-transport-http-1.9.27.jar
2026-06-18 14:08:57,438 [Worker-40: Launching mavenrun-c6a20cd9-07e9-4637-839b-36913471a959] INFO  o.eclipse.m2e.core.internal.Bundles - 	Entry: C:\Users\CVR\Downloads\eclipse-jee-2026-06-R-win32-x86_64\eclipse\plugins\org.eclipse.m2e.maven.runtime_3.9.1600.20260522-0510\jars\maven-resolver-transport-wagon-1.9.27.jar
2026-06-18 14:08:57,438 [Worker-40: Launching mavenrun-c6a20cd9-07e9-4637-839b-36913471a959] INFO  o.eclipse.m2e.core.internal.Bundles - 	Entry: C:\Users\CVR\Downloads\eclipse-jee-2026-06-R-win32-x86_64\eclipse\plugins\org.eclipse.m2e.maven.runtime_3.9.1600.20260522-0510\jars\maven-resolver-util-1.9.27.jar
2026-06-18 14:08:57,439 [Worker-40: Launching mavenrun-c6a20cd9-07e9-4637-839b-36913471a959] INFO  o.eclipse.m2e.core.internal.Bundles - 	Entry: C:\Users\CVR\Downloads\eclipse-jee-2026-06-R-win32-x86_64\eclipse\plugins\org.eclipse.m2e.maven.runtime_3.9.1600.20260522-0510\jars\maven-settings-3.9.16.jar
2026-06-18 14:08:57,439 [Worker-40: Launching mavenrun-c6a20cd9-07e9-4637-839b-36913471a959] INFO  o.eclipse.m2e.core.internal.Bundles - 	Entry: C:\Users\CVR\Downloads\eclipse-jee-2026-06-R-win32-x86_64\eclipse\plugins\org.eclipse.m2e.maven.runtime_3.9.1600.20260522-0510\jars\maven-settings-builder-3.9.16.jar
2026-06-18 14:08:57,439 [Worker-40: Launching mavenrun-c6a20cd9-07e9-4637-839b-36913471a959] INFO  o.eclipse.m2e.core.internal.Bundles - 	Entry: C:\Users\CVR\Downloads\eclipse-jee-2026-06-R-win32-x86_64\eclipse\plugins\org.eclipse.m2e.maven.runtime_3.9.1600.20260522-0510\jars\maven-shared-utils-3.4.2.jar
2026-06-18 14:08:57,439 [Worker-40: Launching mavenrun-c6a20cd9-07e9-4637-839b-36913471a959] INFO  o.eclipse.m2e.core.internal.Bundles - 	Entry: C:\Users\CVR\Downloads\eclipse-jee-2026-06-R-win32-x86_64\eclipse\plugins\org.eclipse.m2e.maven.runtime_3.9.1600.20260522-0510\jars\org.eclipse.sisu.inject-1.0.0.jar
2026-06-18 14:08:57,439 [Worker-40: Launching mavenrun-c6a20cd9-07e9-4637-839b-36913471a959] INFO  o.eclipse.m2e.core.internal.Bundles - 	Entry: C:\Users\CVR\Downloads\eclipse-jee-2026-06-R-win32-x86_64\eclipse\plugins\org.eclipse.m2e.maven.runtime_3.9.1600.20260522-0510\jars\org.eclipse.sisu.plexus-1.0.0.jar
2026-06-18 14:08:57,439 [Worker-40: Launching mavenrun-c6a20cd9-07e9-4637-839b-36913471a959] INFO  o.eclipse.m2e.core.internal.Bundles - 	Entry: C:\Users\CVR\Downloads\eclipse-jee-2026-06-R-win32-x86_64\eclipse\plugins\org.eclipse.m2e.maven.runtime_3.9.1600.20260522-0510\jars\plexus-build-api-0.0.7.jar
2026-06-18 14:08:57,439 [Worker-40: Launching mavenrun-c6a20cd9-07e9-4637-839b-36913471a959] INFO  o.eclipse.m2e.core.internal.Bundles - 	Entry: C:\Users\CVR\Downloads\eclipse-jee-2026-06-R-win32-x86_64\eclipse\plugins\org.eclipse.m2e.maven.runtime_3.9.1600.20260522-0510\jars\plexus-build-api-1.2.0.jar
2026-06-18 14:08:57,439 [Worker-40: Launching mavenrun-c6a20cd9-07e9-4637-839b-36913471a959] INFO  o.eclipse.m2e.core.internal.Bundles - 	Entry: C:\Users\CVR\Downloads\eclipse-jee-2026-06-R-win32-x86_64\eclipse\plugins\org.eclipse.m2e.maven.runtime_3.9.1600.20260522-0510\jars\plexus-cipher-2.0.jar
2026-06-18 14:08:57,439 [Worker-40: Launching mavenrun-c6a20cd9-07e9-4637-839b-36913471a959] INFO  o.eclipse.m2e.core.internal.Bundles - 	Entry: C:\Users\CVR\Downloads\eclipse-jee-2026-06-R-win32-x86_64\eclipse\plugins\org.eclipse.m2e.maven.runtime_3.9.1600.20260522-0510\jars\plexus-classworlds-2.11.0.jar
2026-06-18 14:08:57,439 [Worker-40: Launching mavenrun-c6a20cd9-07e9-4637-839b-36913471a959] INFO  o.eclipse.m2e.core.internal.Bundles - 	Entry: C:\Users\CVR\Downloads\eclipse-jee-2026-06-R-win32-x86_64\eclipse\plugins\org.eclipse.m2e.maven.runtime_3.9.1600.20260522-0510\jars\plexus-component-annotations-2.2.0.jar
2026-06-18 14:08:57,439 [Worker-40: Launching mavenrun-c6a20cd9-07e9-4637-839b-36913471a959] INFO  o.eclipse.m2e.core.internal.Bundles - 	Entry: C:\Users\CVR\Downloads\eclipse-jee-2026-06-R-win32-x86_64\eclipse\plugins\org.eclipse.m2e.maven.runtime_3.9.1600.20260522-0510\jars\plexus-interpolation-1.29.jar
2026-06-18 14:08:57,439 [Worker-40: Launching mavenrun-c6a20cd9-07e9-4637-839b-36913471a959] INFO  o.eclipse.m2e.core.internal.Bundles - 	Entry: C:\Users\CVR\Downloads\eclipse-jee-2026-06-R-win32-x86_64\eclipse\plugins\org.eclipse.m2e.maven.runtime_3.9.1600.20260522-0510\jars\plexus-sec-dispatcher-2.0.jar
2026-06-18 14:08:57,439 [Worker-40: Launching mavenrun-c6a20cd9-07e9-4637-839b-36913471a959] INFO  o.eclipse.m2e.core.internal.Bundles - 	Entry: C:\Users\CVR\Downloads\eclipse-jee-2026-06-R-win32-x86_64\eclipse\plugins\org.eclipse.m2e.maven.runtime_3.9.1600.20260522-0510\jars\plexus-utils-3.6.1.jar
2026-06-18 14:08:57,439 [Worker-40: Launching mavenrun-c6a20cd9-07e9-4637-839b-36913471a959] INFO  o.eclipse.m2e.core.internal.Bundles - 	Entry: C:\Users\CVR\Downloads\eclipse-jee-2026-06-R-win32-x86_64\eclipse\plugins\org.eclipse.m2e.maven.runtime_3.9.1600.20260522-0510\jars\wagon-file-3.5.3.jar
2026-06-18 14:08:57,439 [Worker-40: Launching mavenrun-c6a20cd9-07e9-4637-839b-36913471a959] INFO  o.eclipse.m2e.core.internal.Bundles - 	Entry: C:\Users\CVR\Downloads\eclipse-jee-2026-06-R-win32-x86_64\eclipse\plugins\org.eclipse.m2e.maven.runtime_3.9.1600.20260522-0510\jars\wagon-http-3.5.3.jar
2026-06-18 14:08:57,439 [Worker-40: Launching mavenrun-c6a20cd9-07e9-4637-839b-36913471a959] INFO  o.eclipse.m2e.core.internal.Bundles - 	Entry: C:\Users\CVR\Downloads\eclipse-jee-2026-06-R-win32-x86_64\eclipse\plugins\org.eclipse.m2e.maven.runtime_3.9.1600.20260522-0510\jars\wagon-http-shared-3.5.3.jar
2026-06-18 14:08:57,439 [Worker-40: Launching mavenrun-c6a20cd9-07e9-4637-839b-36913471a959] INFO  o.eclipse.m2e.core.internal.Bundles - 	Entry: C:\Users\CVR\Downloads\eclipse-jee-2026-06-R-win32-x86_64\eclipse\plugins\org.eclipse.m2e.maven.runtime_3.9.1600.20260522-0510\jars\wagon-provider-api-3.5.3.jar
2026-06-18 14:08:57,439 [Worker-40: Launching mavenrun-c6a20cd9-07e9-4637-839b-36913471a959] INFO  o.eclipse.m2e.core.internal.Bundles - getClasspathEntries(Bundle=com.google.guava_33.6.0.jre [18])
2026-06-18 14:08:57,440 [Worker-40: Launching mavenrun-c6a20cd9-07e9-4637-839b-36913471a959] INFO  o.eclipse.m2e.core.internal.Bundles - 	Entry: C:\Users\CVR\Downloads\eclipse-jee-2026-06-R-win32-x86_64\eclipse\plugins\com.google.guava_33.6.0.jre.jar
2026-06-18 14:08:57,440 [Worker-40: Launching mavenrun-c6a20cd9-07e9-4637-839b-36913471a959] INFO  o.eclipse.m2e.core.internal.Bundles - getClasspathEntries(Bundle=slf4j.api_2.0.18 [1017])
2026-06-18 14:08:57,440 [Worker-40: Launching mavenrun-c6a20cd9-07e9-4637-839b-36913471a959] INFO  o.eclipse.m2e.core.internal.Bundles - 	Entry: C:\Users\CVR\Downloads\eclipse-jee-2026-06-R-win32-x86_64\eclipse\plugins\slf4j.api_2.0.18.jar
2026-06-18 14:08:57,440 [Worker-40: Launching mavenrun-c6a20cd9-07e9-4637-839b-36913471a959] INFO  o.eclipse.m2e.core.internal.Bundles - getClasspathEntries(Bundle=jakarta.inject.jakarta.inject-api_1.0.5 [35])
2026-06-18 14:08:57,440 [Worker-40: Launching mavenrun-c6a20cd9-07e9-4637-839b-36913471a959] INFO  o.eclipse.m2e.core.internal.Bundles - 	Entry: C:\Users\CVR\Downloads\eclipse-jee-2026-06-R-win32-x86_64\eclipse\plugins\jakarta.inject.jakarta.inject-api_1.0.5.jar
2026-06-18 14:08:57,440 [Worker-40: Launching mavenrun-c6a20cd9-07e9-4637-839b-36913471a959] INFO  o.eclipse.m2e.core.internal.Bundles - getClasspathEntries(Bundle=jakarta.annotation-api_1.3.5 [31])
2026-06-18 14:08:57,440 [Worker-40: Launching mavenrun-c6a20cd9-07e9-4637-839b-36913471a959] INFO  o.eclipse.m2e.core.internal.Bundles - 	Entry: C:\Users\CVR\Downloads\eclipse-jee-2026-06-R-win32-x86_64\eclipse\plugins\jakarta.annotation-api_1.3.5.jar
2026-06-18 14:08:57,440 [Worker-40: Launching mavenrun-c6a20cd9-07e9-4637-839b-36913471a959] INFO  o.eclipse.m2e.core.internal.Bundles - getClasspathEntries(Bundle=org.apache.commons.cli_1.11.0 [83])
2026-06-18 14:08:57,440 [Worker-40: Launching mavenrun-c6a20cd9-07e9-4637-839b-36913471a959] INFO  o.eclipse.m2e.core.internal.Bundles - 	Entry: C:\Users\CVR\Downloads\eclipse-jee-2026-06-R-win32-x86_64\eclipse\plugins\org.apache.commons.cli_1.11.0.jar
2026-06-18 14:08:57,440 [Worker-40: Launching mavenrun-c6a20cd9-07e9-4637-839b-36913471a959] INFO  o.eclipse.m2e.core.internal.Bundles - getClasspathEntries(Bundle=org.apache.commons.commons-codec_1.22.0 [85])
2026-06-18 14:08:57,440 [Worker-40: Launching mavenrun-c6a20cd9-07e9-4637-839b-36913471a959] INFO  o.eclipse.m2e.core.internal.Bundles - 	Entry: C:\Users\CVR\Downloads\eclipse-jee-2026-06-R-win32-x86_64\eclipse\plugins\org.apache.commons.commons-codec_1.22.0.jar
2026-06-18 14:08:57,440 [Worker-40: Launching mavenrun-c6a20cd9-07e9-4637-839b-36913471a959] INFO  o.eclipse.m2e.core.internal.Bundles - getClasspathEntries(Bundle=com.google.guava.failureaccess_1.0.3 [19])
2026-06-18 14:08:57,440 [Worker-40: Launching mavenrun-c6a20cd9-07e9-4637-839b-36913471a959] INFO  o.eclipse.m2e.core.internal.Bundles - 	Entry: C:\Users\CVR\Downloads\eclipse-jee-2026-06-R-win32-x86_64\eclipse\plugins\com.google.guava.failureaccess_1.0.3.jar
2026-06-18 14:08:57,451 [Worker-40: Launching mavenrun-c6a20cd9-07e9-4637-839b-36913471a959] INFO  o.e.m.i.launch.MavenLaunchDelegate - Run build in "C:\Users\CVR\AppData\Local\Temp\m2e-archetypeGenerator15137735682889321496":
2026-06-18 14:08:57,451 [Worker-40: Launching mavenrun-c6a20cd9-07e9-4637-839b-36913471a959] INFO  o.e.m.i.launch.MavenLaunchDelegate -  mvn  -DarchetypeGroupId=org.apache.maven.archetypes -DarchetypeArtifactId=maven-archetype-quickstart -DarchetypeVersion=1.1 -DgroupId=com.example -DartifactId=product -Dversion=0.0.1-SNAPSHOT -Dpackage=com.example.product -DoutputDirectory=C:\Users\CVR\eclipse-workspace -Dstyle.color=always -U archetype:generate
2026-06-18 14:09:14,019 [Worker-34: Creating maven-archetype-quickstart] INFO  o.e.m.c.i.p.ProjectConfigurationManager - Collecting project info '/pom.xml' C:\Users\CVR\eclipse-workspace\product\pom.xml
2026-06-18 14:09:14,046 [Worker-34: Creating maven-archetype-quickstart] INFO  o.e.m.c.i.l.LifecycleMappingFactory - Using org.eclipse.m2e.jdt.JarLifecycleMapping lifecycle mapping for MavenProject: com.example:product:0.0.1-SNAPSHOT @ C:\Users\CVR\eclipse-workspace\product\pom.xml.
2026-06-18 14:09:14,069 [Worker-34: Creating maven-archetype-quickstart] INFO  o.e.m.j.i.AbstractJavaProjectConfigurator - Adding source folder /product/src/main/java
2026-06-18 14:09:14,070 [Worker-34: Creating maven-archetype-quickstart] INFO  o.e.m.j.i.AbstractJavaProjectConfigurator - Adding resource folder /product/src/main/resources
2026-06-18 14:09:14,071 [Worker-34: Creating maven-archetype-quickstart] INFO  o.e.m.j.i.AbstractJavaProjectConfigurator - Adding source folder /product/src/test/java
2026-06-18 14:09:14,071 [Worker-34: Creating maven-archetype-quickstart] INFO  o.e.m.j.i.AbstractJavaProjectConfigurator - Adding resource folder /product/src/test/resources
2026-06-18 14:09:14,093 [Worker-34: Creating maven-archetype-quickstart] WARN  o.apache.maven.project.MavenProject - Plugin is modifying compileSourceRoots through clear(), which will not work in Maven 4.0.0. Use MavenProject.addCompileSourceRoot()/removeCompileSourceRoot() methods instead. If using a plugin, please upgrade to the latest version or report the issue to the plugin maintainer. To disable these warnings, set -Dmaven.project.sourceRoots.warningsDisabled=true on the command line, in the .mvn/maven.config file, or in project POM properties.
2026-06-18 14:09:14,094 [Worker-34: Creating maven-archetype-quickstart] WARN  o.apache.maven.project.MavenProject - Plugin is modifying compileSourceRoots through add(), which will not work in Maven 4.0.0. Use MavenProject.addCompileSourceRoot()/removeCompileSourceRoot() methods instead. If using a plugin, please upgrade to the latest version or report the issue to the plugin maintainer. To disable these warnings, set -Dmaven.project.sourceRoots.warningsDisabled=true on the command line, in the .mvn/maven.config file, or in project POM properties.
2026-06-18 14:09:14,094 [Worker-34: Creating maven-archetype-quickstart] WARN  o.apache.maven.project.MavenProject - Plugin is modifying testCompileSourceRoots through clear(), which will not work in Maven 4.0.0. Use MavenProject.addTestCompileSourceRoot()/removeTestCompileSourceRoot() methods instead. If using a plugin, please upgrade to the latest version or report the issue to the plugin maintainer. To disable these warnings, set -Dmaven.project.sourceRoots.warningsDisabled=true on the command line, in the .mvn/maven.config file, or in project POM properties.
2026-06-18 14:09:14,094 [Worker-34: Creating maven-archetype-quickstart] WARN  o.apache.maven.project.MavenProject - Plugin is modifying testCompileSourceRoots through add(), which will not work in Maven 4.0.0. Use MavenProject.addTestCompileSourceRoot()/removeTestCompileSourceRoot() methods instead. If using a plugin, please upgrade to the latest version or report the issue to the plugin maintainer. To disable these warnings, set -Dmaven.project.sourceRoots.warningsDisabled=true on the command line, in the .mvn/maven.config file, or in project POM properties.
2026-06-18 14:09:14,098 [Worker-34: Creating maven-archetype-quickstart] INFO  o.e.m.c.i.p.ProjectConfigurationManager - Imported and configured 1 project(s) in 0 sec
2026-06-18 14:09:14,262 [Worker-42: Building] INFO  o.a.m.s.f.DefaultMavenResourcesFiltering - skip non existing resourceDirectory C:\Users\CVR\eclipse-workspace\product\src\main\resources
2026-06-18 14:09:14,263 [Worker-42: Building] INFO  o.a.m.s.f.DefaultMavenResourcesFiltering - skip non existing resourceDirectory C:\Users\CVR\eclipse-workspace\product\src\test\resources
2026-06-18 14:09:14,267 [Worker-42: Building] WARN  o.apache.maven.project.MavenProject - Plugin is modifying compileSourceRoots through clear(), which will not work in Maven 4.0.0. Use MavenProject.addCompileSourceRoot()/removeCompileSourceRoot() methods instead. If using a plugin, please upgrade to the latest version or report the issue to the plugin maintainer. To disable these warnings, set -Dmaven.project.sourceRoots.warningsDisabled=true on the command line, in the .mvn/maven.config file, or in project POM properties.
2026-06-18 14:09:14,267 [Worker-42: Building] WARN  o.apache.maven.project.MavenProject - Plugin is modifying compileSourceRoots through add(), which will not work in Maven 4.0.0. Use MavenProject.addCompileSourceRoot()/removeCompileSourceRoot() methods instead. If using a plugin, please upgrade to the latest version or report the issue to the plugin maintainer. To disable these warnings, set -Dmaven.project.sourceRoots.warningsDisabled=true on the command line, in the .mvn/maven.config file, or in project POM properties.
2026-06-18 14:09:14,268 [Worker-42: Building] WARN  o.apache.maven.project.MavenProject - Plugin is modifying testCompileSourceRoots through clear(), which will not work in Maven 4.0.0. Use MavenProject.addTestCompileSourceRoot()/removeTestCompileSourceRoot() methods instead. If using a plugin, please upgrade to the latest version or report the issue to the plugin maintainer. To disable these warnings, set -Dmaven.project.sourceRoots.warningsDisabled=true on the command line, in the .mvn/maven.config file, or in project POM properties.
2026-06-18 14:09:14,268 [Worker-42: Building] WARN  o.apache.maven.project.MavenProject - Plugin is modifying testCompileSourceRoots through add(), which will not work in Maven 4.0.0. Use MavenProject.addTestCompileSourceRoot()/removeTestCompileSourceRoot() methods instead. If using a plugin, please upgrade to the latest version or report the issue to the plugin maintainer. To disable these warnings, set -Dmaven.project.sourceRoots.warningsDisabled=true on the command line, in the .mvn/maven.config file, or in project POM properties.
2026-06-18 14:13:55,583 [Worker-42: Launching mavenrun-b2f42468-f5e9-4dd8-8ffc-6ca540c69ab8] INFO  o.eclipse.m2e.core.internal.Bundles - getClasspathEntries(Bundle=org.eclipse.m2e.maven.runtime_3.9.1600.20260522-0510 [649])
2026-06-18 14:13:55,584 [Worker-42: Launching mavenrun-b2f42468-f5e9-4dd8-8ffc-6ca540c69ab8] INFO  o.eclipse.m2e.core.internal.Bundles - 	Entry: C:\Users\CVR\Downloads\eclipse-jee-2026-06-R-win32-x86_64\eclipse\plugins\org.eclipse.m2e.maven.runtime_3.9.1600.20260522-0510
2026-06-18 14:13:55,584 [Worker-42: Launching mavenrun-b2f42468-f5e9-4dd8-8ffc-6ca540c69ab8] INFO  o.eclipse.m2e.core.internal.Bundles - 	Entry: C:\Users\CVR\Downloads\eclipse-jee-2026-06-R-win32-x86_64\eclipse\plugins\org.eclipse.m2e.maven.runtime_3.9.1600.20260522-0510\jars\aopalliance-1.0.jar
2026-06-18 14:13:55,584 [Worker-42: Launching mavenrun-b2f42468-f5e9-4dd8-8ffc-6ca540c69ab8] INFO  o.eclipse.m2e.core.internal.Bundles - 	Entry: C:\Users\CVR\Downloads\eclipse-jee-2026-06-R-win32-x86_64\eclipse\plugins\org.eclipse.m2e.maven.runtime_3.9.1600.20260522-0510\jars\asm-9.9.1.jar
2026-06-18 14:13:55,584 [Worker-42: Launching mavenrun-b2f42468-f5e9-4dd8-8ffc-6ca540c69ab8] INFO  o.eclipse.m2e.core.internal.Bundles - 	Entry: C:\Users\CVR\Downloads\eclipse-jee-2026-06-R-win32-x86_64\eclipse\plugins\org.eclipse.m2e.maven.runtime_3.9.1600.20260522-0510\jars\error_prone_annotations-2.41.0.jar
2026-06-18 14:13:55,584 [Worker-42: Launching mavenrun-b2f42468-f5e9-4dd8-8ffc-6ca540c69ab8] INFO  o.eclipse.m2e.core.internal.Bundles - 	Entry: C:\Users\CVR\Downloads\eclipse-jee-2026-06-R-win32-x86_64\eclipse\plugins\org.eclipse.m2e.maven.runtime_3.9.1600.20260522-0510\jars\gson-2.13.2.jar
2026-06-18 14:13:55,584 [Worker-42: Launching mavenrun-b2f42468-f5e9-4dd8-8ffc-6ca540c69ab8] INFO  o.eclipse.m2e.core.internal.Bundles - 	Entry: C:\Users\CVR\Downloads\eclipse-jee-2026-06-R-win32-x86_64\eclipse\plugins\org.eclipse.m2e.maven.runtime_3.9.1600.20260522-0510\jars\guice-5.1.0-classes.jar
2026-06-18 14:13:55,584 [Worker-42: Launching mavenrun-b2f42468-f5e9-4dd8-8ffc-6ca540c69ab8] INFO  o.eclipse.m2e.core.internal.Bundles - 	Entry: C:\Users\CVR\Downloads\eclipse-jee-2026-06-R-win32-x86_64\eclipse\plugins\org.eclipse.m2e.maven.runtime_3.9.1600.20260522-0510\jars\httpclient-4.5.14.jar
2026-06-18 14:13:55,584 [Worker-42: Launching mavenrun-b2f42468-f5e9-4dd8-8ffc-6ca540c69ab8] INFO  o.eclipse.m2e.core.internal.Bundles - 	Entry: C:\Users\CVR\Downloads\eclipse-jee-2026-06-R-win32-x86_64\eclipse\plugins\org.eclipse.m2e.maven.runtime_3.9.1600.20260522-0510\jars\httpcore-4.4.16.jar
2026-06-18 14:13:55,584 [Worker-42: Launching mavenrun-b2f42468-f5e9-4dd8-8ffc-6ca540c69ab8] INFO  o.eclipse.m2e.core.internal.Bundles - 	Entry: C:\Users\CVR\Downloads\eclipse-jee-2026-06-R-win32-x86_64\eclipse\plugins\org.eclipse.m2e.maven.runtime_3.9.1600.20260522-0510\jars\jansi-2.4.3.jar
2026-06-18 14:13:55,584 [Worker-42: Launching mavenrun-b2f42468-f5e9-4dd8-8ffc-6ca540c69ab8] INFO  o.eclipse.m2e.core.internal.Bundles - 	Entry: C:\Users\CVR\Downloads\eclipse-jee-2026-06-R-win32-x86_64\eclipse\plugins\org.eclipse.m2e.maven.runtime_3.9.1600.20260522-0510\jars\jcl-over-slf4j-1.7.36.jar
2026-06-18 14:13:55,584 [Worker-42: Launching mavenrun-b2f42468-f5e9-4dd8-8ffc-6ca540c69ab8] INFO  o.eclipse.m2e.core.internal.Bundles - 	Entry: C:\Users\CVR\Downloads\eclipse-jee-2026-06-R-win32-x86_64\eclipse\plugins\org.eclipse.m2e.maven.runtime_3.9.1600.20260522-0510\jars\maven-artifact-3.9.16.jar
2026-06-18 14:13:55,584 [Worker-42: Launching mavenrun-b2f42468-f5e9-4dd8-8ffc-6ca540c69ab8] INFO  o.eclipse.m2e.core.internal.Bundles - 	Entry: C:\Users\CVR\Downloads\eclipse-jee-2026-06-R-win32-x86_64\eclipse\plugins\org.eclipse.m2e.maven.runtime_3.9.1600.20260522-0510\jars\maven-builder-support-3.9.16.jar
2026-06-18 14:13:55,584 [Worker-42: Launching mavenrun-b2f42468-f5e9-4dd8-8ffc-6ca540c69ab8] INFO  o.eclipse.m2e.core.internal.Bundles - 	Entry: C:\Users\CVR\Downloads\eclipse-jee-2026-06-R-win32-x86_64\eclipse\plugins\org.eclipse.m2e.maven.runtime_3.9.1600.20260522-0510\jars\maven-compat-3.9.16.jar
2026-06-18 14:13:55,584 [Worker-42: Launching mavenrun-b2f42468-f5e9-4dd8-8ffc-6ca540c69ab8] INFO  o.eclipse.m2e.core.internal.Bundles - 	Entry: C:\Users\CVR\Downloads\eclipse-jee-2026-06-R-win32-x86_64\eclipse\plugins\org.eclipse.m2e.maven.runtime_3.9.1600.20260522-0510\jars\maven-core-3.9.16.jar
2026-06-18 14:13:55,584 [Worker-42: Launching mavenrun-b2f42468-f5e9-4dd8-8ffc-6ca540c69ab8] INFO  o.eclipse.m2e.core.internal.Bundles - 	Entry: C:\Users\CVR\Downloads\eclipse-jee-2026-06-R-win32-x86_64\eclipse\plugins\org.eclipse.m2e.maven.runtime_3.9.1600.20260522-0510\jars\maven-embedder-3.9.16.jar
2026-06-18 14:13:55,584 [Worker-42: Launching mavenrun-b2f42468-f5e9-4dd8-8ffc-6ca540c69ab8] INFO  o.eclipse.m2e.core.internal.Bundles - 	Entry: C:\Users\CVR\Downloads\eclipse-jee-2026-06-R-win32-x86_64\eclipse\plugins\org.eclipse.m2e.maven.runtime_3.9.1600.20260522-0510\jars\maven-model-3.9.16.jar
2026-06-18 14:13:55,585 [Worker-42: Launching mavenrun-b2f42468-f5e9-4dd8-8ffc-6ca540c69ab8] INFO  o.eclipse.m2e.core.internal.Bundles - 	Entry: C:\Users\CVR\Downloads\eclipse-jee-2026-06-R-win32-x86_64\eclipse\plugins\org.eclipse.m2e.maven.runtime_3.9.1600.20260522-0510\jars\maven-model-builder-3.9.16.jar
2026-06-18 14:13:55,585 [Worker-42: Launching mavenrun-b2f42468-f5e9-4dd8-8ffc-6ca540c69ab8] INFO  o.eclipse.m2e.core.internal.Bundles - 	Entry: C:\Users\CVR\Downloads\eclipse-jee-2026-06-R-win32-x86_64\eclipse\plugins\org.eclipse.m2e.maven.runtime_3.9.1600.20260522-0510\jars\maven-plugin-api-3.9.16.jar
2026-06-18 14:13:55,585 [Worker-42: Launching mavenrun-b2f42468-f5e9-4dd8-8ffc-6ca540c69ab8] INFO  o.eclipse.m2e.core.internal.Bundles - 	Entry: C:\Users\CVR\Downloads\eclipse-jee-2026-06-R-win32-x86_64\eclipse\plugins\org.eclipse.m2e.maven.runtime_3.9.1600.20260522-0510\jars\maven-repository-metadata-3.9.16.jar
2026-06-18 14:13:55,585 [Worker-42: Launching mavenrun-b2f42468-f5e9-4dd8-8ffc-6ca540c69ab8] INFO  o.eclipse.m2e.core.internal.Bundles - 	Entry: C:\Users\CVR\Downloads\eclipse-jee-2026-06-R-win32-x86_64\eclipse\plugins\org.eclipse.m2e.maven.runtime_3.9.1600.20260522-0510\jars\maven-resolver-api-1.9.27.jar
2026-06-18 14:13:55,585 [Worker-42: Launching mavenrun-b2f42468-f5e9-4dd8-8ffc-6ca540c69ab8] INFO  o.eclipse.m2e.core.internal.Bundles - 	Entry: C:\Users\CVR\Downloads\eclipse-jee-2026-06-R-win32-x86_64\eclipse\plugins\org.eclipse.m2e.maven.runtime_3.9.1600.20260522-0510\jars\maven-resolver-connector-basic-1.9.27.jar
2026-06-18 14:13:55,585 [Worker-42: Launching mavenrun-b2f42468-f5e9-4dd8-8ffc-6ca540c69ab8] INFO  o.eclipse.m2e.core.internal.Bundles - 	Entry: C:\Users\CVR\Downloads\eclipse-jee-2026-06-R-win32-x86_64\eclipse\plugins\org.eclipse.m2e.maven.runtime_3.9.1600.20260522-0510\jars\maven-resolver-impl-1.9.27.jar
2026-06-18 14:13:55,585 [Worker-42: Launching mavenrun-b2f42468-f5e9-4dd8-8ffc-6ca540c69ab8] INFO  o.eclipse.m2e.core.internal.Bundles - 	Entry: C:\Users\CVR\Downloads\eclipse-jee-2026-06-R-win32-x86_64\eclipse\plugins\org.eclipse.m2e.maven.runtime_3.9.1600.20260522-0510\jars\maven-resolver-named-locks-1.9.27.jar
2026-06-18 14:13:55,585 [Worker-42: Launching mavenrun-b2f42468-f5e9-4dd8-8ffc-6ca540c69ab8] INFO  o.eclipse.m2e.core.internal.Bundles - 	Entry: C:\Users\CVR\Downloads\eclipse-jee-2026-06-R-win32-x86_64\eclipse\plugins\org.eclipse.m2e.maven.runtime_3.9.1600.20260522-0510\jars\maven-resolver-provider-3.9.16.jar
2026-06-18 14:13:55,585 [Worker-42: Launching mavenrun-b2f42468-f5e9-4dd8-8ffc-6ca540c69ab8] INFO  o.eclipse.m2e.core.internal.Bundles - 	Entry: C:\Users\CVR\Downloads\eclipse-jee-2026-06-R-win32-x86_64\eclipse\plugins\org.eclipse.m2e.maven.runtime_3.9.1600.20260522-0510\jars\maven-resolver-spi-1.9.27.jar
2026-06-18 14:13:55,585 [Worker-42: Launching mavenrun-b2f42468-f5e9-4dd8-8ffc-6ca540c69ab8] INFO  o.eclipse.m2e.core.internal.Bundles - 	Entry: C:\Users\CVR\Downloads\eclipse-jee-2026-06-R-win32-x86_64\eclipse\plugins\org.eclipse.m2e.maven.runtime_3.9.1600.20260522-0510\jars\maven-resolver-transport-file-1.9.27.jar
2026-06-18 14:13:55,585 [Worker-42: Launching mavenrun-b2f42468-f5e9-4dd8-8ffc-6ca540c69ab8] INFO  o.eclipse.m2e.core.internal.Bundles - 	Entry: C:\Users\CVR\Downloads\eclipse-jee-2026-06-R-win32-x86_64\eclipse\plugins\org.eclipse.m2e.maven.runtime_3.9.1600.20260522-0510\jars\maven-resolver-transport-http-1.9.27.jar
2026-06-18 14:13:55,585 [Worker-42: Launching mavenrun-b2f42468-f5e9-4dd8-8ffc-6ca540c69ab8] INFO  o.eclipse.m2e.core.internal.Bundles - 	Entry: C:\Users\CVR\Downloads\eclipse-jee-2026-06-R-win32-x86_64\eclipse\plugins\org.eclipse.m2e.maven.runtime_3.9.1600.20260522-0510\jars\maven-resolver-transport-wagon-1.9.27.jar
2026-06-18 14:13:55,585 [Worker-42: Launching mavenrun-b2f42468-f5e9-4dd8-8ffc-6ca540c69ab8] INFO  o.eclipse.m2e.core.internal.Bundles - 	Entry: C:\Users\CVR\Downloads\eclipse-jee-2026-06-R-win32-x86_64\eclipse\plugins\org.eclipse.m2e.maven.runtime_3.9.1600.20260522-0510\jars\maven-resolver-util-1.9.27.jar
2026-06-18 14:13:55,585 [Worker-42: Launching mavenrun-b2f42468-f5e9-4dd8-8ffc-6ca540c69ab8] INFO  o.eclipse.m2e.core.internal.Bundles - 	Entry: C:\Users\CVR\Downloads\eclipse-jee-2026-06-R-win32-x86_64\eclipse\plugins\org.eclipse.m2e.maven.runtime_3.9.1600.20260522-0510\jars\maven-settings-3.9.16.jar
2026-06-18 14:13:55,585 [Worker-42: Launching mavenrun-b2f42468-f5e9-4dd8-8ffc-6ca540c69ab8] INFO  o.eclipse.m2e.core.internal.Bundles - 	Entry: C:\Users\CVR\Downloads\eclipse-jee-2026-06-R-win32-x86_64\eclipse\plugins\org.eclipse.m2e.maven.runtime_3.9.1600.20260522-0510\jars\maven-settings-builder-3.9.16.jar
2026-06-18 14:13:55,585 [Worker-42: Launching mavenrun-b2f42468-f5e9-4dd8-8ffc-6ca540c69ab8] INFO  o.eclipse.m2e.core.internal.Bundles - 	Entry: C:\Users\CVR\Downloads\eclipse-jee-2026-06-R-win32-x86_64\eclipse\plugins\org.eclipse.m2e.maven.runtime_3.9.1600.20260522-0510\jars\maven-shared-utils-3.4.2.jar
2026-06-18 14:13:55,585 [Worker-42: Launching mavenrun-b2f42468-f5e9-4dd8-8ffc-6ca540c69ab8] INFO  o.eclipse.m2e.core.internal.Bundles - 	Entry: C:\Users\CVR\Downloads\eclipse-jee-2026-06-R-win32-x86_64\eclipse\plugins\org.eclipse.m2e.maven.runtime_3.9.1600.20260522-0510\jars\org.eclipse.sisu.inject-1.0.0.jar
2026-06-18 14:13:55,585 [Worker-42: Launching mavenrun-b2f42468-f5e9-4dd8-8ffc-6ca540c69ab8] INFO  o.eclipse.m2e.core.internal.Bundles - 	Entry: C:\Users\CVR\Downloads\eclipse-jee-2026-06-R-win32-x86_64\eclipse\plugins\org.eclipse.m2e.maven.runtime_3.9.1600.20260522-0510\jars\org.eclipse.sisu.plexus-1.0.0.jar
2026-06-18 14:13:55,585 [Worker-42: Launching mavenrun-b2f42468-f5e9-4dd8-8ffc-6ca540c69ab8] INFO  o.eclipse.m2e.core.internal.Bundles - 	Entry: C:\Users\CVR\Downloads\eclipse-jee-2026-06-R-win32-x86_64\eclipse\plugins\org.eclipse.m2e.maven.runtime_3.9.1600.20260522-0510\jars\plexus-build-api-0.0.7.jar
2026-06-18 14:13:55,585 [Worker-42: Launching mavenrun-b2f42468-f5e9-4dd8-8ffc-6ca540c69ab8] INFO  o.eclipse.m2e.core.internal.Bundles - 	Entry: C:\Users\CVR\Downloads\eclipse-jee-2026-06-R-win32-x86_64\eclipse\plugins\org.eclipse.m2e.maven.runtime_3.9.1600.20260522-0510\jars\plexus-build-api-1.2.0.jar
2026-06-18 14:13:55,585 [Worker-42: Launching mavenrun-b2f42468-f5e9-4dd8-8ffc-6ca540c69ab8] INFO  o.eclipse.m2e.core.internal.Bundles - 	Entry: C:\Users\CVR\Downloads\eclipse-jee-2026-06-R-win32-x86_64\eclipse\plugins\org.eclipse.m2e.maven.runtime_3.9.1600.20260522-0510\jars\plexus-cipher-2.0.jar
2026-06-18 14:13:55,585 [Worker-42: Launching mavenrun-b2f42468-f5e9-4dd8-8ffc-6ca540c69ab8] INFO  o.eclipse.m2e.core.internal.Bundles - 	Entry: C:\Users\CVR\Downloads\eclipse-jee-2026-06-R-win32-x86_64\eclipse\plugins\org.eclipse.m2e.maven.runtime_3.9.1600.20260522-0510\jars\plexus-classworlds-2.11.0.jar
2026-06-18 14:13:55,585 [Worker-42: Launching mavenrun-b2f42468-f5e9-4dd8-8ffc-6ca540c69ab8] INFO  o.eclipse.m2e.core.internal.Bundles - 	Entry: C:\Users\CVR\Downloads\eclipse-jee-2026-06-R-win32-x86_64\eclipse\plugins\org.eclipse.m2e.maven.runtime_3.9.1600.20260522-0510\jars\plexus-component-annotations-2.2.0.jar
2026-06-18 14:13:55,585 [Worker-42: Launching mavenrun-b2f42468-f5e9-4dd8-8ffc-6ca540c69ab8] INFO  o.eclipse.m2e.core.internal.Bundles - 	Entry: C:\Users\CVR\Downloads\eclipse-jee-2026-06-R-win32-x86_64\eclipse\plugins\org.eclipse.m2e.maven.runtime_3.9.1600.20260522-0510\jars\plexus-interpolation-1.29.jar
2026-06-18 14:13:55,585 [Worker-42: Launching mavenrun-b2f42468-f5e9-4dd8-8ffc-6ca540c69ab8] INFO  o.eclipse.m2e.core.internal.Bundles - 	Entry: C:\Users\CVR\Downloads\eclipse-jee-2026-06-R-win32-x86_64\eclipse\plugins\org.eclipse.m2e.maven.runtime_3.9.1600.20260522-0510\jars\plexus-sec-dispatcher-2.0.jar
2026-06-18 14:13:55,586 [Worker-42: Launching mavenrun-b2f42468-f5e9-4dd8-8ffc-6ca540c69ab8] INFO  o.eclipse.m2e.core.internal.Bundles - 	Entry: C:\Users\CVR\Downloads\eclipse-jee-2026-06-R-win32-x86_64\eclipse\plugins\org.eclipse.m2e.maven.runtime_3.9.1600.20260522-0510\jars\plexus-utils-3.6.1.jar
2026-06-18 14:13:55,586 [Worker-42: Launching mavenrun-b2f42468-f5e9-4dd8-8ffc-6ca540c69ab8] INFO  o.eclipse.m2e.core.internal.Bundles - 	Entry: C:\Users\CVR\Downloads\eclipse-jee-2026-06-R-win32-x86_64\eclipse\plugins\org.eclipse.m2e.maven.runtime_3.9.1600.20260522-0510\jars\wagon-file-3.5.3.jar
2026-06-18 14:13:55,586 [Worker-42: Launching mavenrun-b2f42468-f5e9-4dd8-8ffc-6ca540c69ab8] INFO  o.eclipse.m2e.core.internal.Bundles - 	Entry: C:\Users\CVR\Downloads\eclipse-jee-2026-06-R-win32-x86_64\eclipse\plugins\org.eclipse.m2e.maven.runtime_3.9.1600.20260522-0510\jars\wagon-http-3.5.3.jar
2026-06-18 14:13:55,586 [Worker-42: Launching mavenrun-b2f42468-f5e9-4dd8-8ffc-6ca540c69ab8] INFO  o.eclipse.m2e.core.internal.Bundles - 	Entry: C:\Users\CVR\Downloads\eclipse-jee-2026-06-R-win32-x86_64\eclipse\plugins\org.eclipse.m2e.maven.runtime_3.9.1600.20260522-0510\jars\wagon-http-shared-3.5.3.jar
2026-06-18 14:13:55,586 [Worker-42: Launching mavenrun-b2f42468-f5e9-4dd8-8ffc-6ca540c69ab8] INFO  o.eclipse.m2e.core.internal.Bundles - 	Entry: C:\Users\CVR\Downloads\eclipse-jee-2026-06-R-win32-x86_64\eclipse\plugins\org.eclipse.m2e.maven.runtime_3.9.1600.20260522-0510\jars\wagon-provider-api-3.5.3.jar
2026-06-18 14:13:55,586 [Worker-42: Launching mavenrun-b2f42468-f5e9-4dd8-8ffc-6ca540c69ab8] INFO  o.eclipse.m2e.core.internal.Bundles - getClasspathEntries(Bundle=com.google.guava_33.6.0.jre [18])
2026-06-18 14:13:55,586 [Worker-42: Launching mavenrun-b2f42468-f5e9-4dd8-8ffc-6ca540c69ab8] INFO  o.eclipse.m2e.core.internal.Bundles - 	Entry: C:\Users\CVR\Downloads\eclipse-jee-2026-06-R-win32-x86_64\eclipse\plugins\com.google.guava_33.6.0.jre.jar
2026-06-18 14:13:55,586 [Worker-42: Launching mavenrun-b2f42468-f5e9-4dd8-8ffc-6ca540c69ab8] INFO  o.eclipse.m2e.core.internal.Bundles - getClasspathEntries(Bundle=slf4j.api_2.0.18 [1017])
2026-06-18 14:13:55,586 [Worker-42: Launching mavenrun-b2f42468-f5e9-4dd8-8ffc-6ca540c69ab8] INFO  o.eclipse.m2e.core.internal.Bundles - 	Entry: C:\Users\CVR\Downloads\eclipse-jee-2026-06-R-win32-x86_64\eclipse\plugins\slf4j.api_2.0.18.jar
2026-06-18 14:13:55,586 [Worker-42: Launching mavenrun-b2f42468-f5e9-4dd8-8ffc-6ca540c69ab8] INFO  o.eclipse.m2e.core.internal.Bundles - getClasspathEntries(Bundle=jakarta.inject.jakarta.inject-api_1.0.5 [35])
2026-06-18 14:13:55,587 [Worker-42: Launching mavenrun-b2f42468-f5e9-4dd8-8ffc-6ca540c69ab8] INFO  o.eclipse.m2e.core.internal.Bundles - 	Entry: C:\Users\CVR\Downloads\eclipse-jee-2026-06-R-win32-x86_64\eclipse\plugins\jakarta.inject.jakarta.inject-api_1.0.5.jar
2026-06-18 14:13:55,587 [Worker-42: Launching mavenrun-b2f42468-f5e9-4dd8-8ffc-6ca540c69ab8] INFO  o.eclipse.m2e.core.internal.Bundles - getClasspathEntries(Bundle=jakarta.annotation-api_1.3.5 [31])
2026-06-18 14:13:55,587 [Worker-42: Launching mavenrun-b2f42468-f5e9-4dd8-8ffc-6ca540c69ab8] INFO  o.eclipse.m2e.core.internal.Bundles - 	Entry: C:\Users\CVR\Downloads\eclipse-jee-2026-06-R-win32-x86_64\eclipse\plugins\jakarta.annotation-api_1.3.5.jar
2026-06-18 14:13:55,587 [Worker-42: Launching mavenrun-b2f42468-f5e9-4dd8-8ffc-6ca540c69ab8] INFO  o.eclipse.m2e.core.internal.Bundles - getClasspathEntries(Bundle=org.apache.commons.cli_1.11.0 [83])
2026-06-18 14:13:55,587 [Worker-42: Launching mavenrun-b2f42468-f5e9-4dd8-8ffc-6ca540c69ab8] INFO  o.eclipse.m2e.core.internal.Bundles - 	Entry: C:\Users\CVR\Downloads\eclipse-jee-2026-06-R-win32-x86_64\eclipse\plugins\org.apache.commons.cli_1.11.0.jar
2026-06-18 14:13:55,587 [Worker-42: Launching mavenrun-b2f42468-f5e9-4dd8-8ffc-6ca540c69ab8] INFO  o.eclipse.m2e.core.internal.Bundles - getClasspathEntries(Bundle=org.apache.commons.commons-codec_1.22.0 [85])
2026-06-18 14:13:55,587 [Worker-42: Launching mavenrun-b2f42468-f5e9-4dd8-8ffc-6ca540c69ab8] INFO  o.eclipse.m2e.core.internal.Bundles - 	Entry: C:\Users\CVR\Downloads\eclipse-jee-2026-06-R-win32-x86_64\eclipse\plugins\org.apache.commons.commons-codec_1.22.0.jar
2026-06-18 14:13:55,587 [Worker-42: Launching mavenrun-b2f42468-f5e9-4dd8-8ffc-6ca540c69ab8] INFO  o.eclipse.m2e.core.internal.Bundles - getClasspathEntries(Bundle=com.google.guava.failureaccess_1.0.3 [19])
2026-06-18 14:13:55,588 [Worker-42: Launching mavenrun-b2f42468-f5e9-4dd8-8ffc-6ca540c69ab8] INFO  o.eclipse.m2e.core.internal.Bundles - 	Entry: C:\Users\CVR\Downloads\eclipse-jee-2026-06-R-win32-x86_64\eclipse\plugins\com.google.guava.failureaccess_1.0.3.jar
2026-06-18 14:13:55,588 [Worker-42: Launching mavenrun-b2f42468-f5e9-4dd8-8ffc-6ca540c69ab8] INFO  o.e.m.i.launch.MavenLaunchDelegate - Run build in "C:\Users\CVR\AppData\Local\Temp\m2e-archetypeGenerator15022723855241324247":
2026-06-18 14:13:55,588 [Worker-42: Launching mavenrun-b2f42468-f5e9-4dd8-8ffc-6ca540c69ab8] INFO  o.e.m.i.launch.MavenLaunchDelegate -  mvn  -DarchetypeGroupId=org.apache.maven.archetypes -DarchetypeArtifactId=maven-archetype-quickstart -DarchetypeVersion=1.1 -DgroupId=com.example -DartifactId=demo -Dversion=0.0.1-SNAPSHOT -Dpackage=com.example.demo -DoutputDirectory=C:\Users\CVR\eclipse-workspace -Dstyle.color=always -U archetype:generate
2026-06-18 14:14:06,342 [Worker-46: Creating maven-archetype-quickstart] INFO  o.e.m.c.i.p.ProjectConfigurationManager - Collecting project info '/pom.xml' C:\Users\CVR\eclipse-workspace\demo\pom.xml
2026-06-18 14:14:06,366 [Worker-46: Creating maven-archetype-quickstart] INFO  o.e.m.c.i.l.LifecycleMappingFactory - Using org.eclipse.m2e.jdt.JarLifecycleMapping lifecycle mapping for MavenProject: com.example:demo:0.0.1-SNAPSHOT @ C:\Users\CVR\eclipse-workspace\demo\pom.xml.
2026-06-18 14:14:06,385 [Worker-46: Creating maven-archetype-quickstart] INFO  o.e.m.j.i.AbstractJavaProjectConfigurator - Adding source folder /demo/src/main/java
2026-06-18 14:14:06,386 [Worker-46: Creating maven-archetype-quickstart] INFO  o.e.m.j.i.AbstractJavaProjectConfigurator - Adding resource folder /demo/src/main/resources
2026-06-18 14:14:06,387 [Worker-46: Creating maven-archetype-quickstart] INFO  o.e.m.j.i.AbstractJavaProjectConfigurator - Adding source folder /demo/src/test/java
2026-06-18 14:14:06,387 [Worker-46: Creating maven-archetype-quickstart] INFO  o.e.m.j.i.AbstractJavaProjectConfigurator - Adding resource folder /demo/src/test/resources
2026-06-18 14:14:06,404 [Worker-46: Creating maven-archetype-quickstart] WARN  o.apache.maven.project.MavenProject - Plugin is modifying compileSourceRoots through clear(), which will not work in Maven 4.0.0. Use MavenProject.addCompileSourceRoot()/removeCompileSourceRoot() methods instead. If using a plugin, please upgrade to the latest version or report the issue to the plugin maintainer. To disable these warnings, set -Dmaven.project.sourceRoots.warningsDisabled=true on the command line, in the .mvn/maven.config file, or in project POM properties.
2026-06-18 14:14:06,404 [Worker-46: Creating maven-archetype-quickstart] WARN  o.apache.maven.project.MavenProject - Plugin is modifying compileSourceRoots through add(), which will not work in Maven 4.0.0. Use MavenProject.addCompileSourceRoot()/removeCompileSourceRoot() methods instead. If using a plugin, please upgrade to the latest version or report the issue to the plugin maintainer. To disable these warnings, set -Dmaven.project.sourceRoots.warningsDisabled=true on the command line, in the .mvn/maven.config file, or in project POM properties.
2026-06-18 14:14:06,404 [Worker-46: Creating maven-archetype-quickstart] WARN  o.apache.maven.project.MavenProject - Plugin is modifying testCompileSourceRoots through clear(), which will not work in Maven 4.0.0. Use MavenProject.addTestCompileSourceRoot()/removeTestCompileSourceRoot() methods instead. If using a plugin, please upgrade to the latest version or report the issue to the plugin maintainer. To disable these warnings, set -Dmaven.project.sourceRoots.warningsDisabled=true on the command line, in the .mvn/maven.config file, or in project POM properties.
2026-06-18 14:14:06,404 [Worker-46: Creating maven-archetype-quickstart] WARN  o.apache.maven.project.MavenProject - Plugin is modifying testCompileSourceRoots through add(), which will not work in Maven 4.0.0. Use MavenProject.addTestCompileSourceRoot()/removeTestCompileSourceRoot() methods instead. If using a plugin, please upgrade to the latest version or report the issue to the plugin maintainer. To disable these warnings, set -Dmaven.project.sourceRoots.warningsDisabled=true on the command line, in the .mvn/maven.config file, or in project POM properties.
2026-06-18 14:14:06,408 [Worker-46: Creating maven-archetype-quickstart] INFO  o.e.m.c.i.p.ProjectConfigurationManager - Imported and configured 1 project(s) in 0 sec
2026-06-18 14:14:06,553 [Worker-49: Building] INFO  o.a.m.s.f.DefaultMavenResourcesFiltering - skip non existing resourceDirectory C:\Users\CVR\eclipse-workspace\demo\src\main\resources
2026-06-18 14:14:06,555 [Worker-49: Building] INFO  o.a.m.s.f.DefaultMavenResourcesFiltering - skip non existing resourceDirectory C:\Users\CVR\eclipse-workspace\demo\src\test\resources
2026-06-18 14:14:06,559 [Worker-49: Building] WARN  o.apache.maven.project.MavenProject - Plugin is modifying compileSourceRoots through clear(), which will not work in Maven 4.0.0. Use MavenProject.addCompileSourceRoot()/removeCompileSourceRoot() methods instead. If using a plugin, please upgrade to the latest version or report the issue to the plugin maintainer. To disable these warnings, set -Dmaven.project.sourceRoots.warningsDisabled=true on the command line, in the .mvn/maven.config file, or in project POM properties.
2026-06-18 14:14:06,560 [Worker-49: Building] WARN  o.apache.maven.project.MavenProject - Plugin is modifying compileSourceRoots through add(), which will not work in Maven 4.0.0. Use MavenProject.addCompileSourceRoot()/removeCompileSourceRoot() methods instead. If using a plugin, please upgrade to the latest version or report the issue to the plugin maintainer. To disable these warnings, set -Dmaven.project.sourceRoots.warningsDisabled=true on the command line, in the .mvn/maven.config file, or in project POM properties.
2026-06-18 14:14:06,560 [Worker-49: Building] WARN  o.apache.maven.project.MavenProject - Plugin is modifying testCompileSourceRoots through clear(), which will not work in Maven 4.0.0. Use MavenProject.addTestCompileSourceRoot()/removeTestCompileSourceRoot() methods instead. If using a plugin, please upgrade to the latest version or report the issue to the plugin maintainer. To disable these warnings, set -Dmaven.project.sourceRoots.warningsDisabled=true on the command line, in the .mvn/maven.config file, or in project POM properties.
2026-06-18 14:14:06,561 [Worker-49: Building] WARN  o.apache.maven.project.MavenProject - Plugin is modifying testCompileSourceRoots through add(), which will not work in Maven 4.0.0. Use MavenProject.addTestCompileSourceRoot()/removeTestCompileSourceRoot() methods instead. If using a plugin, please upgrade to the latest version or report the issue to the plugin maintainer. To disable these warnings, set -Dmaven.project.sourceRoots.warningsDisabled=true on the command line, in the .mvn/maven.config file, or in project POM properties.
2026-06-18 14:15:30,095 [Worker-46: Launching mavenrun-733d9662-67f0-4e07-9daa-5977ad66f6b3] INFO  o.eclipse.m2e.core.internal.Bundles - getClasspathEntries(Bundle=org.eclipse.m2e.maven.runtime_3.9.1600.20260522-0510 [649])
2026-06-18 14:15:30,095 [Worker-46: Launching mavenrun-733d9662-67f0-4e07-9daa-5977ad66f6b3] INFO  o.eclipse.m2e.core.internal.Bundles - 	Entry: C:\Users\CVR\Downloads\eclipse-jee-2026-06-R-win32-x86_64\eclipse\plugins\org.eclipse.m2e.maven.runtime_3.9.1600.20260522-0510
2026-06-18 14:15:30,095 [Worker-46: Launching mavenrun-733d9662-67f0-4e07-9daa-5977ad66f6b3] INFO  o.eclipse.m2e.core.internal.Bundles - 	Entry: C:\Users\CVR\Downloads\eclipse-jee-2026-06-R-win32-x86_64\eclipse\plugins\org.eclipse.m2e.maven.runtime_3.9.1600.20260522-0510\jars\aopalliance-1.0.jar
2026-06-18 14:15:30,095 [Worker-46: Launching mavenrun-733d9662-67f0-4e07-9daa-5977ad66f6b3] INFO  o.eclipse.m2e.core.internal.Bundles - 	Entry: C:\Users\CVR\Downloads\eclipse-jee-2026-06-R-win32-x86_64\eclipse\plugins\org.eclipse.m2e.maven.runtime_3.9.1600.20260522-0510\jars\asm-9.9.1.jar
2026-06-18 14:15:30,095 [Worker-46: Launching mavenrun-733d9662-67f0-4e07-9daa-5977ad66f6b3] INFO  o.eclipse.m2e.core.internal.Bundles - 	Entry: C:\Users\CVR\Downloads\eclipse-jee-2026-06-R-win32-x86_64\eclipse\plugins\org.eclipse.m2e.maven.runtime_3.9.1600.20260522-0510\jars\error_prone_annotations-2.41.0.jar
2026-06-18 14:15:30,095 [Worker-46: Launching mavenrun-733d9662-67f0-4e07-9daa-5977ad66f6b3] INFO  o.eclipse.m2e.core.internal.Bundles - 	Entry: C:\Users\CVR\Downloads\eclipse-jee-2026-06-R-win32-x86_64\eclipse\plugins\org.eclipse.m2e.maven.runtime_3.9.1600.20260522-0510\jars\gson-2.13.2.jar
2026-06-18 14:15:30,095 [Worker-46: Launching mavenrun-733d9662-67f0-4e07-9daa-5977ad66f6b3] INFO  o.eclipse.m2e.core.internal.Bundles - 	Entry: C:\Users\CVR\Downloads\eclipse-jee-2026-06-R-win32-x86_64\eclipse\plugins\org.eclipse.m2e.maven.runtime_3.9.1600.20260522-0510\jars\guice-5.1.0-classes.jar
2026-06-18 14:15:30,095 [Worker-46: Launching mavenrun-733d9662-67f0-4e07-9daa-5977ad66f6b3] INFO  o.eclipse.m2e.core.internal.Bundles - 	Entry: C:\Users\CVR\Downloads\eclipse-jee-2026-06-R-win32-x86_64\eclipse\plugins\org.eclipse.m2e.maven.runtime_3.9.1600.20260522-0510\jars\httpclient-4.5.14.jar
2026-06-18 14:15:30,095 [Worker-46: Launching mavenrun-733d9662-67f0-4e07-9daa-5977ad66f6b3] INFO  o.eclipse.m2e.core.internal.Bundles - 	Entry: C:\Users\CVR\Downloads\eclipse-jee-2026-06-R-win32-x86_64\eclipse\plugins\org.eclipse.m2e.maven.runtime_3.9.1600.20260522-0510\jars\httpcore-4.4.16.jar
2026-06-18 14:15:30,096 [Worker-46: Launching mavenrun-733d9662-67f0-4e07-9daa-5977ad66f6b3] INFO  o.eclipse.m2e.core.internal.Bundles - 	Entry: C:\Users\CVR\Downloads\eclipse-jee-2026-06-R-win32-x86_64\eclipse\plugins\org.eclipse.m2e.maven.runtime_3.9.1600.20260522-0510\jars\jansi-2.4.3.jar
2026-06-18 14:15:30,096 [Worker-46: Launching mavenrun-733d9662-67f0-4e07-9daa-5977ad66f6b3] INFO  o.eclipse.m2e.core.internal.Bundles - 	Entry: C:\Users\CVR\Downloads\eclipse-jee-2026-06-R-win32-x86_64\eclipse\plugins\org.eclipse.m2e.maven.runtime_3.9.1600.20260522-0510\jars\jcl-over-slf4j-1.7.36.jar
2026-06-18 14:15:30,096 [Worker-46: Launching mavenrun-733d9662-67f0-4e07-9daa-5977ad66f6b3] INFO  o.eclipse.m2e.core.internal.Bundles - 	Entry: C:\Users\CVR\Downloads\eclipse-jee-2026-06-R-win32-x86_64\eclipse\plugins\org.eclipse.m2e.maven.runtime_3.9.1600.20260522-0510\jars\maven-artifact-3.9.16.jar
2026-06-18 14:15:30,096 [Worker-46: Launching mavenrun-733d9662-67f0-4e07-9daa-5977ad66f6b3] INFO  o.eclipse.m2e.core.internal.Bundles - 	Entry: C:\Users\CVR\Downloads\eclipse-jee-2026-06-R-win32-x86_64\eclipse\plugins\org.eclipse.m2e.maven.runtime_3.9.1600.20260522-0510\jars\maven-builder-support-3.9.16.jar
2026-06-18 14:15:30,096 [Worker-46: Launching mavenrun-733d9662-67f0-4e07-9daa-5977ad66f6b3] INFO  o.eclipse.m2e.core.internal.Bundles - 	Entry: C:\Users\CVR\Downloads\eclipse-jee-2026-06-R-win32-x86_64\eclipse\plugins\org.eclipse.m2e.maven.runtime_3.9.1600.20260522-0510\jars\maven-compat-3.9.16.jar
2026-06-18 14:15:30,096 [Worker-46: Launching mavenrun-733d9662-67f0-4e07-9daa-5977ad66f6b3] INFO  o.eclipse.m2e.core.internal.Bundles - 	Entry: C:\Users\CVR\Downloads\eclipse-jee-2026-06-R-win32-x86_64\eclipse\plugins\org.eclipse.m2e.maven.runtime_3.9.1600.20260522-0510\jars\maven-core-3.9.16.jar
2026-06-18 14:15:30,096 [Worker-46: Launching mavenrun-733d9662-67f0-4e07-9daa-5977ad66f6b3] INFO  o.eclipse.m2e.core.internal.Bundles - 	Entry: C:\Users\CVR\Downloads\eclipse-jee-2026-06-R-win32-x86_64\eclipse\plugins\org.eclipse.m2e.maven.runtime_3.9.1600.20260522-0510\jars\maven-embedder-3.9.16.jar
2026-06-18 14:15:30,096 [Worker-46: Launching mavenrun-733d9662-67f0-4e07-9daa-5977ad66f6b3] INFO  o.eclipse.m2e.core.internal.Bundles - 	Entry: C:\Users\CVR\Downloads\eclipse-jee-2026-06-R-win32-x86_64\eclipse\plugins\org.eclipse.m2e.maven.runtime_3.9.1600.20260522-0510\jars\maven-model-3.9.16.jar
2026-06-18 14:15:30,096 [Worker-46: Launching mavenrun-733d9662-67f0-4e07-9daa-5977ad66f6b3] INFO  o.eclipse.m2e.core.internal.Bundles - 	Entry: C:\Users\CVR\Downloads\eclipse-jee-2026-06-R-win32-x86_64\eclipse\plugins\org.eclipse.m2e.maven.runtime_3.9.1600.20260522-0510\jars\maven-model-builder-3.9.16.jar
2026-06-18 14:15:30,096 [Worker-46: Launching mavenrun-733d9662-67f0-4e07-9daa-5977ad66f6b3] INFO  o.eclipse.m2e.core.internal.Bundles - 	Entry: C:\Users\CVR\Downloads\eclipse-jee-2026-06-R-win32-x86_64\eclipse\plugins\org.eclipse.m2e.maven.runtime_3.9.1600.20260522-0510\jars\maven-plugin-api-3.9.16.jar
2026-06-18 14:15:30,096 [Worker-46: Launching mavenrun-733d9662-67f0-4e07-9daa-5977ad66f6b3] INFO  o.eclipse.m2e.core.internal.Bundles - 	Entry: C:\Users\CVR\Downloads\eclipse-jee-2026-06-R-win32-x86_64\eclipse\plugins\org.eclipse.m2e.maven.runtime_3.9.1600.20260522-0510\jars\maven-repository-metadata-3.9.16.jar
2026-06-18 14:15:30,096 [Worker-46: Launching mavenrun-733d9662-67f0-4e07-9daa-5977ad66f6b3] INFO  o.eclipse.m2e.core.internal.Bundles - 	Entry: C:\Users\CVR\Downloads\eclipse-jee-2026-06-R-win32-x86_64\eclipse\plugins\org.eclipse.m2e.maven.runtime_3.9.1600.20260522-0510\jars\maven-resolver-api-1.9.27.jar
2026-06-18 14:15:30,096 [Worker-46: Launching mavenrun-733d9662-67f0-4e07-9daa-5977ad66f6b3] INFO  o.eclipse.m2e.core.internal.Bundles - 	Entry: C:\Users\CVR\Downloads\eclipse-jee-2026-06-R-win32-x86_64\eclipse\plugins\org.eclipse.m2e.maven.runtime_3.9.1600.20260522-0510\jars\maven-resolver-connector-basic-1.9.27.jar
2026-06-18 14:15:30,096 [Worker-46: Launching mavenrun-733d9662-67f0-4e07-9daa-5977ad66f6b3] INFO  o.eclipse.m2e.core.internal.Bundles - 	Entry: C:\Users\CVR\Downloads\eclipse-jee-2026-06-R-win32-x86_64\eclipse\plugins\org.eclipse.m2e.maven.runtime_3.9.1600.20260522-0510\jars\maven-resolver-impl-1.9.27.jar
2026-06-18 14:15:30,096 [Worker-46: Launching mavenrun-733d9662-67f0-4e07-9daa-5977ad66f6b3] INFO  o.eclipse.m2e.core.internal.Bundles - 	Entry: C:\Users\CVR\Downloads\eclipse-jee-2026-06-R-win32-x86_64\eclipse\plugins\org.eclipse.m2e.maven.runtime_3.9.1600.20260522-0510\jars\maven-resolver-named-locks-1.9.27.jar
2026-06-18 14:15:30,096 [Worker-46: Launching mavenrun-733d9662-67f0-4e07-9daa-5977ad66f6b3] INFO  o.eclipse.m2e.core.internal.Bundles - 	Entry: C:\Users\CVR\Downloads\eclipse-jee-2026-06-R-win32-x86_64\eclipse\plugins\org.eclipse.m2e.maven.runtime_3.9.1600.20260522-0510\jars\maven-resolver-provider-3.9.16.jar
2026-06-18 14:15:30,096 [Worker-46: Launching mavenrun-733d9662-67f0-4e07-9daa-5977ad66f6b3] INFO  o.eclipse.m2e.core.internal.Bundles - 	Entry: C:\Users\CVR\Downloads\eclipse-jee-2026-06-R-win32-x86_64\eclipse\plugins\org.eclipse.m2e.maven.runtime_3.9.1600.20260522-0510\jars\maven-resolver-spi-1.9.27.jar
2026-06-18 14:15:30,096 [Worker-46: Launching mavenrun-733d9662-67f0-4e07-9daa-5977ad66f6b3] INFO  o.eclipse.m2e.core.internal.Bundles - 	Entry: C:\Users\CVR\Downloads\eclipse-jee-2026-06-R-win32-x86_64\eclipse\plugins\org.eclipse.m2e.maven.runtime_3.9.1600.20260522-0510\jars\maven-resolver-transport-file-1.9.27.jar
2026-06-18 14:15:30,096 [Worker-46: Launching mavenrun-733d9662-67f0-4e07-9daa-5977ad66f6b3] INFO  o.eclipse.m2e.core.internal.Bundles - 	Entry: C:\Users\CVR\Downloads\eclipse-jee-2026-06-R-win32-x86_64\eclipse\plugins\org.eclipse.m2e.maven.runtime_3.9.1600.20260522-0510\jars\maven-resolver-transport-http-1.9.27.jar
2026-06-18 14:15:30,096 [Worker-46: Launching mavenrun-733d9662-67f0-4e07-9daa-5977ad66f6b3] INFO  o.eclipse.m2e.core.internal.Bundles - 	Entry: C:\Users\CVR\Downloads\eclipse-jee-2026-06-R-win32-x86_64\eclipse\plugins\org.eclipse.m2e.maven.runtime_3.9.1600.20260522-0510\jars\maven-resolver-transport-wagon-1.9.27.jar
2026-06-18 14:15:30,096 [Worker-46: Launching mavenrun-733d9662-67f0-4e07-9daa-5977ad66f6b3] INFO  o.eclipse.m2e.core.internal.Bundles - 	Entry: C:\Users\CVR\Downloads\eclipse-jee-2026-06-R-win32-x86_64\eclipse\plugins\org.eclipse.m2e.maven.runtime_3.9.1600.20260522-0510\jars\maven-resolver-util-1.9.27.jar
2026-06-18 14:15:30,096 [Worker-46: Launching mavenrun-733d9662-67f0-4e07-9daa-5977ad66f6b3] INFO  o.eclipse.m2e.core.internal.Bundles - 	Entry: C:\Users\CVR\Downloads\eclipse-jee-2026-06-R-win32-x86_64\eclipse\plugins\org.eclipse.m2e.maven.runtime_3.9.1600.20260522-0510\jars\maven-settings-3.9.16.jar
2026-06-18 14:15:30,096 [Worker-46: Launching mavenrun-733d9662-67f0-4e07-9daa-5977ad66f6b3] INFO  o.eclipse.m2e.core.internal.Bundles - 	Entry: C:\Users\CVR\Downloads\eclipse-jee-2026-06-R-win32-x86_64\eclipse\plugins\org.eclipse.m2e.maven.runtime_3.9.1600.20260522-0510\jars\maven-settings-builder-3.9.16.jar
2026-06-18 14:15:30,096 [Worker-46: Launching mavenrun-733d9662-67f0-4e07-9daa-5977ad66f6b3] INFO  o.eclipse.m2e.core.internal.Bundles - 	Entry: C:\Users\CVR\Downloads\eclipse-jee-2026-06-R-win32-x86_64\eclipse\plugins\org.eclipse.m2e.maven.runtime_3.9.1600.20260522-0510\jars\maven-shared-utils-3.4.2.jar
2026-06-18 14:15:30,096 [Worker-46: Launching mavenrun-733d9662-67f0-4e07-9daa-5977ad66f6b3] INFO  o.eclipse.m2e.core.internal.Bundles - 	Entry: C:\Users\CVR\Downloads\eclipse-jee-2026-06-R-win32-x86_64\eclipse\plugins\org.eclipse.m2e.maven.runtime_3.9.1600.20260522-0510\jars\org.eclipse.sisu.inject-1.0.0.jar
2026-06-18 14:15:30,097 [Worker-46: Launching mavenrun-733d9662-67f0-4e07-9daa-5977ad66f6b3] INFO  o.eclipse.m2e.core.internal.Bundles - 	Entry: C:\Users\CVR\Downloads\eclipse-jee-2026-06-R-win32-x86_64\eclipse\plugins\org.eclipse.m2e.maven.runtime_3.9.1600.20260522-0510\jars\org.eclipse.sisu.plexus-1.0.0.jar
2026-06-18 14:15:30,097 [Worker-46: Launching mavenrun-733d9662-67f0-4e07-9daa-5977ad66f6b3] INFO  o.eclipse.m2e.core.internal.Bundles - 	Entry: C:\Users\CVR\Downloads\eclipse-jee-2026-06-R-win32-x86_64\eclipse\plugins\org.eclipse.m2e.maven.runtime_3.9.1600.20260522-0510\jars\plexus-build-api-0.0.7.jar
2026-06-18 14:15:30,097 [Worker-46: Launching mavenrun-733d9662-67f0-4e07-9daa-5977ad66f6b3] INFO  o.eclipse.m2e.core.internal.Bundles - 	Entry: C:\Users\CVR\Downloads\eclipse-jee-2026-06-R-win32-x86_64\eclipse\plugins\org.eclipse.m2e.maven.runtime_3.9.1600.20260522-0510\jars\plexus-build-api-1.2.0.jar
2026-06-18 14:15:30,097 [Worker-46: Launching mavenrun-733d9662-67f0-4e07-9daa-5977ad66f6b3] INFO  o.eclipse.m2e.core.internal.Bundles - 	Entry: C:\Users\CVR\Downloads\eclipse-jee-2026-06-R-win32-x86_64\eclipse\plugins\org.eclipse.m2e.maven.runtime_3.9.1600.20260522-0510\jars\plexus-cipher-2.0.jar
2026-06-18 14:15:30,097 [Worker-46: Launching mavenrun-733d9662-67f0-4e07-9daa-5977ad66f6b3] INFO  o.eclipse.m2e.core.internal.Bundles - 	Entry: C:\Users\CVR\Downloads\eclipse-jee-2026-06-R-win32-x86_64\eclipse\plugins\org.eclipse.m2e.maven.runtime_3.9.1600.20260522-0510\jars\plexus-classworlds-2.11.0.jar
2026-06-18 14:15:30,097 [Worker-46: Launching mavenrun-733d9662-67f0-4e07-9daa-5977ad66f6b3] INFO  o.eclipse.m2e.core.internal.Bundles - 	Entry: C:\Users\CVR\Downloads\eclipse-jee-2026-06-R-win32-x86_64\eclipse\plugins\org.eclipse.m2e.maven.runtime_3.9.1600.20260522-0510\jars\plexus-component-annotations-2.2.0.jar
2026-06-18 14:15:30,097 [Worker-46: Launching mavenrun-733d9662-67f0-4e07-9daa-5977ad66f6b3] INFO  o.eclipse.m2e.core.internal.Bundles - 	Entry: C:\Users\CVR\Downloads\eclipse-jee-2026-06-R-win32-x86_64\eclipse\plugins\org.eclipse.m2e.maven.runtime_3.9.1600.20260522-0510\jars\plexus-interpolation-1.29.jar
2026-06-18 14:15:30,097 [Worker-46: Launching mavenrun-733d9662-67f0-4e07-9daa-5977ad66f6b3] INFO  o.eclipse.m2e.core.internal.Bundles - 	Entry: C:\Users\CVR\Downloads\eclipse-jee-2026-06-R-win32-x86_64\eclipse\plugins\org.eclipse.m2e.maven.runtime_3.9.1600.20260522-0510\jars\plexus-sec-dispatcher-2.0.jar
2026-06-18 14:15:30,097 [Worker-46: Launching mavenrun-733d9662-67f0-4e07-9daa-5977ad66f6b3] INFO  o.eclipse.m2e.core.internal.Bundles - 	Entry: C:\Users\CVR\Downloads\eclipse-jee-2026-06-R-win32-x86_64\eclipse\plugins\org.eclipse.m2e.maven.runtime_3.9.1600.20260522-0510\jars\plexus-utils-3.6.1.jar
2026-06-18 14:15:30,097 [Worker-46: Launching mavenrun-733d9662-67f0-4e07-9daa-5977ad66f6b3] INFO  o.eclipse.m2e.core.internal.Bundles - 	Entry: C:\Users\CVR\Downloads\eclipse-jee-2026-06-R-win32-x86_64\eclipse\plugins\org.eclipse.m2e.maven.runtime_3.9.1600.20260522-0510\jars\wagon-file-3.5.3.jar
2026-06-18 14:15:30,097 [Worker-46: Launching mavenrun-733d9662-67f0-4e07-9daa-5977ad66f6b3] INFO  o.eclipse.m2e.core.internal.Bundles - 	Entry: C:\Users\CVR\Downloads\eclipse-jee-2026-06-R-win32-x86_64\eclipse\plugins\org.eclipse.m2e.maven.runtime_3.9.1600.20260522-0510\jars\wagon-http-3.5.3.jar
2026-06-18 14:15:30,097 [Worker-46: Launching mavenrun-733d9662-67f0-4e07-9daa-5977ad66f6b3] INFO  o.eclipse.m2e.core.internal.Bundles - 	Entry: C:\Users\CVR\Downloads\eclipse-jee-2026-06-R-win32-x86_64\eclipse\plugins\org.eclipse.m2e.maven.runtime_3.9.1600.20260522-0510\jars\wagon-http-shared-3.5.3.jar
2026-06-18 14:15:30,097 [Worker-46: Launching mavenrun-733d9662-67f0-4e07-9daa-5977ad66f6b3] INFO  o.eclipse.m2e.core.internal.Bundles - 	Entry: C:\Users\CVR\Downloads\eclipse-jee-2026-06-R-win32-x86_64\eclipse\plugins\org.eclipse.m2e.maven.runtime_3.9.1600.20260522-0510\jars\wagon-provider-api-3.5.3.jar
2026-06-18 14:15:30,097 [Worker-46: Launching mavenrun-733d9662-67f0-4e07-9daa-5977ad66f6b3] INFO  o.eclipse.m2e.core.internal.Bundles - getClasspathEntries(Bundle=com.google.guava_33.6.0.jre [18])
2026-06-18 14:15:30,097 [Worker-46: Launching mavenrun-733d9662-67f0-4e07-9daa-5977ad66f6b3] INFO  o.eclipse.m2e.core.internal.Bundles - 	Entry: C:\Users\CVR\Downloads\eclipse-jee-2026-06-R-win32-x86_64\eclipse\plugins\com.google.guava_33.6.0.jre.jar
2026-06-18 14:15:30,097 [Worker-46: Launching mavenrun-733d9662-67f0-4e07-9daa-5977ad66f6b3] INFO  o.eclipse.m2e.core.internal.Bundles - getClasspathEntries(Bundle=slf4j.api_2.0.18 [1017])
2026-06-18 14:15:30,097 [Worker-46: Launching mavenrun-733d9662-67f0-4e07-9daa-5977ad66f6b3] INFO  o.eclipse.m2e.core.internal.Bundles - 	Entry: C:\Users\CVR\Downloads\eclipse-jee-2026-06-R-win32-x86_64\eclipse\plugins\slf4j.api_2.0.18.jar
2026-06-18 14:15:30,097 [Worker-46: Launching mavenrun-733d9662-67f0-4e07-9daa-5977ad66f6b3] INFO  o.eclipse.m2e.core.internal.Bundles - getClasspathEntries(Bundle=jakarta.inject.jakarta.inject-api_1.0.5 [35])
2026-06-18 14:15:30,098 [Worker-46: Launching mavenrun-733d9662-67f0-4e07-9daa-5977ad66f6b3] INFO  o.eclipse.m2e.core.internal.Bundles - 	Entry: C:\Users\CVR\Downloads\eclipse-jee-2026-06-R-win32-x86_64\eclipse\plugins\jakarta.inject.jakarta.inject-api_1.0.5.jar
2026-06-18 14:15:30,098 [Worker-46: Launching mavenrun-733d9662-67f0-4e07-9daa-5977ad66f6b3] INFO  o.eclipse.m2e.core.internal.Bundles - getClasspathEntries(Bundle=jakarta.annotation-api_1.3.5 [31])
2026-06-18 14:15:30,098 [Worker-46: Launching mavenrun-733d9662-67f0-4e07-9daa-5977ad66f6b3] INFO  o.eclipse.m2e.core.internal.Bundles - 	Entry: C:\Users\CVR\Downloads\eclipse-jee-2026-06-R-win32-x86_64\eclipse\plugins\jakarta.annotation-api_1.3.5.jar
2026-06-18 14:15:30,098 [Worker-46: Launching mavenrun-733d9662-67f0-4e07-9daa-5977ad66f6b3] INFO  o.eclipse.m2e.core.internal.Bundles - getClasspathEntries(Bundle=org.apache.commons.cli_1.11.0 [83])
2026-06-18 14:15:30,098 [Worker-46: Launching mavenrun-733d9662-67f0-4e07-9daa-5977ad66f6b3] INFO  o.eclipse.m2e.core.internal.Bundles - 	Entry: C:\Users\CVR\Downloads\eclipse-jee-2026-06-R-win32-x86_64\eclipse\plugins\org.apache.commons.cli_1.11.0.jar
2026-06-18 14:15:30,098 [Worker-46: Launching mavenrun-733d9662-67f0-4e07-9daa-5977ad66f6b3] INFO  o.eclipse.m2e.core.internal.Bundles - getClasspathEntries(Bundle=org.apache.commons.commons-codec_1.22.0 [85])
2026-06-18 14:15:30,098 [Worker-46: Launching mavenrun-733d9662-67f0-4e07-9daa-5977ad66f6b3] INFO  o.eclipse.m2e.core.internal.Bundles - 	Entry: C:\Users\CVR\Downloads\eclipse-jee-2026-06-R-win32-x86_64\eclipse\plugins\org.apache.commons.commons-codec_1.22.0.jar
2026-06-18 14:15:30,098 [Worker-46: Launching mavenrun-733d9662-67f0-4e07-9daa-5977ad66f6b3] INFO  o.eclipse.m2e.core.internal.Bundles - getClasspathEntries(Bundle=com.google.guava.failureaccess_1.0.3 [19])
2026-06-18 14:15:30,098 [Worker-46: Launching mavenrun-733d9662-67f0-4e07-9daa-5977ad66f6b3] INFO  o.eclipse.m2e.core.internal.Bundles - 	Entry: C:\Users\CVR\Downloads\eclipse-jee-2026-06-R-win32-x86_64\eclipse\plugins\com.google.guava.failureaccess_1.0.3.jar
2026-06-18 14:15:30,099 [Worker-46: Launching mavenrun-733d9662-67f0-4e07-9daa-5977ad66f6b3] INFO  o.e.m.i.launch.MavenLaunchDelegate - Run build in "C:\Users\CVR\AppData\Local\Temp\m2e-archetypeGenerator4868305857785569466":
2026-06-18 14:15:30,099 [Worker-46: Launching mavenrun-733d9662-67f0-4e07-9daa-5977ad66f6b3] INFO  o.e.m.i.launch.MavenLaunchDelegate -  mvn  -DarchetypeGroupId=org.apache.maven.archetypes -DarchetypeArtifactId=maven-archetype-site-simple -DarchetypeVersion=1.1 -DgroupId=com.example -DartifactId=productdemo -Dversion=0.0.1-SNAPSHOT -Dpackage=com.example.productdemo -DoutputDirectory=C:\Users\CVR\eclipse-workspace -Dstyle.color=always -U archetype:generate
2026-06-18 14:15:36,501 [Worker-45: Creating maven-archetype-site-simple] INFO  o.e.m.c.i.p.ProjectConfigurationManager - Collecting project info '/pom.xml' C:\Users\CVR\eclipse-workspace\productdemo\pom.xml
2026-06-18 14:15:36,520 [Worker-45: Creating maven-archetype-site-simple] INFO  o.e.m.c.i.l.LifecycleMappingFactory - Using NULL lifecycle mapping for MavenProject: com.example:productdemo:0.0.1-SNAPSHOT @ C:\Users\CVR\eclipse-workspace\productdemo\pom.xml.
2026-06-18 14:15:36,523 [Worker-45: Creating maven-archetype-site-simple] INFO  o.e.m.c.i.p.ProjectConfigurationManager - Imported and configured 1 project(s) in 0 sec
2026-06-18 14:15:36,647 [Worker-48: Building] WARN  o.apache.maven.project.MavenProject - Plugin is modifying compileSourceRoots through clear(), which will not work in Maven 4.0.0. Use MavenProject.addCompileSourceRoot()/removeCompileSourceRoot() methods instead. If using a plugin, please upgrade to the latest version or report the issue to the plugin maintainer. To disable these warnings, set -Dmaven.project.sourceRoots.warningsDisabled=true on the command line, in the .mvn/maven.config file, or in project POM properties.
2026-06-18 14:15:36,649 [Worker-48: Building] WARN  o.apache.maven.project.MavenProject - Plugin is modifying compileSourceRoots through add(), which will not work in Maven 4.0.0. Use MavenProject.addCompileSourceRoot()/removeCompileSourceRoot() methods instead. If using a plugin, please upgrade to the latest version or report the issue to the plugin maintainer. To disable these warnings, set -Dmaven.project.sourceRoots.warningsDisabled=true on the command line, in the .mvn/maven.config file, or in project POM properties.
2026-06-18 14:15:36,649 [Worker-48: Building] WARN  o.apache.maven.project.MavenProject - Plugin is modifying testCompileSourceRoots through clear(), which will not work in Maven 4.0.0. Use MavenProject.addTestCompileSourceRoot()/removeTestCompileSourceRoot() methods instead. If using a plugin, please upgrade to the latest version or report the issue to the plugin maintainer. To disable these warnings, set -Dmaven.project.sourceRoots.warningsDisabled=true on the command line, in the .mvn/maven.config file, or in project POM properties.
2026-06-18 14:15:36,649 [Worker-48: Building] WARN  o.apache.maven.project.MavenProject - Plugin is modifying testCompileSourceRoots through add(), which will not work in Maven 4.0.0. Use MavenProject.addTestCompileSourceRoot()/removeTestCompileSourceRoot() methods instead. If using a plugin, please upgrade to the latest version or report the issue to the plugin maintainer. To disable these warnings, set -Dmaven.project.sourceRoots.warningsDisabled=true on the command line, in the .mvn/maven.config file, or in project POM properties.
2026-06-18 14:17:23,759 [Worker-46: Launching mavenrun-93325a3a-e954-4c6f-b5a4-dea0678aaf80] INFO  o.eclipse.m2e.core.internal.Bundles - getClasspathEntries(Bundle=org.eclipse.m2e.maven.runtime_3.9.1600.20260522-0510 [649])
2026-06-18 14:17:23,759 [Worker-46: Launching mavenrun-93325a3a-e954-4c6f-b5a4-dea0678aaf80] INFO  o.eclipse.m2e.core.internal.Bundles - 	Entry: C:\Users\CVR\Downloads\eclipse-jee-2026-06-R-win32-x86_64\eclipse\plugins\org.eclipse.m2e.maven.runtime_3.9.1600.20260522-0510
2026-06-18 14:17:23,759 [Worker-46: Launching mavenrun-93325a3a-e954-4c6f-b5a4-dea0678aaf80] INFO  o.eclipse.m2e.core.internal.Bundles - 	Entry: C:\Users\CVR\Downloads\eclipse-jee-2026-06-R-win32-x86_64\eclipse\plugins\org.eclipse.m2e.maven.runtime_3.9.1600.20260522-0510\jars\aopalliance-1.0.jar
2026-06-18 14:17:23,759 [Worker-46: Launching mavenrun-93325a3a-e954-4c6f-b5a4-dea0678aaf80] INFO  o.eclipse.m2e.core.internal.Bundles - 	Entry: C:\Users\CVR\Downloads\eclipse-jee-2026-06-R-win32-x86_64\eclipse\plugins\org.eclipse.m2e.maven.runtime_3.9.1600.20260522-0510\jars\asm-9.9.1.jar
2026-06-18 14:17:23,759 [Worker-46: Launching mavenrun-93325a3a-e954-4c6f-b5a4-dea0678aaf80] INFO  o.eclipse.m2e.core.internal.Bundles - 	Entry: C:\Users\CVR\Downloads\eclipse-jee-2026-06-R-win32-x86_64\eclipse\plugins\org.eclipse.m2e.maven.runtime_3.9.1600.20260522-0510\jars\error_prone_annotations-2.41.0.jar
2026-06-18 14:17:23,759 [Worker-46: Launching mavenrun-93325a3a-e954-4c6f-b5a4-dea0678aaf80] INFO  o.eclipse.m2e.core.internal.Bundles - 	Entry: C:\Users\CVR\Downloads\eclipse-jee-2026-06-R-win32-x86_64\eclipse\plugins\org.eclipse.m2e.maven.runtime_3.9.1600.20260522-0510\jars\gson-2.13.2.jar
2026-06-18 14:17:23,760 [Worker-46: Launching mavenrun-93325a3a-e954-4c6f-b5a4-dea0678aaf80] INFO  o.eclipse.m2e.core.internal.Bundles - 	Entry: C:\Users\CVR\Downloads\eclipse-jee-2026-06-R-win32-x86_64\eclipse\plugins\org.eclipse.m2e.maven.runtime_3.9.1600.20260522-0510\jars\guice-5.1.0-classes.jar
2026-06-18 14:17:23,760 [Worker-46: Launching mavenrun-93325a3a-e954-4c6f-b5a4-dea0678aaf80] INFO  o.eclipse.m2e.core.internal.Bundles - 	Entry: C:\Users\CVR\Downloads\eclipse-jee-2026-06-R-win32-x86_64\eclipse\plugins\org.eclipse.m2e.maven.runtime_3.9.1600.20260522-0510\jars\httpclient-4.5.14.jar
2026-06-18 14:17:23,760 [Worker-46: Launching mavenrun-93325a3a-e954-4c6f-b5a4-dea0678aaf80] INFO  o.eclipse.m2e.core.internal.Bundles - 	Entry: C:\Users\CVR\Downloads\eclipse-jee-2026-06-R-win32-x86_64\eclipse\plugins\org.eclipse.m2e.maven.runtime_3.9.1600.20260522-0510\jars\httpcore-4.4.16.jar
2026-06-18 14:17:23,760 [Worker-46: Launching mavenrun-93325a3a-e954-4c6f-b5a4-dea0678aaf80] INFO  o.eclipse.m2e.core.internal.Bundles - 	Entry: C:\Users\CVR\Downloads\eclipse-jee-2026-06-R-win32-x86_64\eclipse\plugins\org.eclipse.m2e.maven.runtime_3.9.1600.20260522-0510\jars\jansi-2.4.3.jar
2026-06-18 14:17:23,760 [Worker-46: Launching mavenrun-93325a3a-e954-4c6f-b5a4-dea0678aaf80] INFO  o.eclipse.m2e.core.internal.Bundles - 	Entry: C:\Users\CVR\Downloads\eclipse-jee-2026-06-R-win32-x86_64\eclipse\plugins\org.eclipse.m2e.maven.runtime_3.9.1600.20260522-0510\jars\jcl-over-slf4j-1.7.36.jar
2026-06-18 14:17:23,760 [Worker-46: Launching mavenrun-93325a3a-e954-4c6f-b5a4-dea0678aaf80] INFO  o.eclipse.m2e.core.internal.Bundles - 	Entry: C:\Users\CVR\Downloads\eclipse-jee-2026-06-R-win32-x86_64\eclipse\plugins\org.eclipse.m2e.maven.runtime_3.9.1600.20260522-0510\jars\maven-artifact-3.9.16.jar
2026-06-18 14:17:23,760 [Worker-46: Launching mavenrun-93325a3a-e954-4c6f-b5a4-dea0678aaf80] INFO  o.eclipse.m2e.core.internal.Bundles - 	Entry: C:\Users\CVR\Downloads\eclipse-jee-2026-06-R-win32-x86_64\eclipse\plugins\org.eclipse.m2e.maven.runtime_3.9.1600.20260522-0510\jars\maven-builder-support-3.9.16.jar
2026-06-18 14:17:23,760 [Worker-46: Launching mavenrun-93325a3a-e954-4c6f-b5a4-dea0678aaf80] INFO  o.eclipse.m2e.core.internal.Bundles - 	Entry: C:\Users\CVR\Downloads\eclipse-jee-2026-06-R-win32-x86_64\eclipse\plugins\org.eclipse.m2e.maven.runtime_3.9.1600.20260522-0510\jars\maven-compat-3.9.16.jar
2026-06-18 14:17:23,760 [Worker-46: Launching mavenrun-93325a3a-e954-4c6f-b5a4-dea0678aaf80] INFO  o.eclipse.m2e.core.internal.Bundles - 	Entry: C:\Users\CVR\Downloads\eclipse-jee-2026-06-R-win32-x86_64\eclipse\plugins\org.eclipse.m2e.maven.runtime_3.9.1600.20260522-0510\jars\maven-core-3.9.16.jar
2026-06-18 14:17:23,760 [Worker-46: Launching mavenrun-93325a3a-e954-4c6f-b5a4-dea0678aaf80] INFO  o.eclipse.m2e.core.internal.Bundles - 	Entry: C:\Users\CVR\Downloads\eclipse-jee-2026-06-R-win32-x86_64\eclipse\plugins\org.eclipse.m2e.maven.runtime_3.9.1600.20260522-0510\jars\maven-embedder-3.9.16.jar
2026-06-18 14:17:23,760 [Worker-46: Launching mavenrun-93325a3a-e954-4c6f-b5a4-dea0678aaf80] INFO  o.eclipse.m2e.core.internal.Bundles - 	Entry: C:\Users\CVR\Downloads\eclipse-jee-2026-06-R-win32-x86_64\eclipse\plugins\org.eclipse.m2e.maven.runtime_3.9.1600.20260522-0510\jars\maven-model-3.9.16.jar
2026-06-18 14:17:23,760 [Worker-46: Launching mavenrun-93325a3a-e954-4c6f-b5a4-dea0678aaf80] INFO  o.eclipse.m2e.core.internal.Bundles - 	Entry: C:\Users\CVR\Downloads\eclipse-jee-2026-06-R-win32-x86_64\eclipse\plugins\org.eclipse.m2e.maven.runtime_3.9.1600.20260522-0510\jars\maven-model-builder-3.9.16.jar
2026-06-18 14:17:23,760 [Worker-46: Launching mavenrun-93325a3a-e954-4c6f-b5a4-dea0678aaf80] INFO  o.eclipse.m2e.core.internal.Bundles - 	Entry: C:\Users\CVR\Downloads\eclipse-jee-2026-06-R-win32-x86_64\eclipse\plugins\org.eclipse.m2e.maven.runtime_3.9.1600.20260522-0510\jars\maven-plugin-api-3.9.16.jar
2026-06-18 14:17:23,760 [Worker-46: Launching mavenrun-93325a3a-e954-4c6f-b5a4-dea0678aaf80] INFO  o.eclipse.m2e.core.internal.Bundles - 	Entry: C:\Users\CVR\Downloads\eclipse-jee-2026-06-R-win32-x86_64\eclipse\plugins\org.eclipse.m2e.maven.runtime_3.9.1600.20260522-0510\jars\maven-repository-metadata-3.9.16.jar
2026-06-18 14:17:23,760 [Worker-46: Launching mavenrun-93325a3a-e954-4c6f-b5a4-dea0678aaf80] INFO  o.eclipse.m2e.core.internal.Bundles - 	Entry: C:\Users\CVR\Downloads\eclipse-jee-2026-06-R-win32-x86_64\eclipse\plugins\org.eclipse.m2e.maven.runtime_3.9.1600.20260522-0510\jars\maven-resolver-api-1.9.27.jar
2026-06-18 14:17:23,761 [Worker-46: Launching mavenrun-93325a3a-e954-4c6f-b5a4-dea0678aaf80] INFO  o.eclipse.m2e.core.internal.Bundles - 	Entry: C:\Users\CVR\Downloads\eclipse-jee-2026-06-R-win32-x86_64\eclipse\plugins\org.eclipse.m2e.maven.runtime_3.9.1600.20260522-0510\jars\maven-resolver-connector-basic-1.9.27.jar
2026-06-18 14:17:23,761 [Worker-46: Launching mavenrun-93325a3a-e954-4c6f-b5a4-dea0678aaf80] INFO  o.eclipse.m2e.core.internal.Bundles - 	Entry: C:\Users\CVR\Downloads\eclipse-jee-2026-06-R-win32-x86_64\eclipse\plugins\org.eclipse.m2e.maven.runtime_3.9.1600.20260522-0510\jars\maven-resolver-impl-1.9.27.jar
2026-06-18 14:17:23,761 [Worker-46: Launching mavenrun-93325a3a-e954-4c6f-b5a4-dea0678aaf80] INFO  o.eclipse.m2e.core.internal.Bundles - 	Entry: C:\Users\CVR\Downloads\eclipse-jee-2026-06-R-win32-x86_64\eclipse\plugins\org.eclipse.m2e.maven.runtime_3.9.1600.20260522-0510\jars\maven-resolver-named-locks-1.9.27.jar
2026-06-18 14:17:23,761 [Worker-46: Launching mavenrun-93325a3a-e954-4c6f-b5a4-dea0678aaf80] INFO  o.eclipse.m2e.core.internal.Bundles - 	Entry: C:\Users\CVR\Downloads\eclipse-jee-2026-06-R-win32-x86_64\eclipse\plugins\org.eclipse.m2e.maven.runtime_3.9.1600.20260522-0510\jars\maven-resolver-provider-3.9.16.jar
2026-06-18 14:17:23,761 [Worker-46: Launching mavenrun-93325a3a-e954-4c6f-b5a4-dea0678aaf80] INFO  o.eclipse.m2e.core.internal.Bundles - 	Entry: C:\Users\CVR\Downloads\eclipse-jee-2026-06-R-win32-x86_64\eclipse\plugins\org.eclipse.m2e.maven.runtime_3.9.1600.20260522-0510\jars\maven-resolver-spi-1.9.27.jar
2026-06-18 14:17:23,761 [Worker-46: Launching mavenrun-93325a3a-e954-4c6f-b5a4-dea0678aaf80] INFO  o.eclipse.m2e.core.internal.Bundles - 	Entry: C:\Users\CVR\Downloads\eclipse-jee-2026-06-R-win32-x86_64\eclipse\plugins\org.eclipse.m2e.maven.runtime_3.9.1600.20260522-0510\jars\maven-resolver-transport-file-1.9.27.jar
2026-06-18 14:17:23,761 [Worker-46: Launching mavenrun-93325a3a-e954-4c6f-b5a4-dea0678aaf80] INFO  o.eclipse.m2e.core.internal.Bundles - 	Entry: C:\Users\CVR\Downloads\eclipse-jee-2026-06-R-win32-x86_64\eclipse\plugins\org.eclipse.m2e.maven.runtime_3.9.1600.20260522-0510\jars\maven-resolver-transport-http-1.9.27.jar
2026-06-18 14:17:23,761 [Worker-46: Launching mavenrun-93325a3a-e954-4c6f-b5a4-dea0678aaf80] INFO  o.eclipse.m2e.core.internal.Bundles - 	Entry: C:\Users\CVR\Downloads\eclipse-jee-2026-06-R-win32-x86_64\eclipse\plugins\org.eclipse.m2e.maven.runtime_3.9.1600.20260522-0510\jars\maven-resolver-transport-wagon-1.9.27.jar
2026-06-18 14:17:23,761 [Worker-46: Launching mavenrun-93325a3a-e954-4c6f-b5a4-dea0678aaf80] INFO  o.eclipse.m2e.core.internal.Bundles - 	Entry: C:\Users\CVR\Downloads\eclipse-jee-2026-06-R-win32-x86_64\eclipse\plugins\org.eclipse.m2e.maven.runtime_3.9.1600.20260522-0510\jars\maven-resolver-util-1.9.27.jar
2026-06-18 14:17:23,761 [Worker-46: Launching mavenrun-93325a3a-e954-4c6f-b5a4-dea0678aaf80] INFO  o.eclipse.m2e.core.internal.Bundles - 	Entry: C:\Users\CVR\Downloads\eclipse-jee-2026-06-R-win32-x86_64\eclipse\plugins\org.eclipse.m2e.maven.runtime_3.9.1600.20260522-0510\jars\maven-settings-3.9.16.jar
2026-06-18 14:17:23,761 [Worker-46: Launching mavenrun-93325a3a-e954-4c6f-b5a4-dea0678aaf80] INFO  o.eclipse.m2e.core.internal.Bundles - 	Entry: C:\Users\CVR\Downloads\eclipse-jee-2026-06-R-win32-x86_64\eclipse\plugins\org.eclipse.m2e.maven.runtime_3.9.1600.20260522-0510\jars\maven-settings-builder-3.9.16.jar
2026-06-18 14:17:23,761 [Worker-46: Launching mavenrun-93325a3a-e954-4c6f-b5a4-dea0678aaf80] INFO  o.eclipse.m2e.core.internal.Bundles - 	Entry: C:\Users\CVR\Downloads\eclipse-jee-2026-06-R-win32-x86_64\eclipse\plugins\org.eclipse.m2e.maven.runtime_3.9.1600.20260522-0510\jars\maven-shared-utils-3.4.2.jar
2026-06-18 14:17:23,761 [Worker-46: Launching mavenrun-93325a3a-e954-4c6f-b5a4-dea0678aaf80] INFO  o.eclipse.m2e.core.internal.Bundles - 	Entry: C:\Users\CVR\Downloads\eclipse-jee-2026-06-R-win32-x86_64\eclipse\plugins\org.eclipse.m2e.maven.runtime_3.9.1600.20260522-0510\jars\org.eclipse.sisu.inject-1.0.0.jar
2026-06-18 14:17:23,761 [Worker-46: Launching mavenrun-93325a3a-e954-4c6f-b5a4-dea0678aaf80] INFO  o.eclipse.m2e.core.internal.Bundles - 	Entry: C:\Users\CVR\Downloads\eclipse-jee-2026-06-R-win32-x86_64\eclipse\plugins\org.eclipse.m2e.maven.runtime_3.9.1600.20260522-0510\jars\org.eclipse.sisu.plexus-1.0.0.jar
2026-06-18 14:17:23,761 [Worker-46: Launching mavenrun-93325a3a-e954-4c6f-b5a4-dea0678aaf80] INFO  o.eclipse.m2e.core.internal.Bundles - 	Entry: C:\Users\CVR\Downloads\eclipse-jee-2026-06-R-win32-x86_64\eclipse\plugins\org.eclipse.m2e.maven.runtime_3.9.1600.20260522-0510\jars\plexus-build-api-0.0.7.jar
2026-06-18 14:17:23,761 [Worker-46: Launching mavenrun-93325a3a-e954-4c6f-b5a4-dea0678aaf80] INFO  o.eclipse.m2e.core.internal.Bundles - 	Entry: C:\Users\CVR\Downloads\eclipse-jee-2026-06-R-win32-x86_64\eclipse\plugins\org.eclipse.m2e.maven.runtime_3.9.1600.20260522-0510\jars\plexus-build-api-1.2.0.jar
2026-06-18 14:17:23,761 [Worker-46: Launching mavenrun-93325a3a-e954-4c6f-b5a4-dea0678aaf80] INFO  o.eclipse.m2e.core.internal.Bundles - 	Entry: C:\Users\CVR\Downloads\eclipse-jee-2026-06-R-win32-x86_64\eclipse\plugins\org.eclipse.m2e.maven.runtime_3.9.1600.20260522-0510\jars\plexus-cipher-2.0.jar
2026-06-18 14:17:23,761 [Worker-46: Launching mavenrun-93325a3a-e954-4c6f-b5a4-dea0678aaf80] INFO  o.eclipse.m2e.core.internal.Bundles - 	Entry: C:\Users\CVR\Downloads\eclipse-jee-2026-06-R-win32-x86_64\eclipse\plugins\org.eclipse.m2e.maven.runtime_3.9.1600.20260522-0510\jars\plexus-classworlds-2.11.0.jar
2026-06-18 14:17:23,761 [Worker-46: Launching mavenrun-93325a3a-e954-4c6f-b5a4-dea0678aaf80] INFO  o.eclipse.m2e.core.internal.Bundles - 	Entry: C:\Users\CVR\Downloads\eclipse-jee-2026-06-R-win32-x86_64\eclipse\plugins\org.eclipse.m2e.maven.runtime_3.9.1600.20260522-0510\jars\plexus-component-annotations-2.2.0.jar
2026-06-18 14:17:23,761 [Worker-46: Launching mavenrun-93325a3a-e954-4c6f-b5a4-dea0678aaf80] INFO  o.eclipse.m2e.core.internal.Bundles - 	Entry: C:\Users\CVR\Downloads\eclipse-jee-2026-06-R-win32-x86_64\eclipse\plugins\org.eclipse.m2e.maven.runtime_3.9.1600.20260522-0510\jars\plexus-interpolation-1.29.jar
2026-06-18 14:17:23,761 [Worker-46: Launching mavenrun-93325a3a-e954-4c6f-b5a4-dea0678aaf80] INFO  o.eclipse.m2e.core.internal.Bundles - 	Entry: C:\Users\CVR\Downloads\eclipse-jee-2026-06-R-win32-x86_64\eclipse\plugins\org.eclipse.m2e.maven.runtime_3.9.1600.20260522-0510\jars\plexus-sec-dispatcher-2.0.jar
2026-06-18 14:17:23,761 [Worker-46: Launching mavenrun-93325a3a-e954-4c6f-b5a4-dea0678aaf80] INFO  o.eclipse.m2e.core.internal.Bundles - 	Entry: C:\Users\CVR\Downloads\eclipse-jee-2026-06-R-win32-x86_64\eclipse\plugins\org.eclipse.m2e.maven.runtime_3.9.1600.20260522-0510\jars\plexus-utils-3.6.1.jar
2026-06-18 14:17:23,761 [Worker-46: Launching mavenrun-93325a3a-e954-4c6f-b5a4-dea0678aaf80] INFO  o.eclipse.m2e.core.internal.Bundles - 	Entry: C:\Users\CVR\Downloads\eclipse-jee-2026-06-R-win32-x86_64\eclipse\plugins\org.eclipse.m2e.maven.runtime_3.9.1600.20260522-0510\jars\wagon-file-3.5.3.jar
2026-06-18 14:17:23,761 [Worker-46: Launching mavenrun-93325a3a-e954-4c6f-b5a4-dea0678aaf80] INFO  o.eclipse.m2e.core.internal.Bundles - 	Entry: C:\Users\CVR\Downloads\eclipse-jee-2026-06-R-win32-x86_64\eclipse\plugins\org.eclipse.m2e.maven.runtime_3.9.1600.20260522-0510\jars\wagon-http-3.5.3.jar
2026-06-18 14:17:23,761 [Worker-46: Launching mavenrun-93325a3a-e954-4c6f-b5a4-dea0678aaf80] INFO  o.eclipse.m2e.core.internal.Bundles - 	Entry: C:\Users\CVR\Downloads\eclipse-jee-2026-06-R-win32-x86_64\eclipse\plugins\org.eclipse.m2e.maven.runtime_3.9.1600.20260522-0510\jars\wagon-http-shared-3.5.3.jar
2026-06-18 14:17:23,762 [Worker-46: Launching mavenrun-93325a3a-e954-4c6f-b5a4-dea0678aaf80] INFO  o.eclipse.m2e.core.internal.Bundles - 	Entry: C:\Users\CVR\Downloads\eclipse-jee-2026-06-R-win32-x86_64\eclipse\plugins\org.eclipse.m2e.maven.runtime_3.9.1600.20260522-0510\jars\wagon-provider-api-3.5.3.jar
2026-06-18 14:17:23,762 [Worker-46: Launching mavenrun-93325a3a-e954-4c6f-b5a4-dea0678aaf80] INFO  o.eclipse.m2e.core.internal.Bundles - getClasspathEntries(Bundle=com.google.guava_33.6.0.jre [18])
2026-06-18 14:17:23,762 [Worker-46: Launching mavenrun-93325a3a-e954-4c6f-b5a4-dea0678aaf80] INFO  o.eclipse.m2e.core.internal.Bundles - 	Entry: C:\Users\CVR\Downloads\eclipse-jee-2026-06-R-win32-x86_64\eclipse\plugins\com.google.guava_33.6.0.jre.jar
2026-06-18 14:17:23,762 [Worker-46: Launching mavenrun-93325a3a-e954-4c6f-b5a4-dea0678aaf80] INFO  o.eclipse.m2e.core.internal.Bundles - getClasspathEntries(Bundle=slf4j.api_2.0.18 [1017])
2026-06-18 14:17:23,762 [Worker-46: Launching mavenrun-93325a3a-e954-4c6f-b5a4-dea0678aaf80] INFO  o.eclipse.m2e.core.internal.Bundles - 	Entry: C:\Users\CVR\Downloads\eclipse-jee-2026-06-R-win32-x86_64\eclipse\plugins\slf4j.api_2.0.18.jar
2026-06-18 14:17:23,762 [Worker-46: Launching mavenrun-93325a3a-e954-4c6f-b5a4-dea0678aaf80] INFO  o.eclipse.m2e.core.internal.Bundles - getClasspathEntries(Bundle=jakarta.inject.jakarta.inject-api_1.0.5 [35])
2026-06-18 14:17:23,762 [Worker-46: Launching mavenrun-93325a3a-e954-4c6f-b5a4-dea0678aaf80] INFO  o.eclipse.m2e.core.internal.Bundles - 	Entry: C:\Users\CVR\Downloads\eclipse-jee-2026-06-R-win32-x86_64\eclipse\plugins\jakarta.inject.jakarta.inject-api_1.0.5.jar
2026-06-18 14:17:23,762 [Worker-46: Launching mavenrun-93325a3a-e954-4c6f-b5a4-dea0678aaf80] INFO  o.eclipse.m2e.core.internal.Bundles - getClasspathEntries(Bundle=jakarta.annotation-api_1.3.5 [31])
2026-06-18 14:17:23,762 [Worker-46: Launching mavenrun-93325a3a-e954-4c6f-b5a4-dea0678aaf80] INFO  o.eclipse.m2e.core.internal.Bundles - 	Entry: C:\Users\CVR\Downloads\eclipse-jee-2026-06-R-win32-x86_64\eclipse\plugins\jakarta.annotation-api_1.3.5.jar
2026-06-18 14:17:23,762 [Worker-46: Launching mavenrun-93325a3a-e954-4c6f-b5a4-dea0678aaf80] INFO  o.eclipse.m2e.core.internal.Bundles - getClasspathEntries(Bundle=org.apache.commons.cli_1.11.0 [83])
2026-06-18 14:17:23,762 [Worker-46: Launching mavenrun-93325a3a-e954-4c6f-b5a4-dea0678aaf80] INFO  o.eclipse.m2e.core.internal.Bundles - 	Entry: C:\Users\CVR\Downloads\eclipse-jee-2026-06-R-win32-x86_64\eclipse\plugins\org.apache.commons.cli_1.11.0.jar
2026-06-18 14:17:23,762 [Worker-46: Launching mavenrun-93325a3a-e954-4c6f-b5a4-dea0678aaf80] INFO  o.eclipse.m2e.core.internal.Bundles - getClasspathEntries(Bundle=org.apache.commons.commons-codec_1.22.0 [85])
2026-06-18 14:17:23,763 [Worker-46: Launching mavenrun-93325a3a-e954-4c6f-b5a4-dea0678aaf80] INFO  o.eclipse.m2e.core.internal.Bundles - 	Entry: C:\Users\CVR\Downloads\eclipse-jee-2026-06-R-win32-x86_64\eclipse\plugins\org.apache.commons.commons-codec_1.22.0.jar
2026-06-18 14:17:23,763 [Worker-46: Launching mavenrun-93325a3a-e954-4c6f-b5a4-dea0678aaf80] INFO  o.eclipse.m2e.core.internal.Bundles - getClasspathEntries(Bundle=com.google.guava.failureaccess_1.0.3 [19])
2026-06-18 14:17:23,763 [Worker-46: Launching mavenrun-93325a3a-e954-4c6f-b5a4-dea0678aaf80] INFO  o.eclipse.m2e.core.internal.Bundles - 	Entry: C:\Users\CVR\Downloads\eclipse-jee-2026-06-R-win32-x86_64\eclipse\plugins\com.google.guava.failureaccess_1.0.3.jar
2026-06-18 14:17:23,763 [Worker-46: Launching mavenrun-93325a3a-e954-4c6f-b5a4-dea0678aaf80] INFO  o.e.m.i.launch.MavenLaunchDelegate - Run build in "C:\Users\CVR\AppData\Local\Temp\m2e-archetypeGenerator7647166363574344597":
2026-06-18 14:17:23,763 [Worker-46: Launching mavenrun-93325a3a-e954-4c6f-b5a4-dea0678aaf80] INFO  o.e.m.i.launch.MavenLaunchDelegate -  mvn  -DarchetypeGroupId=org.apache.maven.archetypes -DarchetypeArtifactId=maven-archetype-quickstart -DarchetypeVersion=1.1 -DgroupId=com.example -DartifactId=productdemo -Dversion=0.0.1-SNAPSHOT -Dpackage=com.example.productdemo -DoutputDirectory=C:\Users\CVR\eclipse-workspace -Dstyle.color=always -U archetype:generate
2026-06-18 14:17:31,002 [Worker-50: Creating maven-archetype-quickstart] INFO  o.e.m.c.i.p.ProjectConfigurationManager - Collecting project info '/pom.xml' C:\Users\CVR\eclipse-workspace\productdemo\pom.xml
2026-06-18 14:17:31,025 [Worker-50: Creating maven-archetype-quickstart] INFO  o.e.m.c.i.l.LifecycleMappingFactory - Using org.eclipse.m2e.jdt.JarLifecycleMapping lifecycle mapping for MavenProject: com.example:productdemo:0.0.1-SNAPSHOT @ C:\Users\CVR\eclipse-workspace\productdemo\pom.xml.
2026-06-18 14:17:31,043 [Worker-50: Creating maven-archetype-quickstart] INFO  o.e.m.j.i.AbstractJavaProjectConfigurator - Adding source folder /productdemo/src/main/java
2026-06-18 14:17:31,043 [Worker-50: Creating maven-archetype-quickstart] INFO  o.e.m.j.i.AbstractJavaProjectConfigurator - Adding resource folder /productdemo/src/main/resources
2026-06-18 14:17:31,045 [Worker-50: Creating maven-archetype-quickstart] INFO  o.e.m.j.i.AbstractJavaProjectConfigurator - Adding source folder /productdemo/src/test/java
2026-06-18 14:17:31,045 [Worker-50: Creating maven-archetype-quickstart] INFO  o.e.m.j.i.AbstractJavaProjectConfigurator - Adding resource folder /productdemo/src/test/resources
2026-06-18 14:17:31,061 [Worker-50: Creating maven-archetype-quickstart] WARN  o.apache.maven.project.MavenProject - Plugin is modifying compileSourceRoots through clear(), which will not work in Maven 4.0.0. Use MavenProject.addCompileSourceRoot()/removeCompileSourceRoot() methods instead. If using a plugin, please upgrade to the latest version or report the issue to the plugin maintainer. To disable these warnings, set -Dmaven.project.sourceRoots.warningsDisabled=true on the command line, in the .mvn/maven.config file, or in project POM properties.
2026-06-18 14:17:31,062 [Worker-50: Creating maven-archetype-quickstart] WARN  o.apache.maven.project.MavenProject - Plugin is modifying compileSourceRoots through add(), which will not work in Maven 4.0.0. Use MavenProject.addCompileSourceRoot()/removeCompileSourceRoot() methods instead. If using a plugin, please upgrade to the latest version or report the issue to the plugin maintainer. To disable these warnings, set -Dmaven.project.sourceRoots.warningsDisabled=true on the command line, in the .mvn/maven.config file, or in project POM properties.
2026-06-18 14:17:31,062 [Worker-50: Creating maven-archetype-quickstart] WARN  o.apache.maven.project.MavenProject - Plugin is modifying testCompileSourceRoots through clear(), which will not work in Maven 4.0.0. Use MavenProject.addTestCompileSourceRoot()/removeTestCompileSourceRoot() methods instead. If using a plugin, please upgrade to the latest version or report the issue to the plugin maintainer. To disable these warnings, set -Dmaven.project.sourceRoots.warningsDisabled=true on the command line, in the .mvn/maven.config file, or in project POM properties.
2026-06-18 14:17:31,062 [Worker-50: Creating maven-archetype-quickstart] WARN  o.apache.maven.project.MavenProject - Plugin is modifying testCompileSourceRoots through add(), which will not work in Maven 4.0.0. Use MavenProject.addTestCompileSourceRoot()/removeTestCompileSourceRoot() methods instead. If using a plugin, please upgrade to the latest version or report the issue to the plugin maintainer. To disable these warnings, set -Dmaven.project.sourceRoots.warningsDisabled=true on the command line, in the .mvn/maven.config file, or in project POM properties.
2026-06-18 14:17:31,065 [Worker-50: Creating maven-archetype-quickstart] INFO  o.e.m.c.i.p.ProjectConfigurationManager - Imported and configured 1 project(s) in 0 sec
2026-06-18 14:17:31,241 [Worker-53: Building] INFO  o.a.m.s.f.DefaultMavenResourcesFiltering - skip non existing resourceDirectory C:\Users\CVR\eclipse-workspace\productdemo\src\main\resources
2026-06-18 14:17:31,242 [Worker-53: Building] INFO  o.a.m.s.f.DefaultMavenResourcesFiltering - skip non existing resourceDirectory C:\Users\CVR\eclipse-workspace\productdemo\src\test\resources
2026-06-18 14:17:31,246 [Worker-53: Building] WARN  o.apache.maven.project.MavenProject - Plugin is modifying compileSourceRoots through clear(), which will not work in Maven 4.0.0. Use MavenProject.addCompileSourceRoot()/removeCompileSourceRoot() methods instead. If using a plugin, please upgrade to the latest version or report the issue to the plugin maintainer. To disable these warnings, set -Dmaven.project.sourceRoots.warningsDisabled=true on the command line, in the .mvn/maven.config file, or in project POM properties.
2026-06-18 14:17:31,246 [Worker-53: Building] WARN  o.apache.maven.project.MavenProject - Plugin is modifying compileSourceRoots through add(), which will not work in Maven 4.0.0. Use MavenProject.addCompileSourceRoot()/removeCompileSourceRoot() methods instead. If using a plugin, please upgrade to the latest version or report the issue to the plugin maintainer. To disable these warnings, set -Dmaven.project.sourceRoots.warningsDisabled=true on the command line, in the .mvn/maven.config file, or in project POM properties.
2026-06-18 14:17:31,247 [Worker-53: Building] WARN  o.apache.maven.project.MavenProject - Plugin is modifying testCompileSourceRoots through clear(), which will not work in Maven 4.0.0. Use MavenProject.addTestCompileSourceRoot()/removeTestCompileSourceRoot() methods instead. If using a plugin, please upgrade to the latest version or report the issue to the plugin maintainer. To disable these warnings, set -Dmaven.project.sourceRoots.warningsDisabled=true on the command line, in the .mvn/maven.config file, or in project POM properties.
2026-06-18 14:17:31,247 [Worker-53: Building] WARN  o.apache.maven.project.MavenProject - Plugin is modifying testCompileSourceRoots through add(), which will not work in Maven 4.0.0. Use MavenProject.addTestCompileSourceRoot()/removeTestCompileSourceRoot() methods instead. If using a plugin, please upgrade to the latest version or report the issue to the plugin maintainer. To disable these warnings, set -Dmaven.project.sourceRoots.warningsDisabled=true on the command line, in the .mvn/maven.config file, or in project POM properties.
2026-06-18 14:19:33,721 [Worker-53: Building] INFO  o.a.m.s.f.DefaultMavenResourcesFiltering - Copying 0 resource from src\main\resources to target\classes
2026-06-18 14:19:33,723 [Worker-53: Building] INFO  o.a.m.s.f.DefaultMavenResourcesFiltering - Copying 0 resource from src\test\resources to target\test-classes
2026-06-18 14:19:33,731 [Worker-53: Building] WARN  o.apache.maven.project.MavenProject - Plugin is modifying compileSourceRoots through clear(), which will not work in Maven 4.0.0. Use MavenProject.addCompileSourceRoot()/removeCompileSourceRoot() methods instead. If using a plugin, please upgrade to the latest version or report the issue to the plugin maintainer. To disable these warnings, set -Dmaven.project.sourceRoots.warningsDisabled=true on the command line, in the .mvn/maven.config file, or in project POM properties.
2026-06-18 14:19:33,732 [Worker-53: Building] WARN  o.apache.maven.project.MavenProject - Plugin is modifying compileSourceRoots through add(), which will not work in Maven 4.0.0. Use MavenProject.addCompileSourceRoot()/removeCompileSourceRoot() methods instead. If using a plugin, please upgrade to the latest version or report the issue to the plugin maintainer. To disable these warnings, set -Dmaven.project.sourceRoots.warningsDisabled=true on the command line, in the .mvn/maven.config file, or in project POM properties.
2026-06-18 14:19:33,733 [Worker-53: Building] WARN  o.apache.maven.project.MavenProject - Plugin is modifying testCompileSourceRoots through clear(), which will not work in Maven 4.0.0. Use MavenProject.addTestCompileSourceRoot()/removeTestCompileSourceRoot() methods instead. If using a plugin, please upgrade to the latest version or report the issue to the plugin maintainer. To disable these warnings, set -Dmaven.project.sourceRoots.warningsDisabled=true on the command line, in the .mvn/maven.config file, or in project POM properties.
2026-06-18 14:19:33,733 [Worker-53: Building] WARN  o.apache.maven.project.MavenProject - Plugin is modifying testCompileSourceRoots through add(), which will not work in Maven 4.0.0. Use MavenProject.addTestCompileSourceRoot()/removeTestCompileSourceRoot() methods instead. If using a plugin, please upgrade to the latest version or report the issue to the plugin maintainer. To disable these warnings, set -Dmaven.project.sourceRoots.warningsDisabled=true on the command line, in the .mvn/maven.config file, or in project POM properties.
2026-06-18 14:21:31,694 [Worker-45: Building] INFO  o.a.m.s.f.DefaultMavenResourcesFiltering - Copying 1 resource from src\main\resources to target\classes
2026-06-18 14:21:31,699 [Worker-45: Building] INFO  o.a.m.s.f.DefaultMavenResourcesFiltering - Copying 0 resource from src\test\resources to target\test-classes
2026-06-18 14:21:31,699 [Worker-45: Building] WARN  o.apache.maven.project.MavenProject - Plugin is modifying compileSourceRoots through clear(), which will not work in Maven 4.0.0. Use MavenProject.addCompileSourceRoot()/removeCompileSourceRoot() methods instead. If using a plugin, please upgrade to the latest version or report the issue to the plugin maintainer. To disable these warnings, set -Dmaven.project.sourceRoots.warningsDisabled=true on the command line, in the .mvn/maven.config file, or in project POM properties.
2026-06-18 14:21:31,700 [Worker-45: Building] WARN  o.apache.maven.project.MavenProject - Plugin is modifying compileSourceRoots through add(), which will not work in Maven 4.0.0. Use MavenProject.addCompileSourceRoot()/removeCompileSourceRoot() methods instead. If using a plugin, please upgrade to the latest version or report the issue to the plugin maintainer. To disable these warnings, set -Dmaven.project.sourceRoots.warningsDisabled=true on the command line, in the .mvn/maven.config file, or in project POM properties.
2026-06-18 14:21:31,700 [Worker-45: Building] WARN  o.apache.maven.project.MavenProject - Plugin is modifying testCompileSourceRoots through clear(), which will not work in Maven 4.0.0. Use MavenProject.addTestCompileSourceRoot()/removeTestCompileSourceRoot() methods instead. If using a plugin, please upgrade to the latest version or report the issue to the plugin maintainer. To disable these warnings, set -Dmaven.project.sourceRoots.warningsDisabled=true on the command line, in the .mvn/maven.config file, or in project POM properties.
2026-06-18 14:21:31,700 [Worker-45: Building] WARN  o.apache.maven.project.MavenProject - Plugin is modifying testCompileSourceRoots through add(), which will not work in Maven 4.0.0. Use MavenProject.addTestCompileSourceRoot()/removeTestCompileSourceRoot() methods instead. If using a plugin, please upgrade to the latest version or report the issue to the plugin maintainer. To disable these warnings, set -Dmaven.project.sourceRoots.warningsDisabled=true on the command line, in the .mvn/maven.config file, or in project POM properties.
2026-06-18 14:22:02,615 [Worker-45: Building] INFO  o.a.m.s.f.DefaultMavenResourcesFiltering - Copying 0 resource from src\main\resources to target\classes
2026-06-18 14:22:02,616 [Worker-45: Building] INFO  o.a.m.s.f.DefaultMavenResourcesFiltering - Copying 0 resource from src\test\resources to target\test-classes
2026-06-18 14:22:02,617 [Worker-45: Building] WARN  o.apache.maven.project.MavenProject - Plugin is modifying compileSourceRoots through clear(), which will not work in Maven 4.0.0. Use MavenProject.addCompileSourceRoot()/removeCompileSourceRoot() methods instead. If using a plugin, please upgrade to the latest version or report the issue to the plugin maintainer. To disable these warnings, set -Dmaven.project.sourceRoots.warningsDisabled=true on the command line, in the .mvn/maven.config file, or in project POM properties.
2026-06-18 14:22:02,617 [Worker-45: Building] WARN  o.apache.maven.project.MavenProject - Plugin is modifying compileSourceRoots through add(), which will not work in Maven 4.0.0. Use MavenProject.addCompileSourceRoot()/removeCompileSourceRoot() methods instead. If using a plugin, please upgrade to the latest version or report the issue to the plugin maintainer. To disable these warnings, set -Dmaven.project.sourceRoots.warningsDisabled=true on the command line, in the .mvn/maven.config file, or in project POM properties.
2026-06-18 14:22:02,618 [Worker-45: Building] WARN  o.apache.maven.project.MavenProject - Plugin is modifying testCompileSourceRoots through clear(), which will not work in Maven 4.0.0. Use MavenProject.addTestCompileSourceRoot()/removeTestCompileSourceRoot() methods instead. If using a plugin, please upgrade to the latest version or report the issue to the plugin maintainer. To disable these warnings, set -Dmaven.project.sourceRoots.warningsDisabled=true on the command line, in the .mvn/maven.config file, or in project POM properties.
2026-06-18 14:22:02,618 [Worker-45: Building] WARN  o.apache.maven.project.MavenProject - Plugin is modifying testCompileSourceRoots through add(), which will not work in Maven 4.0.0. Use MavenProject.addTestCompileSourceRoot()/removeTestCompileSourceRoot() methods instead. If using a plugin, please upgrade to the latest version or report the issue to the plugin maintainer. To disable these warnings, set -Dmaven.project.sourceRoots.warningsDisabled=true on the command line, in the .mvn/maven.config file, or in project POM properties.
2026-06-18 14:22:38,598 [Worker-57: Building] INFO  o.a.m.s.f.DefaultMavenResourcesFiltering - Copying 1 resource from src\main\resources to target\classes
2026-06-18 14:22:38,601 [Worker-57: Building] INFO  o.a.m.s.f.DefaultMavenResourcesFiltering - Copying 0 resource from src\test\resources to target\test-classes
2026-06-18 14:22:38,601 [Worker-57: Building] WARN  o.apache.maven.project.MavenProject - Plugin is modifying compileSourceRoots through clear(), which will not work in Maven 4.0.0. Use MavenProject.addCompileSourceRoot()/removeCompileSourceRoot() methods instead. If using a plugin, please upgrade to the latest version or report the issue to the plugin maintainer. To disable these warnings, set -Dmaven.project.sourceRoots.warningsDisabled=true on the command line, in the .mvn/maven.config file, or in project POM properties.
2026-06-18 14:22:38,601 [Worker-57: Building] WARN  o.apache.maven.project.MavenProject - Plugin is modifying compileSourceRoots through add(), which will not work in Maven 4.0.0. Use MavenProject.addCompileSourceRoot()/removeCompileSourceRoot() methods instead. If using a plugin, please upgrade to the latest version or report the issue to the plugin maintainer. To disable these warnings, set -Dmaven.project.sourceRoots.warningsDisabled=true on the command line, in the .mvn/maven.config file, or in project POM properties.
2026-06-18 14:22:38,602 [Worker-57: Building] WARN  o.apache.maven.project.MavenProject - Plugin is modifying testCompileSourceRoots through clear(), which will not work in Maven 4.0.0. Use MavenProject.addTestCompileSourceRoot()/removeTestCompileSourceRoot() methods instead. If using a plugin, please upgrade to the latest version or report the issue to the plugin maintainer. To disable these warnings, set -Dmaven.project.sourceRoots.warningsDisabled=true on the command line, in the .mvn/maven.config file, or in project POM properties.
2026-06-18 14:22:38,602 [Worker-57: Building] WARN  o.apache.maven.project.MavenProject - Plugin is modifying testCompileSourceRoots through add(), which will not work in Maven 4.0.0. Use MavenProject.addTestCompileSourceRoot()/removeTestCompileSourceRoot() methods instead. If using a plugin, please upgrade to the latest version or report the issue to the plugin maintainer. To disable these warnings, set -Dmaven.project.sourceRoots.warningsDisabled=true on the command line, in the .mvn/maven.config file, or in project POM properties.
2026-06-18 14:25:06,994 [Worker-62: Building] INFO  o.e.m.c.i.l.LifecycleMappingFactory - Using org.eclipse.m2e.jdt.JarLifecycleMapping lifecycle mapping for MavenProject: com.example:productdemo:0.0.1-SNAPSHOT @ C:\Users\CVR\eclipse-workspace\productdemo\pom.xml.
2026-06-18 14:25:07,059 [Worker-62: Building] INFO  o.e.m.c.i.e.AbstractTransferListenerAdapter - Downloading https://repo.maven.apache.org/maven2/org/hibernate/hibernate-core/7.4.1.Final/hibernate-core-7.4.1.Final.pom
2026-06-18 14:25:07,062 [Worker-62: Building] INFO  o.e.m.c.i.e.AbstractTransferListenerAdapter - Downloaded https://repo.maven.apache.org/maven2/org/hibernate/hibernate-core/7.4.1.Final/hibernate-core-7.4.1.Final.pom
2026-06-18 14:25:07,099 [Worker-62: Building] INFO  o.e.m.c.i.e.AbstractTransferListenerAdapter - Downloading https://repo.maven.apache.org/maven2/org/hibernate/orm/hibernate-core/7.4.1.Final/hibernate-core-7.4.1.Final.pom
2026-06-18 14:25:07,101 [Worker-62: Building] INFO  o.e.m.c.i.e.AbstractTransferListenerAdapter - Downloaded https://repo.maven.apache.org/maven2/org/hibernate/orm/hibernate-core/7.4.1.Final/hibernate-core-7.4.1.Final.pom
2026-06-18 14:25:07,134 [Worker-62: Building] INFO  o.e.m.c.i.e.AbstractTransferListenerAdapter - Downloading https://repo.maven.apache.org/maven2/org/hibernate/orm/hibernate-platform/7.4.1.Final/hibernate-platform-7.4.1.Final.pom
2026-06-18 14:25:07,136 [Worker-62: Building] INFO  o.e.m.c.i.e.AbstractTransferListenerAdapter - Downloaded https://repo.maven.apache.org/maven2/org/hibernate/orm/hibernate-platform/7.4.1.Final/hibernate-platform-7.4.1.Final.pom
2026-06-18 14:25:07,175 [Worker-62: Building] INFO  o.e.m.c.i.e.AbstractTransferListenerAdapter - Downloading https://repo.maven.apache.org/maven2/jakarta/persistence/jakarta.persistence-api/3.2.0/jakarta.persistence-api-3.2.0.pom
2026-06-18 14:25:07,181 [Worker-62: Building] INFO  o.e.m.c.i.e.AbstractTransferListenerAdapter - Downloaded https://repo.maven.apache.org/maven2/jakarta/persistence/jakarta.persistence-api/3.2.0/jakarta.persistence-api-3.2.0.pom
2026-06-18 14:25:07,215 [Worker-62: Building] INFO  o.e.m.c.i.e.AbstractTransferListenerAdapter - Downloading https://repo.maven.apache.org/maven2/org/eclipse/ee4j/project/1.0.9/project-1.0.9.pom
2026-06-18 14:25:07,219 [Worker-62: Building] INFO  o.e.m.c.i.e.AbstractTransferListenerAdapter - Downloaded https://repo.maven.apache.org/maven2/org/eclipse/ee4j/project/1.0.9/project-1.0.9.pom
2026-06-18 14:25:07,258 [Worker-62: Building] INFO  o.e.m.c.i.e.AbstractTransferListenerAdapter - Downloading https://repo.maven.apache.org/maven2/jakarta/transaction/jakarta.transaction-api/2.0.1/jakarta.transaction-api-2.0.1.pom
2026-06-18 14:25:07,275 [Worker-62: Building] INFO  o.e.m.c.i.e.AbstractTransferListenerAdapter - Downloaded https://repo.maven.apache.org/maven2/jakarta/transaction/jakarta.transaction-api/2.0.1/jakarta.transaction-api-2.0.1.pom
2026-06-18 14:25:07,305 [Worker-62: Building] INFO  o.e.m.c.i.e.AbstractTransferListenerAdapter - Downloading https://repo.maven.apache.org/maven2/org/eclipse/ee4j/project/1.0.6/project-1.0.6.pom
2026-06-18 14:25:07,308 [Worker-62: Building] INFO  o.e.m.c.i.e.AbstractTransferListenerAdapter - Downloaded https://repo.maven.apache.org/maven2/org/eclipse/ee4j/project/1.0.6/project-1.0.6.pom
2026-06-18 14:25:07,342 [Worker-62: Building] INFO  o.e.m.c.i.e.AbstractTransferListenerAdapter - Downloading https://repo.maven.apache.org/maven2/org/jboss/logging/jboss-logging/3.6.1.Final/jboss-logging-3.6.1.Final.pom
2026-06-18 14:25:07,344 [Worker-62: Building] INFO  o.e.m.c.i.e.AbstractTransferListenerAdapter - Downloaded https://repo.maven.apache.org/maven2/org/jboss/logging/jboss-logging/3.6.1.Final/jboss-logging-3.6.1.Final.pom
2026-06-18 14:25:07,381 [Worker-62: Building] INFO  o.e.m.c.i.e.AbstractTransferListenerAdapter - Downloading https://repo.maven.apache.org/maven2/org/jboss/logging/logging-parent/1.0.3.Final/logging-parent-1.0.3.Final.pom
2026-06-18 14:25:07,386 [Worker-62: Building] INFO  o.e.m.c.i.e.AbstractTransferListenerAdapter - Downloaded https://repo.maven.apache.org/maven2/org/jboss/logging/logging-parent/1.0.3.Final/logging-parent-1.0.3.Final.pom
2026-06-18 14:25:07,420 [Worker-62: Building] INFO  o.e.m.c.i.e.AbstractTransferListenerAdapter - Downloading https://repo.maven.apache.org/maven2/org/jboss/jboss-parent/42/jboss-parent-42.pom
2026-06-18 14:25:07,425 [Worker-62: Building] INFO  o.e.m.c.i.e.AbstractTransferListenerAdapter - Downloaded https://repo.maven.apache.org/maven2/org/jboss/jboss-parent/42/jboss-parent-42.pom
2026-06-18 14:25:07,459 [Worker-62: Building] INFO  o.e.m.c.i.e.AbstractTransferListenerAdapter - Downloading https://repo.maven.apache.org/maven2/org/junit/junit-bom/5.11.0/junit-bom-5.11.0.pom
2026-06-18 14:25:07,463 [Worker-62: Building] INFO  o.e.m.c.i.e.AbstractTransferListenerAdapter - Downloaded https://repo.maven.apache.org/maven2/org/junit/junit-bom/5.11.0/junit-bom-5.11.0.pom
2026-06-18 14:25:07,496 [Worker-62: Building] INFO  o.e.m.c.i.e.AbstractTransferListenerAdapter - Downloading https://repo.maven.apache.org/maven2/org/hibernate/models/hibernate-models/1.1.1/hibernate-models-1.1.1.pom
2026-06-18 14:25:07,498 [Worker-62: Building] INFO  o.e.m.c.i.e.AbstractTransferListenerAdapter - Downloaded https://repo.maven.apache.org/maven2/org/hibernate/models/hibernate-models/1.1.1/hibernate-models-1.1.1.pom
2026-06-18 14:25:07,533 [Worker-62: Building] INFO  o.e.m.c.i.e.AbstractTransferListenerAdapter - Downloading https://repo.maven.apache.org/maven2/org/jboss/logging/jboss-logging/3.6.3.Final/jboss-logging-3.6.3.Final.pom
2026-06-18 14:25:07,537 [Worker-62: Building] INFO  o.e.m.c.i.e.AbstractTransferListenerAdapter - Downloaded https://repo.maven.apache.org/maven2/org/jboss/logging/jboss-logging/3.6.3.Final/jboss-logging-3.6.3.Final.pom
2026-06-18 14:25:07,570 [Worker-62: Building] INFO  o.e.m.c.i.e.AbstractTransferListenerAdapter - Downloading https://repo.maven.apache.org/maven2/org/jboss/jboss-parent/52/jboss-parent-52.pom
2026-06-18 14:25:07,573 [Worker-62: Building] INFO  o.e.m.c.i.e.AbstractTransferListenerAdapter - Downloaded https://repo.maven.apache.org/maven2/org/jboss/jboss-parent/52/jboss-parent-52.pom
2026-06-18 14:25:07,610 [Worker-62: Building] INFO  o.e.m.c.i.e.AbstractTransferListenerAdapter - Downloading https://repo.maven.apache.org/maven2/net/bytebuddy/byte-buddy/1.18.8/byte-buddy-1.18.8.pom
2026-06-18 14:25:07,612 [Worker-62: Building] INFO  o.e.m.c.i.e.AbstractTransferListenerAdapter - Downloaded https://repo.maven.apache.org/maven2/net/bytebuddy/byte-buddy/1.18.8/byte-buddy-1.18.8.pom
2026-06-18 14:25:07,653 [Worker-62: Building] INFO  o.e.m.c.i.e.AbstractTransferListenerAdapter - Downloading https://repo.maven.apache.org/maven2/net/bytebuddy/byte-buddy-parent/1.18.8/byte-buddy-parent-1.18.8.pom
2026-06-18 14:25:07,659 [Worker-62: Building] INFO  o.e.m.c.i.e.AbstractTransferListenerAdapter - Downloaded https://repo.maven.apache.org/maven2/net/bytebuddy/byte-buddy-parent/1.18.8/byte-buddy-parent-1.18.8.pom
2026-06-18 14:25:07,695 [Worker-62: Building] INFO  o.e.m.c.i.e.AbstractTransferListenerAdapter - Downloading https://repo.maven.apache.org/maven2/jakarta/xml/bind/jakarta.xml.bind-api/4.0.4/jakarta.xml.bind-api-4.0.4.pom
2026-06-18 14:25:07,699 [Worker-62: Building] INFO  o.e.m.c.i.e.AbstractTransferListenerAdapter - Downloaded https://repo.maven.apache.org/maven2/jakarta/xml/bind/jakarta.xml.bind-api/4.0.4/jakarta.xml.bind-api-4.0.4.pom
2026-06-18 14:25:07,734 [Worker-62: Building] INFO  o.e.m.c.i.e.AbstractTransferListenerAdapter - Downloading https://repo.maven.apache.org/maven2/jakarta/xml/bind/jakarta.xml.bind-api-parent/4.0.4/jakarta.xml.bind-api-parent-4.0.4.pom
2026-06-18 14:25:07,736 [Worker-62: Building] INFO  o.e.m.c.i.e.AbstractTransferListenerAdapter - Downloaded https://repo.maven.apache.org/maven2/jakarta/xml/bind/jakarta.xml.bind-api-parent/4.0.4/jakarta.xml.bind-api-parent-4.0.4.pom
2026-06-18 14:25:07,773 [Worker-62: Building] INFO  o.e.m.c.i.e.AbstractTransferListenerAdapter - Downloading https://repo.maven.apache.org/maven2/jakarta/activation/jakarta.activation-api/2.1.4/jakarta.activation-api-2.1.4.pom
2026-06-18 14:25:07,775 [Worker-62: Building] INFO  o.e.m.c.i.e.AbstractTransferListenerAdapter - Downloaded https://repo.maven.apache.org/maven2/jakarta/activation/jakarta.activation-api/2.1.4/jakarta.activation-api-2.1.4.pom
2026-06-18 14:25:07,808 [Worker-62: Building] INFO  o.e.m.c.i.e.AbstractTransferListenerAdapter - Downloading https://repo.maven.apache.org/maven2/org/glassfish/jaxb/jaxb-runtime/4.0.7/jaxb-runtime-4.0.7.pom
2026-06-18 14:25:07,811 [Worker-62: Building] INFO  o.e.m.c.i.e.AbstractTransferListenerAdapter - Downloaded https://repo.maven.apache.org/maven2/org/glassfish/jaxb/jaxb-runtime/4.0.7/jaxb-runtime-4.0.7.pom
2026-06-18 14:25:07,845 [Worker-62: Building] INFO  o.e.m.c.i.e.AbstractTransferListenerAdapter - Downloading https://repo.maven.apache.org/maven2/org/glassfish/jaxb/jaxb-runtime-parent/4.0.7/jaxb-runtime-parent-4.0.7.pom
2026-06-18 14:25:07,848 [Worker-62: Building] INFO  o.e.m.c.i.e.AbstractTransferListenerAdapter - Downloaded https://repo.maven.apache.org/maven2/org/glassfish/jaxb/jaxb-runtime-parent/4.0.7/jaxb-runtime-parent-4.0.7.pom
2026-06-18 14:25:07,883 [Worker-62: Building] INFO  o.e.m.c.i.e.AbstractTransferListenerAdapter - Downloading https://repo.maven.apache.org/maven2/org/glassfish/jaxb/jaxb-parent/4.0.7/jaxb-parent-4.0.7.pom
2026-06-18 14:25:07,885 [Worker-62: Building] INFO  o.e.m.c.i.e.AbstractTransferListenerAdapter - Downloaded https://repo.maven.apache.org/maven2/org/glassfish/jaxb/jaxb-parent/4.0.7/jaxb-parent-4.0.7.pom
2026-06-18 14:25:07,925 [Worker-62: Building] INFO  o.e.m.c.i.e.AbstractTransferListenerAdapter - Downloading https://repo.maven.apache.org/maven2/org/glassfish/jaxb/jaxb-bom-ext/4.0.7/jaxb-bom-ext-4.0.7.pom
2026-06-18 14:25:07,929 [Worker-62: Building] INFO  o.e.m.c.i.e.AbstractTransferListenerAdapter - Downloaded https://repo.maven.apache.org/maven2/org/glassfish/jaxb/jaxb-bom-ext/4.0.7/jaxb-bom-ext-4.0.7.pom
2026-06-18 14:25:07,961 [Worker-62: Building] INFO  o.e.m.c.i.e.AbstractTransferListenerAdapter - Downloading https://repo.maven.apache.org/maven2/org/glassfish/jaxb/jaxb-bom/4.0.7/jaxb-bom-4.0.7.pom
2026-06-18 14:25:07,963 [Worker-62: Building] INFO  o.e.m.c.i.e.AbstractTransferListenerAdapter - Downloaded https://repo.maven.apache.org/maven2/org/glassfish/jaxb/jaxb-bom/4.0.7/jaxb-bom-4.0.7.pom
2026-06-18 14:25:07,995 [Worker-62: Building] INFO  o.e.m.c.i.e.AbstractTransferListenerAdapter - Downloading https://repo.maven.apache.org/maven2/org/eclipse/ee4j/project/2.0.0-M1/project-2.0.0-M1.pom
2026-06-18 14:25:08,000 [Worker-62: Building] INFO  o.e.m.c.i.e.AbstractTransferListenerAdapter - Downloaded https://repo.maven.apache.org/maven2/org/eclipse/ee4j/project/2.0.0-M1/project-2.0.0-M1.pom
2026-06-18 14:25:08,039 [Worker-62: Building] INFO  o.e.m.c.i.e.AbstractTransferListenerAdapter - Downloading https://repo.maven.apache.org/maven2/org/glassfish/jaxb/jaxb-core/4.0.7/jaxb-core-4.0.7.pom
2026-06-18 14:25:08,042 [Worker-62: Building] INFO  o.e.m.c.i.e.AbstractTransferListenerAdapter - Downloaded https://repo.maven.apache.org/maven2/org/glassfish/jaxb/jaxb-core/4.0.7/jaxb-core-4.0.7.pom
2026-06-18 14:25:08,075 [Worker-62: Building] INFO  o.e.m.c.i.e.AbstractTransferListenerAdapter - Downloading https://repo.maven.apache.org/maven2/jakarta/xml/bind/jakarta.xml.bind-api/4.0.5/jakarta.xml.bind-api-4.0.5.pom
2026-06-18 14:25:08,077 [Worker-62: Building] INFO  o.e.m.c.i.e.AbstractTransferListenerAdapter - Downloaded https://repo.maven.apache.org/maven2/jakarta/xml/bind/jakarta.xml.bind-api/4.0.5/jakarta.xml.bind-api-4.0.5.pom
2026-06-18 14:25:08,109 [Worker-62: Building] INFO  o.e.m.c.i.e.AbstractTransferListenerAdapter - Downloading https://repo.maven.apache.org/maven2/jakarta/xml/bind/jakarta.xml.bind-api-parent/4.0.5/jakarta.xml.bind-api-parent-4.0.5.pom
2026-06-18 14:25:08,111 [Worker-62: Building] INFO  o.e.m.c.i.e.AbstractTransferListenerAdapter - Downloaded https://repo.maven.apache.org/maven2/jakarta/xml/bind/jakarta.xml.bind-api-parent/4.0.5/jakarta.xml.bind-api-parent-4.0.5.pom
2026-06-18 14:25:08,148 [Worker-62: Building] INFO  o.e.m.c.i.e.AbstractTransferListenerAdapter - Downloading https://repo.maven.apache.org/maven2/org/eclipse/angus/angus-activation/2.0.3/angus-activation-2.0.3.pom
2026-06-18 14:25:08,172 [Worker-62: Building] INFO  o.e.m.c.i.e.AbstractTransferListenerAdapter - Downloaded https://repo.maven.apache.org/maven2/org/eclipse/angus/angus-activation/2.0.3/angus-activation-2.0.3.pom
2026-06-18 14:25:08,210 [Worker-62: Building] INFO  o.e.m.c.i.e.AbstractTransferListenerAdapter - Downloading https://repo.maven.apache.org/maven2/org/eclipse/angus/angus-activation-project/2.0.3/angus-activation-project-2.0.3.pom
2026-06-18 14:25:08,242 [Worker-62: Building] INFO  o.e.m.c.i.e.AbstractTransferListenerAdapter - Downloaded https://repo.maven.apache.org/maven2/org/eclipse/angus/angus-activation-project/2.0.3/angus-activation-project-2.0.3.pom
2026-06-18 14:25:08,273 [Worker-62: Building] INFO  o.e.m.c.i.e.AbstractTransferListenerAdapter - Downloading https://repo.maven.apache.org/maven2/org/glassfish/jaxb/txw2/4.0.7/txw2-4.0.7.pom
2026-06-18 14:25:08,277 [Worker-62: Building] INFO  o.e.m.c.i.e.AbstractTransferListenerAdapter - Downloaded https://repo.maven.apache.org/maven2/org/glassfish/jaxb/txw2/4.0.7/txw2-4.0.7.pom
2026-06-18 14:25:08,314 [Worker-62: Building] INFO  o.e.m.c.i.e.AbstractTransferListenerAdapter - Downloading https://repo.maven.apache.org/maven2/org/glassfish/jaxb/jaxb-txw-parent/4.0.7/jaxb-txw-parent-4.0.7.pom
2026-06-18 14:25:08,317 [Worker-62: Building] INFO  o.e.m.c.i.e.AbstractTransferListenerAdapter - Downloaded https://repo.maven.apache.org/maven2/org/glassfish/jaxb/jaxb-txw-parent/4.0.7/jaxb-txw-parent-4.0.7.pom
2026-06-18 14:25:08,382 [Worker-62: Building] INFO  o.e.m.c.i.e.AbstractTransferListenerAdapter - Downloading https://repo.maven.apache.org/maven2/com/sun/istack/istack-commons-runtime/4.1.2/istack-commons-runtime-4.1.2.pom
2026-06-18 14:25:08,384 [Worker-62: Building] INFO  o.e.m.c.i.e.AbstractTransferListenerAdapter - Downloaded https://repo.maven.apache.org/maven2/com/sun/istack/istack-commons-runtime/4.1.2/istack-commons-runtime-4.1.2.pom
2026-06-18 14:25:08,478 [Worker-62: Building] INFO  o.e.m.c.i.e.AbstractTransferListenerAdapter - Downloading https://repo.maven.apache.org/maven2/com/sun/istack/istack-commons/4.1.2/istack-commons-4.1.2.pom
2026-06-18 14:25:08,481 [Worker-62: Building] INFO  o.e.m.c.i.e.AbstractTransferListenerAdapter - Downloaded https://repo.maven.apache.org/maven2/com/sun/istack/istack-commons/4.1.2/istack-commons-4.1.2.pom
2026-06-18 14:25:08,521 [Worker-62: Building] INFO  o.e.m.c.i.e.AbstractTransferListenerAdapter - Downloading https://repo.maven.apache.org/maven2/org/eclipse/ee4j/project/1.0.7/project-1.0.7.pom
2026-06-18 14:25:08,524 [Worker-62: Building] INFO  o.e.m.c.i.e.AbstractTransferListenerAdapter - Downloaded https://repo.maven.apache.org/maven2/org/eclipse/ee4j/project/1.0.7/project-1.0.7.pom
2026-06-18 14:25:08,582 [Worker-62: Building] INFO  o.e.m.c.i.e.AbstractTransferListenerAdapter - Downloading https://repo.maven.apache.org/maven2/jakarta/inject/jakarta.inject-api/2.0.1/jakarta.inject-api-2.0.1.pom
2026-06-18 14:25:08,585 [Worker-62: Building] INFO  o.e.m.c.i.e.AbstractTransferListenerAdapter - Downloaded https://repo.maven.apache.org/maven2/jakarta/inject/jakarta.inject-api/2.0.1/jakarta.inject-api-2.0.1.pom
2026-06-18 14:25:08,791 [Worker-62: Building] INFO  o.e.m.c.i.e.AbstractTransferListenerAdapter - Downloading https://repo.maven.apache.org/maven2/org/antlr/antlr4-runtime/4.13.2/antlr4-runtime-4.13.2.pom
2026-06-18 14:25:08,795 [Worker-62: Building] INFO  o.e.m.c.i.e.AbstractTransferListenerAdapter - Downloaded https://repo.maven.apache.org/maven2/org/antlr/antlr4-runtime/4.13.2/antlr4-runtime-4.13.2.pom
2026-06-18 14:25:08,866 [Worker-62: Building] INFO  o.e.m.c.i.e.AbstractTransferListenerAdapter - Downloading https://repo.maven.apache.org/maven2/org/antlr/antlr4-master/4.13.2/antlr4-master-4.13.2.pom
2026-06-18 14:25:08,870 [Worker-62: Building] INFO  o.e.m.c.i.e.AbstractTransferListenerAdapter - Downloaded https://repo.maven.apache.org/maven2/org/antlr/antlr4-master/4.13.2/antlr4-master-4.13.2.pom
2026-06-18 14:25:08,875 [Worker-62: Building] WARN  o.e.m.c.i.embedder.EclipseLogger - The artifact org.hibernate:hibernate-core:pom:7.4.1.Final has been relocated to org.hibernate.orm:hibernate-core:pom:7.4.1.Final
2026-06-18 14:25:08,937 [Worker-62: Building] INFO  o.e.m.c.i.e.AbstractTransferListenerAdapter - Downloading https://repo.maven.apache.org/maven2/jakarta/persistence/jakarta.persistence-api/3.2.0/jakarta.persistence-api-3.2.0.jar
2026-06-18 14:25:09,042 [Worker-62: Building] INFO  o.e.m.c.i.e.AbstractTransferListenerAdapter - Downloaded https://repo.maven.apache.org/maven2/jakarta/persistence/jakarta.persistence-api/3.2.0/jakarta.persistence-api-3.2.0.jar
2026-06-18 14:25:09,093 [BasicRepositoryConnector-repo.maven.apache.org-3-1] INFO  o.e.m.c.i.e.AbstractTransferListenerAdapter - Downloading https://repo.maven.apache.org/maven2/org/jboss/logging/jboss-logging/3.6.1.Final/jboss-logging-3.6.1.Final.jar
2026-06-18 14:25:09,111 [BasicRepositoryConnector-repo.maven.apache.org-3-1] INFO  o.e.m.c.i.e.AbstractTransferListenerAdapter - Downloaded https://repo.maven.apache.org/maven2/org/jboss/logging/jboss-logging/3.6.1.Final/jboss-logging-3.6.1.Final.jar
2026-06-18 14:25:09,142 [BasicRepositoryConnector-repo.maven.apache.org-3-0] INFO  o.e.m.c.i.e.AbstractTransferListenerAdapter - Downloading https://repo.maven.apache.org/maven2/jakarta/transaction/jakarta.transaction-api/2.0.1/jakarta.transaction-api-2.0.1.jar
2026-06-18 14:25:09,149 [BasicRepositoryConnector-repo.maven.apache.org-3-2] INFO  o.e.m.c.i.e.AbstractTransferListenerAdapter - Downloading https://repo.maven.apache.org/maven2/org/hibernate/models/hibernate-models/1.1.1/hibernate-models-1.1.1.jar
2026-06-18 14:25:09,150 [BasicRepositoryConnector-repo.maven.apache.org-3-0] INFO  o.e.m.c.i.e.AbstractTransferListenerAdapter - Downloaded https://repo.maven.apache.org/maven2/jakarta/transaction/jakarta.transaction-api/2.0.1/jakarta.transaction-api-2.0.1.jar
2026-06-18 14:25:09,162 [BasicRepositoryConnector-repo.maven.apache.org-3-3] INFO  o.e.m.c.i.e.AbstractTransferListenerAdapter - Downloading https://repo.maven.apache.org/maven2/net/bytebuddy/byte-buddy/1.18.8/byte-buddy-1.18.8.jar
2026-06-18 14:25:09,173 [BasicRepositoryConnector-repo.maven.apache.org-3-4] INFO  o.e.m.c.i.e.AbstractTransferListenerAdapter - Downloading https://repo.maven.apache.org/maven2/jakarta/xml/bind/jakarta.xml.bind-api/4.0.4/jakarta.xml.bind-api-4.0.4.jar
2026-06-18 14:25:09,222 [BasicRepositoryConnector-repo.maven.apache.org-3-0] INFO  o.e.m.c.i.e.AbstractTransferListenerAdapter - Downloading https://repo.maven.apache.org/maven2/org/glassfish/jaxb/jaxb-runtime/4.0.7/jaxb-runtime-4.0.7.jar
2026-06-18 14:25:09,282 [BasicRepositoryConnector-repo.maven.apache.org-3-1] INFO  o.e.m.c.i.e.AbstractTransferListenerAdapter - Downloading https://repo.maven.apache.org/maven2/jakarta/activation/jakarta.activation-api/2.1.4/jakarta.activation-api-2.1.4.jar
2026-06-18 14:25:09,319 [BasicRepositoryConnector-repo.maven.apache.org-3-4] INFO  o.e.m.c.i.e.AbstractTransferListenerAdapter - Downloaded https://repo.maven.apache.org/maven2/jakarta/xml/bind/jakarta.xml.bind-api/4.0.4/jakarta.xml.bind-api-4.0.4.jar
2026-06-18 14:25:09,362 [BasicRepositoryConnector-repo.maven.apache.org-3-2] INFO  o.e.m.c.i.e.AbstractTransferListenerAdapter - Downloaded https://repo.maven.apache.org/maven2/org/hibernate/models/hibernate-models/1.1.1/hibernate-models-1.1.1.jar
2026-06-18 14:25:09,383 [BasicRepositoryConnector-repo.maven.apache.org-3-4] INFO  o.e.m.c.i.e.AbstractTransferListenerAdapter - Downloading https://repo.maven.apache.org/maven2/org/glassfish/jaxb/jaxb-core/4.0.7/jaxb-core-4.0.7.jar
2026-06-18 14:25:09,566 [BasicRepositoryConnector-repo.maven.apache.org-3-4] INFO  o.e.m.c.i.e.AbstractTransferListenerAdapter - Downloaded https://repo.maven.apache.org/maven2/org/glassfish/jaxb/jaxb-core/4.0.7/jaxb-core-4.0.7.jar
2026-06-18 14:25:09,611 [BasicRepositoryConnector-repo.maven.apache.org-3-2] INFO  o.e.m.c.i.e.AbstractTransferListenerAdapter - Downloading https://repo.maven.apache.org/maven2/org/eclipse/angus/angus-activation/2.0.3/angus-activation-2.0.3.jar
2026-06-18 14:25:09,624 [BasicRepositoryConnector-repo.maven.apache.org-3-4] INFO  o.e.m.c.i.e.AbstractTransferListenerAdapter - Downloading https://repo.maven.apache.org/maven2/org/glassfish/jaxb/txw2/4.0.7/txw2-4.0.7.jar
2026-06-18 14:25:09,648 [BasicRepositoryConnector-repo.maven.apache.org-3-4] INFO  o.e.m.c.i.e.AbstractTransferListenerAdapter - Downloaded https://repo.maven.apache.org/maven2/org/glassfish/jaxb/txw2/4.0.7/txw2-4.0.7.jar
2026-06-18 14:25:09,712 [BasicRepositoryConnector-repo.maven.apache.org-3-4] INFO  o.e.m.c.i.e.AbstractTransferListenerAdapter - Downloading https://repo.maven.apache.org/maven2/com/sun/istack/istack-commons-runtime/4.1.2/istack-commons-runtime-4.1.2.jar
2026-06-18 14:25:09,719 [BasicRepositoryConnector-repo.maven.apache.org-3-4] INFO  o.e.m.c.i.e.AbstractTransferListenerAdapter - Downloaded https://repo.maven.apache.org/maven2/com/sun/istack/istack-commons-runtime/4.1.2/istack-commons-runtime-4.1.2.jar
2026-06-18 14:25:09,796 [BasicRepositoryConnector-repo.maven.apache.org-3-4] INFO  o.e.m.c.i.e.AbstractTransferListenerAdapter - Downloading https://repo.maven.apache.org/maven2/jakarta/inject/jakarta.inject-api/2.0.1/jakarta.inject-api-2.0.1.jar
2026-06-18 14:25:09,797 [BasicRepositoryConnector-repo.maven.apache.org-3-4] INFO  o.e.m.c.i.e.AbstractTransferListenerAdapter - Downloaded https://repo.maven.apache.org/maven2/jakarta/inject/jakarta.inject-api/2.0.1/jakarta.inject-api-2.0.1.jar
2026-06-18 14:25:09,869 [BasicRepositoryConnector-repo.maven.apache.org-3-4] INFO  o.e.m.c.i.e.AbstractTransferListenerAdapter - Downloading https://repo.maven.apache.org/maven2/org/antlr/antlr4-runtime/4.13.2/antlr4-runtime-4.13.2.jar
2026-06-18 14:25:09,874 [BasicRepositoryConnector-repo.maven.apache.org-3-1] INFO  o.e.m.c.i.e.AbstractTransferListenerAdapter - Downloaded https://repo.maven.apache.org/maven2/jakarta/activation/jakarta.activation-api/2.1.4/jakarta.activation-api-2.1.4.jar
2026-06-18 14:25:09,939 [BasicRepositoryConnector-repo.maven.apache.org-3-2] INFO  o.e.m.c.i.e.AbstractTransferListenerAdapter - Downloaded https://repo.maven.apache.org/maven2/org/eclipse/angus/angus-activation/2.0.3/angus-activation-2.0.3.jar
2026-06-18 14:25:10,098 [BasicRepositoryConnector-repo.maven.apache.org-3-0] INFO  o.e.m.c.i.e.AbstractTransferListenerAdapter - Downloaded https://repo.maven.apache.org/maven2/org/glassfish/jaxb/jaxb-runtime/4.0.7/jaxb-runtime-4.0.7.jar
2026-06-18 14:25:10,119 [BasicRepositoryConnector-repo.maven.apache.org-3-4] INFO  o.e.m.c.i.e.AbstractTransferListenerAdapter - Downloaded https://repo.maven.apache.org/maven2/org/antlr/antlr4-runtime/4.13.2/antlr4-runtime-4.13.2.jar
2026-06-18 14:25:10,830 [BasicRepositoryConnector-repo.maven.apache.org-3-3] INFO  o.e.m.c.i.e.AbstractTransferListenerAdapter - Downloaded https://repo.maven.apache.org/maven2/net/bytebuddy/byte-buddy/1.18.8/byte-buddy-1.18.8.jar
2026-06-18 14:25:10,885 [Worker-62: Building] INFO  o.a.m.s.f.DefaultMavenResourcesFiltering - Copying 0 resource from src\main\resources to target\classes
2026-06-18 14:25:10,886 [Worker-62: Building] INFO  o.a.m.s.f.DefaultMavenResourcesFiltering - Copying 0 resource from src\test\resources to target\test-classes
2026-06-18 14:25:10,890 [Worker-62: Building] WARN  o.apache.maven.project.MavenProject - Plugin is modifying compileSourceRoots through clear(), which will not work in Maven 4.0.0. Use MavenProject.addCompileSourceRoot()/removeCompileSourceRoot() methods instead. If using a plugin, please upgrade to the latest version or report the issue to the plugin maintainer. To disable these warnings, set -Dmaven.project.sourceRoots.warningsDisabled=true on the command line, in the .mvn/maven.config file, or in project POM properties.
2026-06-18 14:25:10,891 [Worker-62: Building] WARN  o.apache.maven.project.MavenProject - Plugin is modifying compileSourceRoots through add(), which will not work in Maven 4.0.0. Use MavenProject.addCompileSourceRoot()/removeCompileSourceRoot() methods instead. If using a plugin, please upgrade to the latest version or report the issue to the plugin maintainer. To disable these warnings, set -Dmaven.project.sourceRoots.warningsDisabled=true on the command line, in the .mvn/maven.config file, or in project POM properties.
2026-06-18 14:25:10,891 [Worker-62: Building] WARN  o.apache.maven.project.MavenProject - Plugin is modifying testCompileSourceRoots through clear(), which will not work in Maven 4.0.0. Use MavenProject.addTestCompileSourceRoot()/removeTestCompileSourceRoot() methods instead. If using a plugin, please upgrade to the latest version or report the issue to the plugin maintainer. To disable these warnings, set -Dmaven.project.sourceRoots.warningsDisabled=true on the command line, in the .mvn/maven.config file, or in project POM properties.
2026-06-18 14:25:10,891 [Worker-62: Building] WARN  o.apache.maven.project.MavenProject - Plugin is modifying testCompileSourceRoots through add(), which will not work in Maven 4.0.0. Use MavenProject.addTestCompileSourceRoot()/removeTestCompileSourceRoot() methods instead. If using a plugin, please upgrade to the latest version or report the issue to the plugin maintainer. To disable these warnings, set -Dmaven.project.sourceRoots.warningsDisabled=true on the command line, in the .mvn/maven.config file, or in project POM properties.
2026-06-18 14:25:11,936 [Worker-64: Download sources and javadoc] INFO  o.e.m.c.i.e.AbstractTransferListenerAdapter - Downloading https://repo.maven.apache.org/maven2/jakarta/persistence/jakarta.persistence-api/3.2.0/jakarta.persistence-api-3.2.0-sources.jar
2026-06-18 14:25:11,973 [Worker-64: Download sources and javadoc] INFO  o.e.m.c.i.e.AbstractTransferListenerAdapter - Downloaded https://repo.maven.apache.org/maven2/jakarta/persistence/jakarta.persistence-api/3.2.0/jakarta.persistence-api-3.2.0-sources.jar
2026-06-18 14:25:11,975 [Worker-64: Download sources and javadoc] INFO  o.e.m.j.internal.DownloadSourcesJob - Downloaded sources for jakarta.persistence:jakarta.persistence-api:3.2.0
2026-06-18 14:25:12,055 [Worker-64: Download sources and javadoc] INFO  o.e.m.c.i.e.AbstractTransferListenerAdapter - Downloading https://repo.maven.apache.org/maven2/jakarta/transaction/jakarta.transaction-api/2.0.1/jakarta.transaction-api-2.0.1-sources.jar
2026-06-18 14:25:12,058 [Worker-64: Download sources and javadoc] INFO  o.e.m.c.i.e.AbstractTransferListenerAdapter - Downloaded https://repo.maven.apache.org/maven2/jakarta/transaction/jakarta.transaction-api/2.0.1/jakarta.transaction-api-2.0.1-sources.jar
2026-06-18 14:25:12,060 [Worker-64: Download sources and javadoc] INFO  o.e.m.j.internal.DownloadSourcesJob - Downloaded sources for jakarta.transaction:jakarta.transaction-api:2.0.1
2026-06-18 14:25:12,070 [Worker-60: Building] INFO  o.a.m.s.f.DefaultMavenResourcesFiltering - Copying 1 resource from src\main\resources to target\classes
2026-06-18 14:25:12,072 [Worker-60: Building] INFO  o.a.m.s.f.DefaultMavenResourcesFiltering - Copying 0 resource from src\test\resources to target\test-classes
2026-06-18 14:25:12,077 [Worker-60: Building] WARN  o.apache.maven.project.MavenProject - Plugin is modifying compileSourceRoots through clear(), which will not work in Maven 4.0.0. Use MavenProject.addCompileSourceRoot()/removeCompileSourceRoot() methods instead. If using a plugin, please upgrade to the latest version or report the issue to the plugin maintainer. To disable these warnings, set -Dmaven.project.sourceRoots.warningsDisabled=true on the command line, in the .mvn/maven.config file, or in project POM properties.
2026-06-18 14:25:12,078 [Worker-60: Building] WARN  o.apache.maven.project.MavenProject - Plugin is modifying compileSourceRoots through add(), which will not work in Maven 4.0.0. Use MavenProject.addCompileSourceRoot()/removeCompileSourceRoot() methods instead. If using a plugin, please upgrade to the latest version or report the issue to the plugin maintainer. To disable these warnings, set -Dmaven.project.sourceRoots.warningsDisabled=true on the command line, in the .mvn/maven.config file, or in project POM properties.
2026-06-18 14:25:12,078 [Worker-60: Building] WARN  o.apache.maven.project.MavenProject - Plugin is modifying testCompileSourceRoots through clear(), which will not work in Maven 4.0.0. Use MavenProject.addTestCompileSourceRoot()/removeTestCompileSourceRoot() methods instead. If using a plugin, please upgrade to the latest version or report the issue to the plugin maintainer. To disable these warnings, set -Dmaven.project.sourceRoots.warningsDisabled=true on the command line, in the .mvn/maven.config file, or in project POM properties.
2026-06-18 14:25:12,078 [Worker-60: Building] WARN  o.apache.maven.project.MavenProject - Plugin is modifying testCompileSourceRoots through add(), which will not work in Maven 4.0.0. Use MavenProject.addTestCompileSourceRoot()/removeTestCompileSourceRoot() methods instead. If using a plugin, please upgrade to the latest version or report the issue to the plugin maintainer. To disable these warnings, set -Dmaven.project.sourceRoots.warningsDisabled=true on the command line, in the .mvn/maven.config file, or in project POM properties.
2026-06-18 14:25:12,086 [Worker-64: Download sources and javadoc] INFO  o.e.m.c.i.e.AbstractTransferListenerAdapter - Downloading https://repo.maven.apache.org/maven2/org/jboss/logging/jboss-logging/3.6.1.Final/jboss-logging-3.6.1.Final-sources.jar
2026-06-18 14:25:12,088 [Worker-64: Download sources and javadoc] INFO  o.e.m.c.i.e.AbstractTransferListenerAdapter - Downloaded https://repo.maven.apache.org/maven2/org/jboss/logging/jboss-logging/3.6.1.Final/jboss-logging-3.6.1.Final-sources.jar
2026-06-18 14:25:12,090 [Worker-64: Download sources and javadoc] INFO  o.e.m.j.internal.DownloadSourcesJob - Downloaded sources for org.jboss.logging:jboss-logging:3.6.1.Final
2026-06-18 14:25:12,112 [Worker-64: Download sources and javadoc] INFO  o.e.m.c.i.e.AbstractTransferListenerAdapter - Downloading https://repo.maven.apache.org/maven2/org/hibernate/models/hibernate-models/1.1.1/hibernate-models-1.1.1-sources.jar
2026-06-18 14:25:12,116 [Worker-64: Download sources and javadoc] INFO  o.e.m.c.i.e.AbstractTransferListenerAdapter - Downloaded https://repo.maven.apache.org/maven2/org/hibernate/models/hibernate-models/1.1.1/hibernate-models-1.1.1-sources.jar
2026-06-18 14:25:12,118 [Worker-64: Download sources and javadoc] INFO  o.e.m.j.internal.DownloadSourcesJob - Downloaded sources for org.hibernate.models:hibernate-models:1.1.1
2026-06-18 14:25:12,140 [Worker-64: Download sources and javadoc] INFO  o.e.m.c.i.e.AbstractTransferListenerAdapter - Downloading https://repo.maven.apache.org/maven2/net/bytebuddy/byte-buddy/1.18.8/byte-buddy-1.18.8-sources.jar
2026-06-18 14:25:12,196 [Worker-64: Download sources and javadoc] INFO  o.e.m.c.i.e.AbstractTransferListenerAdapter - Downloaded https://repo.maven.apache.org/maven2/net/bytebuddy/byte-buddy/1.18.8/byte-buddy-1.18.8-sources.jar
2026-06-18 14:25:12,198 [Worker-64: Download sources and javadoc] INFO  o.e.m.j.internal.DownloadSourcesJob - Downloaded sources for net.bytebuddy:byte-buddy:1.18.8
2026-06-18 14:25:12,266 [Worker-64: Download sources and javadoc] INFO  o.e.m.c.i.e.AbstractTransferListenerAdapter - Downloading https://repo.maven.apache.org/maven2/jakarta/xml/bind/jakarta.xml.bind-api/4.0.4/jakarta.xml.bind-api-4.0.4-sources.jar
2026-06-18 14:25:12,299 [Worker-64: Download sources and javadoc] INFO  o.e.m.c.i.e.AbstractTransferListenerAdapter - Downloaded https://repo.maven.apache.org/maven2/jakarta/xml/bind/jakarta.xml.bind-api/4.0.4/jakarta.xml.bind-api-4.0.4-sources.jar
2026-06-18 14:25:12,302 [Worker-64: Download sources and javadoc] INFO  o.e.m.j.internal.DownloadSourcesJob - Downloaded sources for jakarta.xml.bind:jakarta.xml.bind-api:4.0.4
2026-06-18 14:25:12,329 [Worker-64: Download sources and javadoc] INFO  o.e.m.c.i.e.AbstractTransferListenerAdapter - Downloading https://repo.maven.apache.org/maven2/jakarta/activation/jakarta.activation-api/2.1.4/jakarta.activation-api-2.1.4-sources.jar
2026-06-18 14:25:12,331 [Worker-64: Download sources and javadoc] INFO  o.e.m.c.i.e.AbstractTransferListenerAdapter - Downloaded https://repo.maven.apache.org/maven2/jakarta/activation/jakarta.activation-api/2.1.4/jakarta.activation-api-2.1.4-sources.jar
2026-06-18 14:25:12,333 [Worker-64: Download sources and javadoc] INFO  o.e.m.j.internal.DownloadSourcesJob - Downloaded sources for jakarta.activation:jakarta.activation-api:2.1.4
2026-06-18 14:25:12,357 [Worker-64: Download sources and javadoc] INFO  o.e.m.c.i.e.AbstractTransferListenerAdapter - Downloading https://repo.maven.apache.org/maven2/org/glassfish/jaxb/jaxb-runtime/4.0.7/jaxb-runtime-4.0.7-sources.jar
2026-06-18 14:25:12,385 [Worker-64: Download sources and javadoc] INFO  o.e.m.c.i.e.AbstractTransferListenerAdapter - Downloaded https://repo.maven.apache.org/maven2/org/glassfish/jaxb/jaxb-runtime/4.0.7/jaxb-runtime-4.0.7-sources.jar
2026-06-18 14:25:12,387 [Worker-64: Download sources and javadoc] INFO  o.e.m.j.internal.DownloadSourcesJob - Downloaded sources for org.glassfish.jaxb:jaxb-runtime:4.0.7
2026-06-18 14:25:12,413 [Worker-64: Download sources and javadoc] INFO  o.e.m.c.i.e.AbstractTransferListenerAdapter - Downloading https://repo.maven.apache.org/maven2/org/glassfish/jaxb/jaxb-core/4.0.7/jaxb-core-4.0.7-sources.jar
2026-06-18 14:25:12,416 [Worker-64: Download sources and javadoc] INFO  o.e.m.c.i.e.AbstractTransferListenerAdapter - Downloaded https://repo.maven.apache.org/maven2/org/glassfish/jaxb/jaxb-core/4.0.7/jaxb-core-4.0.7-sources.jar
2026-06-18 14:25:12,418 [Worker-64: Download sources and javadoc] INFO  o.e.m.j.internal.DownloadSourcesJob - Downloaded sources for org.glassfish.jaxb:jaxb-core:4.0.7
2026-06-18 14:25:12,482 [Worker-64: Download sources and javadoc] INFO  o.e.m.c.i.e.AbstractTransferListenerAdapter - Downloading https://repo.maven.apache.org/maven2/org/eclipse/angus/angus-activation/2.0.3/angus-activation-2.0.3-sources.jar
2026-06-18 14:25:12,484 [Worker-64: Download sources and javadoc] INFO  o.e.m.c.i.e.AbstractTransferListenerAdapter - Downloaded https://repo.maven.apache.org/maven2/org/eclipse/angus/angus-activation/2.0.3/angus-activation-2.0.3-sources.jar
2026-06-18 14:25:12,486 [Worker-64: Download sources and javadoc] INFO  o.e.m.j.internal.DownloadSourcesJob - Downloaded sources for org.eclipse.angus:angus-activation:2.0.3
2026-06-18 14:25:12,512 [Worker-64: Download sources and javadoc] INFO  o.e.m.c.i.e.AbstractTransferListenerAdapter - Downloading https://repo.maven.apache.org/maven2/org/glassfish/jaxb/txw2/4.0.7/txw2-4.0.7-sources.jar
2026-06-18 14:25:12,514 [Worker-64: Download sources and javadoc] INFO  o.e.m.c.i.e.AbstractTransferListenerAdapter - Downloaded https://repo.maven.apache.org/maven2/org/glassfish/jaxb/txw2/4.0.7/txw2-4.0.7-sources.jar
2026-06-18 14:25:12,516 [Worker-64: Download sources and javadoc] INFO  o.e.m.j.internal.DownloadSourcesJob - Downloaded sources for org.glassfish.jaxb:txw2:4.0.7
2026-06-18 14:25:12,539 [Worker-64: Download sources and javadoc] INFO  o.e.m.c.i.e.AbstractTransferListenerAdapter - Downloading https://repo.maven.apache.org/maven2/com/sun/istack/istack-commons-runtime/4.1.2/istack-commons-runtime-4.1.2-sources.jar
2026-06-18 14:25:12,541 [Worker-64: Download sources and javadoc] INFO  o.e.m.c.i.e.AbstractTransferListenerAdapter - Downloaded https://repo.maven.apache.org/maven2/com/sun/istack/istack-commons-runtime/4.1.2/istack-commons-runtime-4.1.2-sources.jar
2026-06-18 14:25:12,543 [Worker-64: Download sources and javadoc] INFO  o.e.m.j.internal.DownloadSourcesJob - Downloaded sources for com.sun.istack:istack-commons-runtime:4.1.2
2026-06-18 14:25:12,562 [Worker-64: Download sources and javadoc] INFO  o.e.m.c.i.e.AbstractTransferListenerAdapter - Downloading https://repo.maven.apache.org/maven2/jakarta/inject/jakarta.inject-api/2.0.1/jakarta.inject-api-2.0.1-sources.jar
2026-06-18 14:25:12,564 [Worker-64: Download sources and javadoc] INFO  o.e.m.c.i.e.AbstractTransferListenerAdapter - Downloaded https://repo.maven.apache.org/maven2/jakarta/inject/jakarta.inject-api/2.0.1/jakarta.inject-api-2.0.1-sources.jar
2026-06-18 14:25:12,566 [Worker-64: Download sources and javadoc] INFO  o.e.m.j.internal.DownloadSourcesJob - Downloaded sources for jakarta.inject:jakarta.inject-api:2.0.1
2026-06-18 14:25:12,586 [Worker-64: Download sources and javadoc] INFO  o.e.m.c.i.e.AbstractTransferListenerAdapter - Downloading https://repo.maven.apache.org/maven2/org/antlr/antlr4-runtime/4.13.2/antlr4-runtime-4.13.2-sources.jar
2026-06-18 14:25:12,590 [Worker-64: Download sources and javadoc] INFO  o.e.m.c.i.e.AbstractTransferListenerAdapter - Downloaded https://repo.maven.apache.org/maven2/org/antlr/antlr4-runtime/4.13.2/antlr4-runtime-4.13.2-sources.jar
2026-06-18 14:25:12,592 [Worker-64: Download sources and javadoc] INFO  o.e.m.j.internal.DownloadSourcesJob - Downloaded sources for org.antlr:antlr4-runtime:4.13.2
2026-06-18 14:25:15,184 [Worker-63: Building] INFO  o.e.m.c.i.l.LifecycleMappingFactory - Using org.eclipse.m2e.jdt.JarLifecycleMapping lifecycle mapping for MavenProject: com.example:productdemo:0.0.1-SNAPSHOT @ C:\Users\CVR\eclipse-workspace\productdemo\pom.xml.
2026-06-18 14:25:15,217 [Worker-63: Building] WARN  o.e.m.c.i.embedder.EclipseLogger - The artifact org.hibernate:hibernate-core:jar:7.4.1.Final has been relocated to org.hibernate.orm:hibernate-core:jar:7.4.1.Final
2026-06-18 14:25:15,298 [Worker-63: Building] INFO  o.e.m.c.i.e.AbstractTransferListenerAdapter - Downloading https://repo.maven.apache.org/maven2/org/hibernate/orm/hibernate-core/7.4.1.Final/hibernate-core-7.4.1.Final.jar
2026-06-18 14:25:19,555 [Worker-63: Building] INFO  o.e.m.c.i.e.AbstractTransferListenerAdapter - Downloaded https://repo.maven.apache.org/maven2/org/hibernate/orm/hibernate-core/7.4.1.Final/hibernate-core-7.4.1.Final.jar
2026-06-18 14:25:19,577 [Worker-63: Building] INFO  o.a.m.s.f.DefaultMavenResourcesFiltering - Copying 0 resource from src\main\resources to target\classes
2026-06-18 14:25:19,578 [Worker-63: Building] INFO  o.a.m.s.f.DefaultMavenResourcesFiltering - Copying 0 resource from src\test\resources to target\test-classes
2026-06-18 14:25:19,581 [Worker-63: Building] WARN  o.apache.maven.project.MavenProject - Plugin is modifying compileSourceRoots through clear(), which will not work in Maven 4.0.0. Use MavenProject.addCompileSourceRoot()/removeCompileSourceRoot() methods instead. If using a plugin, please upgrade to the latest version or report the issue to the plugin maintainer. To disable these warnings, set -Dmaven.project.sourceRoots.warningsDisabled=true on the command line, in the .mvn/maven.config file, or in project POM properties.
2026-06-18 14:25:19,581 [Worker-63: Building] WARN  o.apache.maven.project.MavenProject - Plugin is modifying compileSourceRoots through add(), which will not work in Maven 4.0.0. Use MavenProject.addCompileSourceRoot()/removeCompileSourceRoot() methods instead. If using a plugin, please upgrade to the latest version or report the issue to the plugin maintainer. To disable these warnings, set -Dmaven.project.sourceRoots.warningsDisabled=true on the command line, in the .mvn/maven.config file, or in project POM properties.
2026-06-18 14:25:19,582 [Worker-63: Building] WARN  o.apache.maven.project.MavenProject - Plugin is modifying testCompileSourceRoots through clear(), which will not work in Maven 4.0.0. Use MavenProject.addTestCompileSourceRoot()/removeTestCompileSourceRoot() methods instead. If using a plugin, please upgrade to the latest version or report the issue to the plugin maintainer. To disable these warnings, set -Dmaven.project.sourceRoots.warningsDisabled=true on the command line, in the .mvn/maven.config file, or in project POM properties.
2026-06-18 14:25:19,582 [Worker-63: Building] WARN  o.apache.maven.project.MavenProject - Plugin is modifying testCompileSourceRoots through add(), which will not work in Maven 4.0.0. Use MavenProject.addTestCompileSourceRoot()/removeTestCompileSourceRoot() methods instead. If using a plugin, please upgrade to the latest version or report the issue to the plugin maintainer. To disable these warnings, set -Dmaven.project.sourceRoots.warningsDisabled=true on the command line, in the .mvn/maven.config file, or in project POM properties.
2026-06-18 14:25:20,648 [Worker-60: Download sources and javadoc] INFO  o.e.m.c.i.e.AbstractTransferListenerAdapter - Downloading https://repo.maven.apache.org/maven2/org/hibernate/orm/hibernate-core/7.4.1.Final/hibernate-core-7.4.1.Final-sources.jar
2026-06-18 14:25:20,708 [Worker-64: Building] INFO  o.a.m.s.f.DefaultMavenResourcesFiltering - Copying 1 resource from src\main\resources to target\classes
2026-06-18 14:25:20,710 [Worker-64: Building] INFO  o.a.m.s.f.DefaultMavenResourcesFiltering - Copying 0 resource from src\test\resources to target\test-classes
2026-06-18 14:25:20,716 [Worker-64: Building] WARN  o.apache.maven.project.MavenProject - Plugin is modifying compileSourceRoots through clear(), which will not work in Maven 4.0.0. Use MavenProject.addCompileSourceRoot()/removeCompileSourceRoot() methods instead. If using a plugin, please upgrade to the latest version or report the issue to the plugin maintainer. To disable these warnings, set -Dmaven.project.sourceRoots.warningsDisabled=true on the command line, in the .mvn/maven.config file, or in project POM properties.
2026-06-18 14:25:20,716 [Worker-64: Building] WARN  o.apache.maven.project.MavenProject - Plugin is modifying compileSourceRoots through add(), which will not work in Maven 4.0.0. Use MavenProject.addCompileSourceRoot()/removeCompileSourceRoot() methods instead. If using a plugin, please upgrade to the latest version or report the issue to the plugin maintainer. To disable these warnings, set -Dmaven.project.sourceRoots.warningsDisabled=true on the command line, in the .mvn/maven.config file, or in project POM properties.
2026-06-18 14:25:20,717 [Worker-64: Building] WARN  o.apache.maven.project.MavenProject - Plugin is modifying testCompileSourceRoots through clear(), which will not work in Maven 4.0.0. Use MavenProject.addTestCompileSourceRoot()/removeTestCompileSourceRoot() methods instead. If using a plugin, please upgrade to the latest version or report the issue to the plugin maintainer. To disable these warnings, set -Dmaven.project.sourceRoots.warningsDisabled=true on the command line, in the .mvn/maven.config file, or in project POM properties.
2026-06-18 14:25:20,717 [Worker-64: Building] WARN  o.apache.maven.project.MavenProject - Plugin is modifying testCompileSourceRoots through add(), which will not work in Maven 4.0.0. Use MavenProject.addTestCompileSourceRoot()/removeTestCompileSourceRoot() methods instead. If using a plugin, please upgrade to the latest version or report the issue to the plugin maintainer. To disable these warnings, set -Dmaven.project.sourceRoots.warningsDisabled=true on the command line, in the .mvn/maven.config file, or in project POM properties.
2026-06-18 14:25:22,527 [Worker-60: Download sources and javadoc] INFO  o.e.m.c.i.e.AbstractTransferListenerAdapter - Downloaded https://repo.maven.apache.org/maven2/org/hibernate/orm/hibernate-core/7.4.1.Final/hibernate-core-7.4.1.Final-sources.jar
2026-06-18 14:25:22,530 [Worker-60: Download sources and javadoc] INFO  o.e.m.j.internal.DownloadSourcesJob - Downloaded sources for org.hibernate.orm:hibernate-core:7.4.1.Final
2026-06-18 14:26:16,276 [Worker-62: Building] INFO  o.e.m.c.i.l.LifecycleMappingFactory - Using org.eclipse.m2e.jdt.JarLifecycleMapping lifecycle mapping for MavenProject: com.example:productdemo:0.0.1-SNAPSHOT @ C:\Users\CVR\eclipse-workspace\productdemo\pom.xml.
2026-06-18 14:26:16,305 [Worker-62: Building] INFO  o.e.m.c.i.e.AbstractTransferListenerAdapter - Downloading https://repo.maven.apache.org/maven2/mysql/mysql-connector-java/8.0.33/mysql-connector-java-8.0.33.pom
2026-06-18 14:26:16,314 [Worker-62: Building] INFO  o.e.m.c.i.e.AbstractTransferListenerAdapter - Downloaded https://repo.maven.apache.org/maven2/mysql/mysql-connector-java/8.0.33/mysql-connector-java-8.0.33.pom
2026-06-18 14:26:16,339 [Worker-62: Building] INFO  o.e.m.c.i.e.AbstractTransferListenerAdapter - Downloading https://repo.maven.apache.org/maven2/com/mysql/mysql-connector-j/8.0.33/mysql-connector-j-8.0.33.pom
2026-06-18 14:26:16,343 [Worker-62: Building] INFO  o.e.m.c.i.e.AbstractTransferListenerAdapter - Downloaded https://repo.maven.apache.org/maven2/com/mysql/mysql-connector-j/8.0.33/mysql-connector-j-8.0.33.pom
2026-06-18 14:26:16,362 [Worker-62: Building] INFO  o.e.m.c.i.e.AbstractTransferListenerAdapter - Downloading https://repo.maven.apache.org/maven2/com/google/protobuf/protobuf-java/3.21.9/protobuf-java-3.21.9.pom
2026-06-18 14:26:16,365 [Worker-62: Building] INFO  o.e.m.c.i.e.AbstractTransferListenerAdapter - Downloaded https://repo.maven.apache.org/maven2/com/google/protobuf/protobuf-java/3.21.9/protobuf-java-3.21.9.pom
2026-06-18 14:26:16,383 [Worker-62: Building] INFO  o.e.m.c.i.e.AbstractTransferListenerAdapter - Downloading https://repo.maven.apache.org/maven2/com/google/protobuf/protobuf-parent/3.21.9/protobuf-parent-3.21.9.pom
2026-06-18 14:26:16,385 [Worker-62: Building] INFO  o.e.m.c.i.e.AbstractTransferListenerAdapter - Downloaded https://repo.maven.apache.org/maven2/com/google/protobuf/protobuf-parent/3.21.9/protobuf-parent-3.21.9.pom
2026-06-18 14:26:16,403 [Worker-62: Building] INFO  o.e.m.c.i.e.AbstractTransferListenerAdapter - Downloading https://repo.maven.apache.org/maven2/com/google/protobuf/protobuf-bom/3.21.9/protobuf-bom-3.21.9.pom
2026-06-18 14:26:16,405 [Worker-62: Building] INFO  o.e.m.c.i.e.AbstractTransferListenerAdapter - Downloaded https://repo.maven.apache.org/maven2/com/google/protobuf/protobuf-bom/3.21.9/protobuf-bom-3.21.9.pom
2026-06-18 14:26:16,441 [Worker-62: Building] WARN  o.e.m.c.i.embedder.EclipseLogger - The artifact mysql:mysql-connector-java:jar:8.0.33 has been relocated to com.mysql:mysql-connector-j:jar:8.0.33: MySQL Connector/J artifacts moved to reverse-DNS compliant Maven 2+ coordinates.
2026-06-18 14:26:16,442 [Worker-62: Building] WARN  o.e.m.c.i.embedder.EclipseLogger - The artifact org.hibernate:hibernate-core:jar:7.4.1.Final has been relocated to org.hibernate.orm:hibernate-core:jar:7.4.1.Final
2026-06-18 14:26:16,466 [Worker-62: Building] INFO  o.e.m.c.i.e.AbstractTransferListenerAdapter - Downloading https://repo.maven.apache.org/maven2/com/mysql/mysql-connector-j/8.0.33/mysql-connector-j-8.0.33.jar
2026-06-18 14:26:16,730 [Worker-62: Building] INFO  o.e.m.c.i.e.AbstractTransferListenerAdapter - Downloaded https://repo.maven.apache.org/maven2/com/mysql/mysql-connector-j/8.0.33/mysql-connector-j-8.0.33.jar
2026-06-18 14:26:16,744 [BasicRepositoryConnector-repo.maven.apache.org-4-0] INFO  o.e.m.c.i.e.AbstractTransferListenerAdapter - Downloading https://repo.maven.apache.org/maven2/com/google/protobuf/protobuf-java/3.21.9/protobuf-java-3.21.9.jar
2026-06-18 14:26:17,072 [BasicRepositoryConnector-repo.maven.apache.org-4-0] INFO  o.e.m.c.i.e.AbstractTransferListenerAdapter - Downloaded https://repo.maven.apache.org/maven2/com/google/protobuf/protobuf-java/3.21.9/protobuf-java-3.21.9.jar
2026-06-18 14:26:17,098 [Worker-62: Building] INFO  o.a.m.s.f.DefaultMavenResourcesFiltering - Copying 0 resource from src\main\resources to target\classes
2026-06-18 14:26:17,099 [Worker-62: Building] INFO  o.a.m.s.f.DefaultMavenResourcesFiltering - Copying 0 resource from src\test\resources to target\test-classes
2026-06-18 14:26:17,103 [Worker-62: Building] WARN  o.apache.maven.project.MavenProject - Plugin is modifying compileSourceRoots through clear(), which will not work in Maven 4.0.0. Use MavenProject.addCompileSourceRoot()/removeCompileSourceRoot() methods instead. If using a plugin, please upgrade to the latest version or report the issue to the plugin maintainer. To disable these warnings, set -Dmaven.project.sourceRoots.warningsDisabled=true on the command line, in the .mvn/maven.config file, or in project POM properties.
2026-06-18 14:26:17,103 [Worker-62: Building] WARN  o.apache.maven.project.MavenProject - Plugin is modifying compileSourceRoots through add(), which will not work in Maven 4.0.0. Use MavenProject.addCompileSourceRoot()/removeCompileSourceRoot() methods instead. If using a plugin, please upgrade to the latest version or report the issue to the plugin maintainer. To disable these warnings, set -Dmaven.project.sourceRoots.warningsDisabled=true on the command line, in the .mvn/maven.config file, or in project POM properties.
2026-06-18 14:26:17,103 [Worker-62: Building] WARN  o.apache.maven.project.MavenProject - Plugin is modifying testCompileSourceRoots through clear(), which will not work in Maven 4.0.0. Use MavenProject.addTestCompileSourceRoot()/removeTestCompileSourceRoot() methods instead. If using a plugin, please upgrade to the latest version or report the issue to the plugin maintainer. To disable these warnings, set -Dmaven.project.sourceRoots.warningsDisabled=true on the command line, in the .mvn/maven.config file, or in project POM properties.
2026-06-18 14:26:17,103 [Worker-62: Building] WARN  o.apache.maven.project.MavenProject - Plugin is modifying testCompileSourceRoots through add(), which will not work in Maven 4.0.0. Use MavenProject.addTestCompileSourceRoot()/removeTestCompileSourceRoot() methods instead. If using a plugin, please upgrade to the latest version or report the issue to the plugin maintainer. To disable these warnings, set -Dmaven.project.sourceRoots.warningsDisabled=true on the command line, in the .mvn/maven.config file, or in project POM properties.
2026-06-18 14:26:18,178 [Worker-65: Download sources and javadoc] INFO  o.e.m.c.i.e.AbstractTransferListenerAdapter - Downloading https://repo.maven.apache.org/maven2/com/mysql/mysql-connector-j/8.0.33/mysql-connector-j-8.0.33-sources.jar
2026-06-18 14:26:18,261 [Worker-65: Download sources and javadoc] INFO  o.e.m.c.i.e.AbstractTransferListenerAdapter - Downloaded https://repo.maven.apache.org/maven2/com/mysql/mysql-connector-j/8.0.33/mysql-connector-j-8.0.33-sources.jar
2026-06-18 14:26:18,263 [Worker-65: Download sources and javadoc] INFO  o.e.m.j.internal.DownloadSourcesJob - Downloaded sources for com.mysql:mysql-connector-j:8.0.33
2026-06-18 14:26:18,292 [Worker-65: Download sources and javadoc] INFO  o.e.m.c.i.e.AbstractTransferListenerAdapter - Downloading https://repo.maven.apache.org/maven2/com/google/protobuf/protobuf-java/3.21.9/protobuf-java-3.21.9-sources.jar
2026-06-18 14:26:18,310 [Worker-57: Building] INFO  o.a.m.s.f.DefaultMavenResourcesFiltering - Copying 1 resource from src\main\resources to target\classes
2026-06-18 14:26:18,312 [Worker-57: Building] INFO  o.a.m.s.f.DefaultMavenResourcesFiltering - Copying 0 resource from src\test\resources to target\test-classes
2026-06-18 14:26:18,316 [Worker-57: Building] WARN  o.apache.maven.project.MavenProject - Plugin is modifying compileSourceRoots through clear(), which will not work in Maven 4.0.0. Use MavenProject.addCompileSourceRoot()/removeCompileSourceRoot() methods instead. If using a plugin, please upgrade to the latest version or report the issue to the plugin maintainer. To disable these warnings, set -Dmaven.project.sourceRoots.warningsDisabled=true on the command line, in the .mvn/maven.config file, or in project POM properties.
2026-06-18 14:26:18,316 [Worker-57: Building] WARN  o.apache.maven.project.MavenProject - Plugin is modifying compileSourceRoots through add(), which will not work in Maven 4.0.0. Use MavenProject.addCompileSourceRoot()/removeCompileSourceRoot() methods instead. If using a plugin, please upgrade to the latest version or report the issue to the plugin maintainer. To disable these warnings, set -Dmaven.project.sourceRoots.warningsDisabled=true on the command line, in the .mvn/maven.config file, or in project POM properties.
2026-06-18 14:26:18,317 [Worker-57: Building] WARN  o.apache.maven.project.MavenProject - Plugin is modifying testCompileSourceRoots through clear(), which will not work in Maven 4.0.0. Use MavenProject.addTestCompileSourceRoot()/removeTestCompileSourceRoot() methods instead. If using a plugin, please upgrade to the latest version or report the issue to the plugin maintainer. To disable these warnings, set -Dmaven.project.sourceRoots.warningsDisabled=true on the command line, in the .mvn/maven.config file, or in project POM properties.
2026-06-18 14:26:18,317 [Worker-57: Building] WARN  o.apache.maven.project.MavenProject - Plugin is modifying testCompileSourceRoots through add(), which will not work in Maven 4.0.0. Use MavenProject.addTestCompileSourceRoot()/removeTestCompileSourceRoot() methods instead. If using a plugin, please upgrade to the latest version or report the issue to the plugin maintainer. To disable these warnings, set -Dmaven.project.sourceRoots.warningsDisabled=true on the command line, in the .mvn/maven.config file, or in project POM properties.
2026-06-18 14:26:18,444 [Worker-65: Download sources and javadoc] INFO  o.e.m.c.i.e.AbstractTransferListenerAdapter - Downloaded https://repo.maven.apache.org/maven2/com/google/protobuf/protobuf-java/3.21.9/protobuf-java-3.21.9-sources.jar
2026-06-18 14:26:18,446 [Worker-65: Download sources and javadoc] INFO  o.e.m.j.internal.DownloadSourcesJob - Downloaded sources for com.google.protobuf:protobuf-java:3.21.9
2026-06-18 14:35:13,561 [Worker-60: Building] INFO  o.a.m.s.f.DefaultMavenResourcesFiltering - Copying 1 resource from src\main\resources to target\classes
2026-06-18 14:35:13,566 [Worker-60: Building] INFO  o.a.m.s.f.DefaultMavenResourcesFiltering - Copying 0 resource from src\test\resources to target\test-classes
2026-06-18 14:35:13,566 [Worker-60: Building] WARN  o.apache.maven.project.MavenProject - Plugin is modifying compileSourceRoots through clear(), which will not work in Maven 4.0.0. Use MavenProject.addCompileSourceRoot()/removeCompileSourceRoot() methods instead. If using a plugin, please upgrade to the latest version or report the issue to the plugin maintainer. To disable these warnings, set -Dmaven.project.sourceRoots.warningsDisabled=true on the command line, in the .mvn/maven.config file, or in project POM properties.
2026-06-18 14:35:13,567 [Worker-60: Building] WARN  o.apache.maven.project.MavenProject - Plugin is modifying compileSourceRoots through add(), which will not work in Maven 4.0.0. Use MavenProject.addCompileSourceRoot()/removeCompileSourceRoot() methods instead. If using a plugin, please upgrade to the latest version or report the issue to the plugin maintainer. To disable these warnings, set -Dmaven.project.sourceRoots.warningsDisabled=true on the command line, in the .mvn/maven.config file, or in project POM properties.
2026-06-18 14:35:13,567 [Worker-60: Building] WARN  o.apache.maven.project.MavenProject - Plugin is modifying testCompileSourceRoots through clear(), which will not work in Maven 4.0.0. Use MavenProject.addTestCompileSourceRoot()/removeTestCompileSourceRoot() methods instead. If using a plugin, please upgrade to the latest version or report the issue to the plugin maintainer. To disable these warnings, set -Dmaven.project.sourceRoots.warningsDisabled=true on the command line, in the .mvn/maven.config file, or in project POM properties.
2026-06-18 14:35:13,567 [Worker-60: Building] WARN  o.apache.maven.project.MavenProject - Plugin is modifying testCompileSourceRoots through add(), which will not work in Maven 4.0.0. Use MavenProject.addTestCompileSourceRoot()/removeTestCompileSourceRoot() methods instead. If using a plugin, please upgrade to the latest version or report the issue to the plugin maintainer. To disable these warnings, set -Dmaven.project.sourceRoots.warningsDisabled=true on the command line, in the .mvn/maven.config file, or in project POM properties.
2026-06-18 14:42:18,702 [Worker-72: Building] INFO  o.a.m.s.f.DefaultMavenResourcesFiltering - Copying 0 resource from src\main\resources to target\classes
2026-06-18 14:42:18,703 [Worker-72: Building] INFO  o.a.m.s.f.DefaultMavenResourcesFiltering - Copying 0 resource from src\test\resources to target\test-classes
2026-06-18 14:42:18,703 [Worker-72: Building] WARN  o.apache.maven.project.MavenProject - Plugin is modifying compileSourceRoots through clear(), which will not work in Maven 4.0.0. Use MavenProject.addCompileSourceRoot()/removeCompileSourceRoot() methods instead. If using a plugin, please upgrade to the latest version or report the issue to the plugin maintainer. To disable these warnings, set -Dmaven.project.sourceRoots.warningsDisabled=true on the command line, in the .mvn/maven.config file, or in project POM properties.
2026-06-18 14:42:18,704 [Worker-72: Building] WARN  o.apache.maven.project.MavenProject - Plugin is modifying compileSourceRoots through add(), which will not work in Maven 4.0.0. Use MavenProject.addCompileSourceRoot()/removeCompileSourceRoot() methods instead. If using a plugin, please upgrade to the latest version or report the issue to the plugin maintainer. To disable these warnings, set -Dmaven.project.sourceRoots.warningsDisabled=true on the command line, in the .mvn/maven.config file, or in project POM properties.
2026-06-18 14:42:18,704 [Worker-72: Building] WARN  o.apache.maven.project.MavenProject - Plugin is modifying testCompileSourceRoots through clear(), which will not work in Maven 4.0.0. Use MavenProject.addTestCompileSourceRoot()/removeTestCompileSourceRoot() methods instead. If using a plugin, please upgrade to the latest version or report the issue to the plugin maintainer. To disable these warnings, set -Dmaven.project.sourceRoots.warningsDisabled=true on the command line, in the .mvn/maven.config file, or in project POM properties.
2026-06-18 14:42:18,704 [Worker-72: Building] WARN  o.apache.maven.project.MavenProject - Plugin is modifying testCompileSourceRoots through add(), which will not work in Maven 4.0.0. Use MavenProject.addTestCompileSourceRoot()/removeTestCompileSourceRoot() methods instead. If using a plugin, please upgrade to the latest version or report the issue to the plugin maintainer. To disable these warnings, set -Dmaven.project.sourceRoots.warningsDisabled=true on the command line, in the .mvn/maven.config file, or in project POM properties.
2026-06-18 14:43:51,726 [Worker-72: Building] INFO  o.a.m.s.f.DefaultMavenResourcesFiltering - Copying 0 resource from src\main\resources to target\classes
2026-06-18 14:43:51,727 [Worker-72: Building] INFO  o.a.m.s.f.DefaultMavenResourcesFiltering - Copying 0 resource from src\test\resources to target\test-classes
2026-06-18 14:43:51,728 [Worker-72: Building] WARN  o.apache.maven.project.MavenProject - Plugin is modifying compileSourceRoots through clear(), which will not work in Maven 4.0.0. Use MavenProject.addCompileSourceRoot()/removeCompileSourceRoot() methods instead. If using a plugin, please upgrade to the latest version or report the issue to the plugin maintainer. To disable these warnings, set -Dmaven.project.sourceRoots.warningsDisabled=true on the command line, in the .mvn/maven.config file, or in project POM properties.
2026-06-18 14:43:51,728 [Worker-72: Building] WARN  o.apache.maven.project.MavenProject - Plugin is modifying compileSourceRoots through add(), which will not work in Maven 4.0.0. Use MavenProject.addCompileSourceRoot()/removeCompileSourceRoot() methods instead. If using a plugin, please upgrade to the latest version or report the issue to the plugin maintainer. To disable these warnings, set -Dmaven.project.sourceRoots.warningsDisabled=true on the command line, in the .mvn/maven.config file, or in project POM properties.
2026-06-18 14:43:51,728 [Worker-72: Building] WARN  o.apache.maven.project.MavenProject - Plugin is modifying testCompileSourceRoots through clear(), which will not work in Maven 4.0.0. Use MavenProject.addTestCompileSourceRoot()/removeTestCompileSourceRoot() methods instead. If using a plugin, please upgrade to the latest version or report the issue to the plugin maintainer. To disable these warnings, set -Dmaven.project.sourceRoots.warningsDisabled=true on the command line, in the .mvn/maven.config file, or in project POM properties.
2026-06-18 14:43:51,728 [Worker-72: Building] WARN  o.apache.maven.project.MavenProject - Plugin is modifying testCompileSourceRoots through add(), which will not work in Maven 4.0.0. Use MavenProject.addTestCompileSourceRoot()/removeTestCompileSourceRoot() methods instead. If using a plugin, please upgrade to the latest version or report the issue to the plugin maintainer. To disable these warnings, set -Dmaven.project.sourceRoots.warningsDisabled=true on the command line, in the .mvn/maven.config file, or in project POM properties.
2026-06-18 14:49:19,849 [Worker-73: Building] INFO  o.a.m.s.f.DefaultMavenResourcesFiltering - Copying 0 resource from src\main\resources to target\classes
2026-06-18 14:49:19,851 [Worker-73: Building] INFO  o.a.m.s.f.DefaultMavenResourcesFiltering - Copying 0 resource from src\test\resources to target\test-classes
2026-06-18 14:49:19,851 [Worker-73: Building] WARN  o.apache.maven.project.MavenProject - Plugin is modifying compileSourceRoots through clear(), which will not work in Maven 4.0.0. Use MavenProject.addCompileSourceRoot()/removeCompileSourceRoot() methods instead. If using a plugin, please upgrade to the latest version or report the issue to the plugin maintainer. To disable these warnings, set -Dmaven.project.sourceRoots.warningsDisabled=true on the command line, in the .mvn/maven.config file, or in project POM properties.
2026-06-18 14:49:19,852 [Worker-73: Building] WARN  o.apache.maven.project.MavenProject - Plugin is modifying compileSourceRoots through add(), which will not work in Maven 4.0.0. Use MavenProject.addCompileSourceRoot()/removeCompileSourceRoot() methods instead. If using a plugin, please upgrade to the latest version or report the issue to the plugin maintainer. To disable these warnings, set -Dmaven.project.sourceRoots.warningsDisabled=true on the command line, in the .mvn/maven.config file, or in project POM properties.
2026-06-18 14:49:19,852 [Worker-73: Building] WARN  o.apache.maven.project.MavenProject - Plugin is modifying testCompileSourceRoots through clear(), which will not work in Maven 4.0.0. Use MavenProject.addTestCompileSourceRoot()/removeTestCompileSourceRoot() methods instead. If using a plugin, please upgrade to the latest version or report the issue to the plugin maintainer. To disable these warnings, set -Dmaven.project.sourceRoots.warningsDisabled=true on the command line, in the .mvn/maven.config file, or in project POM properties.
2026-06-18 14:49:19,852 [Worker-73: Building] WARN  o.apache.maven.project.MavenProject - Plugin is modifying testCompileSourceRoots through add(), which will not work in Maven 4.0.0. Use MavenProject.addTestCompileSourceRoot()/removeTestCompileSourceRoot() methods instead. If using a plugin, please upgrade to the latest version or report the issue to the plugin maintainer. To disable these warnings, set -Dmaven.project.sourceRoots.warningsDisabled=true on the command line, in the .mvn/maven.config file, or in project POM properties.
2026-06-18 14:50:22,789 [Worker-68: Building] INFO  o.a.m.s.f.DefaultMavenResourcesFiltering - Copying 0 resource from src\main\resources to target\classes
2026-06-18 14:50:22,790 [Worker-68: Building] INFO  o.a.m.s.f.DefaultMavenResourcesFiltering - Copying 0 resource from src\test\resources to target\test-classes
2026-06-18 14:50:22,790 [Worker-68: Building] WARN  o.apache.maven.project.MavenProject - Plugin is modifying compileSourceRoots through clear(), which will not work in Maven 4.0.0. Use MavenProject.addCompileSourceRoot()/removeCompileSourceRoot() methods instead. If using a plugin, please upgrade to the latest version or report the issue to the plugin maintainer. To disable these warnings, set -Dmaven.project.sourceRoots.warningsDisabled=true on the command line, in the .mvn/maven.config file, or in project POM properties.
2026-06-18 14:50:22,790 [Worker-68: Building] WARN  o.apache.maven.project.MavenProject - Plugin is modifying compileSourceRoots through add(), which will not work in Maven 4.0.0. Use MavenProject.addCompileSourceRoot()/removeCompileSourceRoot() methods instead. If using a plugin, please upgrade to the latest version or report the issue to the plugin maintainer. To disable these warnings, set -Dmaven.project.sourceRoots.warningsDisabled=true on the command line, in the .mvn/maven.config file, or in project POM properties.
2026-06-18 14:50:22,790 [Worker-68: Building] WARN  o.apache.maven.project.MavenProject - Plugin is modifying testCompileSourceRoots through clear(), which will not work in Maven 4.0.0. Use MavenProject.addTestCompileSourceRoot()/removeTestCompileSourceRoot() methods instead. If using a plugin, please upgrade to the latest version or report the issue to the plugin maintainer. To disable these warnings, set -Dmaven.project.sourceRoots.warningsDisabled=true on the command line, in the .mvn/maven.config file, or in project POM properties.
2026-06-18 14:50:22,790 [Worker-68: Building] WARN  o.apache.maven.project.MavenProject - Plugin is modifying testCompileSourceRoots through add(), which will not work in Maven 4.0.0. Use MavenProject.addTestCompileSourceRoot()/removeTestCompileSourceRoot() methods instead. If using a plugin, please upgrade to the latest version or report the issue to the plugin maintainer. To disable these warnings, set -Dmaven.project.sourceRoots.warningsDisabled=true on the command line, in the .mvn/maven.config file, or in project POM properties.
2026-06-18 14:57:54,473 [Worker-69: Building] INFO  o.a.m.s.f.DefaultMavenResourcesFiltering - Copying 0 resource from src\main\resources to target\classes
2026-06-18 14:57:54,475 [Worker-69: Building] INFO  o.a.m.s.f.DefaultMavenResourcesFiltering - Copying 0 resource from src\test\resources to target\test-classes
2026-06-18 14:57:54,475 [Worker-69: Building] WARN  o.apache.maven.project.MavenProject - Plugin is modifying compileSourceRoots through clear(), which will not work in Maven 4.0.0. Use MavenProject.addCompileSourceRoot()/removeCompileSourceRoot() methods instead. If using a plugin, please upgrade to the latest version or report the issue to the plugin maintainer. To disable these warnings, set -Dmaven.project.sourceRoots.warningsDisabled=true on the command line, in the .mvn/maven.config file, or in project POM properties.
2026-06-18 14:57:54,475 [Worker-69: Building] WARN  o.apache.maven.project.MavenProject - Plugin is modifying compileSourceRoots through add(), which will not work in Maven 4.0.0. Use MavenProject.addCompileSourceRoot()/removeCompileSourceRoot() methods instead. If using a plugin, please upgrade to the latest version or report the issue to the plugin maintainer. To disable these warnings, set -Dmaven.project.sourceRoots.warningsDisabled=true on the command line, in the .mvn/maven.config file, or in project POM properties.
2026-06-18 14:57:54,476 [Worker-69: Building] WARN  o.apache.maven.project.MavenProject - Plugin is modifying testCompileSourceRoots through clear(), which will not work in Maven 4.0.0. Use MavenProject.addTestCompileSourceRoot()/removeTestCompileSourceRoot() methods instead. If using a plugin, please upgrade to the latest version or report the issue to the plugin maintainer. To disable these warnings, set -Dmaven.project.sourceRoots.warningsDisabled=true on the command line, in the .mvn/maven.config file, or in project POM properties.
2026-06-18 14:57:54,476 [Worker-69: Building] WARN  o.apache.maven.project.MavenProject - Plugin is modifying testCompileSourceRoots through add(), which will not work in Maven 4.0.0. Use MavenProject.addTestCompileSourceRoot()/removeTestCompileSourceRoot() methods instead. If using a plugin, please upgrade to the latest version or report the issue to the plugin maintainer. To disable these warnings, set -Dmaven.project.sourceRoots.warningsDisabled=true on the command line, in the .mvn/maven.config file, or in project POM properties.
2026-06-18 15:02:50,720 [Worker-77: Building] INFO  o.a.m.s.f.DefaultMavenResourcesFiltering - Copying 0 resource from src\main\resources to target\classes
2026-06-18 15:02:50,721 [Worker-77: Building] INFO  o.a.m.s.f.DefaultMavenResourcesFiltering - Copying 0 resource from src\test\resources to target\test-classes
2026-06-18 15:02:50,721 [Worker-77: Building] WARN  o.apache.maven.project.MavenProject - Plugin is modifying compileSourceRoots through clear(), which will not work in Maven 4.0.0. Use MavenProject.addCompileSourceRoot()/removeCompileSourceRoot() methods instead. If using a plugin, please upgrade to the latest version or report the issue to the plugin maintainer. To disable these warnings, set -Dmaven.project.sourceRoots.warningsDisabled=true on the command line, in the .mvn/maven.config file, or in project POM properties.
2026-06-18 15:02:50,722 [Worker-77: Building] WARN  o.apache.maven.project.MavenProject - Plugin is modifying compileSourceRoots through add(), which will not work in Maven 4.0.0. Use MavenProject.addCompileSourceRoot()/removeCompileSourceRoot() methods instead. If using a plugin, please upgrade to the latest version or report the issue to the plugin maintainer. To disable these warnings, set -Dmaven.project.sourceRoots.warningsDisabled=true on the command line, in the .mvn/maven.config file, or in project POM properties.
2026-06-18 15:02:50,722 [Worker-77: Building] WARN  o.apache.maven.project.MavenProject - Plugin is modifying testCompileSourceRoots through clear(), which will not work in Maven 4.0.0. Use MavenProject.addTestCompileSourceRoot()/removeTestCompileSourceRoot() methods instead. If using a plugin, please upgrade to the latest version or report the issue to the plugin maintainer. To disable these warnings, set -Dmaven.project.sourceRoots.warningsDisabled=true on the command line, in the .mvn/maven.config file, or in project POM properties.
2026-06-18 15:02:50,722 [Worker-77: Building] WARN  o.apache.maven.project.MavenProject - Plugin is modifying testCompileSourceRoots through add(), which will not work in Maven 4.0.0. Use MavenProject.addTestCompileSourceRoot()/removeTestCompileSourceRoot() methods instead. If using a plugin, please upgrade to the latest version or report the issue to the plugin maintainer. To disable these warnings, set -Dmaven.project.sourceRoots.warningsDisabled=true on the command line, in the .mvn/maven.config file, or in project POM properties.
2026-06-18 15:04:01,354 [Worker-77: Building] INFO  o.a.m.s.f.DefaultMavenResourcesFiltering - Copying 1 resource from src\main\resources to target\classes
2026-06-18 15:04:01,356 [Worker-77: Building] INFO  o.a.m.s.f.DefaultMavenResourcesFiltering - Copying 0 resource from src\test\resources to target\test-classes
2026-06-18 15:04:01,361 [Worker-77: Building] WARN  o.apache.maven.project.MavenProject - Plugin is modifying compileSourceRoots through clear(), which will not work in Maven 4.0.0. Use MavenProject.addCompileSourceRoot()/removeCompileSourceRoot() methods instead. If using a plugin, please upgrade to the latest version or report the issue to the plugin maintainer. To disable these warnings, set -Dmaven.project.sourceRoots.warningsDisabled=true on the command line, in the .mvn/maven.config file, or in project POM properties.
2026-06-18 15:04:01,362 [Worker-77: Building] WARN  o.apache.maven.project.MavenProject - Plugin is modifying compileSourceRoots through add(), which will not work in Maven 4.0.0. Use MavenProject.addCompileSourceRoot()/removeCompileSourceRoot() methods instead. If using a plugin, please upgrade to the latest version or report the issue to the plugin maintainer. To disable these warnings, set -Dmaven.project.sourceRoots.warningsDisabled=true on the command line, in the .mvn/maven.config file, or in project POM properties.
2026-06-18 15:04:01,362 [Worker-77: Building] WARN  o.apache.maven.project.MavenProject - Plugin is modifying testCompileSourceRoots through clear(), which will not work in Maven 4.0.0. Use MavenProject.addTestCompileSourceRoot()/removeTestCompileSourceRoot() methods instead. If using a plugin, please upgrade to the latest version or report the issue to the plugin maintainer. To disable these warnings, set -Dmaven.project.sourceRoots.warningsDisabled=true on the command line, in the .mvn/maven.config file, or in project POM properties.
2026-06-18 15:04:01,362 [Worker-77: Building] WARN  o.apache.maven.project.MavenProject - Plugin is modifying testCompileSourceRoots through add(), which will not work in Maven 4.0.0. Use MavenProject.addTestCompileSourceRoot()/removeTestCompileSourceRoot() methods instead. If using a plugin, please upgrade to the latest version or report the issue to the plugin maintainer. To disable these warnings, set -Dmaven.project.sourceRoots.warningsDisabled=true on the command line, in the .mvn/maven.config file, or in project POM properties.
2026-06-18 15:04:44,387 [Worker-81: Building] INFO  o.a.m.s.f.DefaultMavenResourcesFiltering - Copying 1 resource from src\main\resources to target\classes
2026-06-18 15:04:44,389 [Worker-81: Building] INFO  o.a.m.s.f.DefaultMavenResourcesFiltering - Copying 0 resource from src\test\resources to target\test-classes
2026-06-18 15:04:44,392 [Worker-81: Building] WARN  o.apache.maven.project.MavenProject - Plugin is modifying compileSourceRoots through clear(), which will not work in Maven 4.0.0. Use MavenProject.addCompileSourceRoot()/removeCompileSourceRoot() methods instead. If using a plugin, please upgrade to the latest version or report the issue to the plugin maintainer. To disable these warnings, set -Dmaven.project.sourceRoots.warningsDisabled=true on the command line, in the .mvn/maven.config file, or in project POM properties.
2026-06-18 15:04:44,393 [Worker-81: Building] WARN  o.apache.maven.project.MavenProject - Plugin is modifying compileSourceRoots through add(), which will not work in Maven 4.0.0. Use MavenProject.addCompileSourceRoot()/removeCompileSourceRoot() methods instead. If using a plugin, please upgrade to the latest version or report the issue to the plugin maintainer. To disable these warnings, set -Dmaven.project.sourceRoots.warningsDisabled=true on the command line, in the .mvn/maven.config file, or in project POM properties.
2026-06-18 15:04:44,393 [Worker-81: Building] WARN  o.apache.maven.project.MavenProject - Plugin is modifying testCompileSourceRoots through clear(), which will not work in Maven 4.0.0. Use MavenProject.addTestCompileSourceRoot()/removeTestCompileSourceRoot() methods instead. If using a plugin, please upgrade to the latest version or report the issue to the plugin maintainer. To disable these warnings, set -Dmaven.project.sourceRoots.warningsDisabled=true on the command line, in the .mvn/maven.config file, or in project POM properties.
2026-06-18 15:04:44,393 [Worker-81: Building] WARN  o.apache.maven.project.MavenProject - Plugin is modifying testCompileSourceRoots through add(), which will not work in Maven 4.0.0. Use MavenProject.addTestCompileSourceRoot()/removeTestCompileSourceRoot() methods instead. If using a plugin, please upgrade to the latest version or report the issue to the plugin maintainer. To disable these warnings, set -Dmaven.project.sourceRoots.warningsDisabled=true on the command line, in the .mvn/maven.config file, or in project POM properties.
2026-06-18 15:06:09,280 [Worker-81: Building] INFO  o.a.m.s.f.DefaultMavenResourcesFiltering - Copying 0 resource from src\main\resources to target\classes
2026-06-18 15:06:09,281 [Worker-81: Building] INFO  o.a.m.s.f.DefaultMavenResourcesFiltering - Copying 0 resource from src\test\resources to target\test-classes
2026-06-18 15:06:09,281 [Worker-81: Building] WARN  o.apache.maven.project.MavenProject - Plugin is modifying compileSourceRoots through clear(), which will not work in Maven 4.0.0. Use MavenProject.addCompileSourceRoot()/removeCompileSourceRoot() methods instead. If using a plugin, please upgrade to the latest version or report the issue to the plugin maintainer. To disable these warnings, set -Dmaven.project.sourceRoots.warningsDisabled=true on the command line, in the .mvn/maven.config file, or in project POM properties.
2026-06-18 15:06:09,282 [Worker-81: Building] WARN  o.apache.maven.project.MavenProject - Plugin is modifying compileSourceRoots through add(), which will not work in Maven 4.0.0. Use MavenProject.addCompileSourceRoot()/removeCompileSourceRoot() methods instead. If using a plugin, please upgrade to the latest version or report the issue to the plugin maintainer. To disable these warnings, set -Dmaven.project.sourceRoots.warningsDisabled=true on the command line, in the .mvn/maven.config file, or in project POM properties.
2026-06-18 15:06:09,282 [Worker-81: Building] WARN  o.apache.maven.project.MavenProject - Plugin is modifying testCompileSourceRoots through clear(), which will not work in Maven 4.0.0. Use MavenProject.addTestCompileSourceRoot()/removeTestCompileSourceRoot() methods instead. If using a plugin, please upgrade to the latest version or report the issue to the plugin maintainer. To disable these warnings, set -Dmaven.project.sourceRoots.warningsDisabled=true on the command line, in the .mvn/maven.config file, or in project POM properties.
2026-06-18 15:06:09,282 [Worker-81: Building] WARN  o.apache.maven.project.MavenProject - Plugin is modifying testCompileSourceRoots through add(), which will not work in Maven 4.0.0. Use MavenProject.addTestCompileSourceRoot()/removeTestCompileSourceRoot() methods instead. If using a plugin, please upgrade to the latest version or report the issue to the plugin maintainer. To disable these warnings, set -Dmaven.project.sourceRoots.warningsDisabled=true on the command line, in the .mvn/maven.config file, or in project POM properties.
2026-06-18 15:06:45,123 [Worker-69: Building] INFO  o.a.m.s.f.DefaultMavenResourcesFiltering - Copying 0 resource from src\main\resources to target\classes
2026-06-18 15:06:45,124 [Worker-69: Building] INFO  o.a.m.s.f.DefaultMavenResourcesFiltering - Copying 0 resource from src\test\resources to target\test-classes
2026-06-18 15:06:45,124 [Worker-69: Building] WARN  o.apache.maven.project.MavenProject - Plugin is modifying compileSourceRoots through clear(), which will not work in Maven 4.0.0. Use MavenProject.addCompileSourceRoot()/removeCompileSourceRoot() methods instead. If using a plugin, please upgrade to the latest version or report the issue to the plugin maintainer. To disable these warnings, set -Dmaven.project.sourceRoots.warningsDisabled=true on the command line, in the .mvn/maven.config file, or in project POM properties.
2026-06-18 15:06:45,124 [Worker-69: Building] WARN  o.apache.maven.project.MavenProject - Plugin is modifying compileSourceRoots through add(), which will not work in Maven 4.0.0. Use MavenProject.addCompileSourceRoot()/removeCompileSourceRoot() methods instead. If using a plugin, please upgrade to the latest version or report the issue to the plugin maintainer. To disable these warnings, set -Dmaven.project.sourceRoots.warningsDisabled=true on the command line, in the .mvn/maven.config file, or in project POM properties.
2026-06-18 15:06:45,125 [Worker-69: Building] WARN  o.apache.maven.project.MavenProject - Plugin is modifying testCompileSourceRoots through clear(), which will not work in Maven 4.0.0. Use MavenProject.addTestCompileSourceRoot()/removeTestCompileSourceRoot() methods instead. If using a plugin, please upgrade to the latest version or report the issue to the plugin maintainer. To disable these warnings, set -Dmaven.project.sourceRoots.warningsDisabled=true on the command line, in the .mvn/maven.config file, or in project POM properties.
2026-06-18 15:06:45,125 [Worker-69: Building] WARN  o.apache.maven.project.MavenProject - Plugin is modifying testCompileSourceRoots through add(), which will not work in Maven 4.0.0. Use MavenProject.addTestCompileSourceRoot()/removeTestCompileSourceRoot() methods instead. If using a plugin, please upgrade to the latest version or report the issue to the plugin maintainer. To disable these warnings, set -Dmaven.project.sourceRoots.warningsDisabled=true on the command line, in the .mvn/maven.config file, or in project POM properties.
2026-06-18 15:06:57,213 [Worker-82: Building] INFO  o.a.m.s.f.DefaultMavenResourcesFiltering - Copying 0 resource from src\main\resources to target\classes
2026-06-18 15:06:57,214 [Worker-82: Building] INFO  o.a.m.s.f.DefaultMavenResourcesFiltering - Copying 0 resource from src\test\resources to target\test-classes
2026-06-18 15:06:57,214 [Worker-82: Building] WARN  o.apache.maven.project.MavenProject - Plugin is modifying compileSourceRoots through clear(), which will not work in Maven 4.0.0. Use MavenProject.addCompileSourceRoot()/removeCompileSourceRoot() methods instead. If using a plugin, please upgrade to the latest version or report the issue to the plugin maintainer. To disable these warnings, set -Dmaven.project.sourceRoots.warningsDisabled=true on the command line, in the .mvn/maven.config file, or in project POM properties.
2026-06-18 15:06:57,214 [Worker-82: Building] WARN  o.apache.maven.project.MavenProject - Plugin is modifying compileSourceRoots through add(), which will not work in Maven 4.0.0. Use MavenProject.addCompileSourceRoot()/removeCompileSourceRoot() methods instead. If using a plugin, please upgrade to the latest version or report the issue to the plugin maintainer. To disable these warnings, set -Dmaven.project.sourceRoots.warningsDisabled=true on the command line, in the .mvn/maven.config file, or in project POM properties.
2026-06-18 15:06:57,215 [Worker-82: Building] WARN  o.apache.maven.project.MavenProject - Plugin is modifying testCompileSourceRoots through clear(), which will not work in Maven 4.0.0. Use MavenProject.addTestCompileSourceRoot()/removeTestCompileSourceRoot() methods instead. If using a plugin, please upgrade to the latest version or report the issue to the plugin maintainer. To disable these warnings, set -Dmaven.project.sourceRoots.warningsDisabled=true on the command line, in the .mvn/maven.config file, or in project POM properties.
2026-06-18 15:06:57,216 [Worker-82: Building] WARN  o.apache.maven.project.MavenProject - Plugin is modifying testCompileSourceRoots through add(), which will not work in Maven 4.0.0. Use MavenProject.addTestCompileSourceRoot()/removeTestCompileSourceRoot() methods instead. If using a plugin, please upgrade to the latest version or report the issue to the plugin maintainer. To disable these warnings, set -Dmaven.project.sourceRoots.warningsDisabled=true on the command line, in the .mvn/maven.config file, or in project POM properties.
2026-06-18 15:07:32,012 [Worker-77: Building] INFO  o.a.m.s.f.DefaultMavenResourcesFiltering - Copying 0 resource from src\main\resources to target\classes
2026-06-18 15:07:32,013 [Worker-77: Building] INFO  o.a.m.s.f.DefaultMavenResourcesFiltering - Copying 0 resource from src\test\resources to target\test-classes
2026-06-18 15:07:32,013 [Worker-77: Building] WARN  o.apache.maven.project.MavenProject - Plugin is modifying compileSourceRoots through clear(), which will not work in Maven 4.0.0. Use MavenProject.addCompileSourceRoot()/removeCompileSourceRoot() methods instead. If using a plugin, please upgrade to the latest version or report the issue to the plugin maintainer. To disable these warnings, set -Dmaven.project.sourceRoots.warningsDisabled=true on the command line, in the .mvn/maven.config file, or in project POM properties.
2026-06-18 15:07:32,014 [Worker-77: Building] WARN  o.apache.maven.project.MavenProject - Plugin is modifying compileSourceRoots through add(), which will not work in Maven 4.0.0. Use MavenProject.addCompileSourceRoot()/removeCompileSourceRoot() methods instead. If using a plugin, please upgrade to the latest version or report the issue to the plugin maintainer. To disable these warnings, set -Dmaven.project.sourceRoots.warningsDisabled=true on the command line, in the .mvn/maven.config file, or in project POM properties.
2026-06-18 15:07:32,014 [Worker-77: Building] WARN  o.apache.maven.project.MavenProject - Plugin is modifying testCompileSourceRoots through clear(), which will not work in Maven 4.0.0. Use MavenProject.addTestCompileSourceRoot()/removeTestCompileSourceRoot() methods instead. If using a plugin, please upgrade to the latest version or report the issue to the plugin maintainer. To disable these warnings, set -Dmaven.project.sourceRoots.warningsDisabled=true on the command line, in the .mvn/maven.config file, or in project POM properties.
2026-06-18 15:07:32,014 [Worker-77: Building] WARN  o.apache.maven.project.MavenProject - Plugin is modifying testCompileSourceRoots through add(), which will not work in Maven 4.0.0. Use MavenProject.addTestCompileSourceRoot()/removeTestCompileSourceRoot() methods instead. If using a plugin, please upgrade to the latest version or report the issue to the plugin maintainer. To disable these warnings, set -Dmaven.project.sourceRoots.warningsDisabled=true on the command line, in the .mvn/maven.config file, or in project POM properties.
2026-06-18 15:07:47,465 [Worker-81: Building] INFO  o.a.m.s.f.DefaultMavenResourcesFiltering - Copying 0 resource from src\main\resources to target\classes
2026-06-18 15:07:47,466 [Worker-81: Building] INFO  o.a.m.s.f.DefaultMavenResourcesFiltering - Copying 0 resource from src\test\resources to target\test-classes
2026-06-18 15:07:47,466 [Worker-81: Building] WARN  o.apache.maven.project.MavenProject - Plugin is modifying compileSourceRoots through clear(), which will not work in Maven 4.0.0. Use MavenProject.addCompileSourceRoot()/removeCompileSourceRoot() methods instead. If using a plugin, please upgrade to the latest version or report the issue to the plugin maintainer. To disable these warnings, set -Dmaven.project.sourceRoots.warningsDisabled=true on the command line, in the .mvn/maven.config file, or in project POM properties.
2026-06-18 15:07:47,466 [Worker-81: Building] WARN  o.apache.maven.project.MavenProject - Plugin is modifying compileSourceRoots through add(), which will not work in Maven 4.0.0. Use MavenProject.addCompileSourceRoot()/removeCompileSourceRoot() methods instead. If using a plugin, please upgrade to the latest version or report the issue to the plugin maintainer. To disable these warnings, set -Dmaven.project.sourceRoots.warningsDisabled=true on the command line, in the .mvn/maven.config file, or in project POM properties.
2026-06-18 15:07:47,467 [Worker-81: Building] WARN  o.apache.maven.project.MavenProject - Plugin is modifying testCompileSourceRoots through clear(), which will not work in Maven 4.0.0. Use MavenProject.addTestCompileSourceRoot()/removeTestCompileSourceRoot() methods instead. If using a plugin, please upgrade to the latest version or report the issue to the plugin maintainer. To disable these warnings, set -Dmaven.project.sourceRoots.warningsDisabled=true on the command line, in the .mvn/maven.config file, or in project POM properties.
2026-06-18 15:07:47,467 [Worker-81: Building] WARN  o.apache.maven.project.MavenProject - Plugin is modifying testCompileSourceRoots through add(), which will not work in Maven 4.0.0. Use MavenProject.addTestCompileSourceRoot()/removeTestCompileSourceRoot() methods instead. If using a plugin, please upgrade to the latest version or report the issue to the plugin maintainer. To disable these warnings, set -Dmaven.project.sourceRoots.warningsDisabled=true on the command line, in the .mvn/maven.config file, or in project POM properties.
2026-06-18 15:08:13,041 [Worker-80: Building] INFO  o.a.m.s.f.DefaultMavenResourcesFiltering - Copying 0 resource from src\main\resources to target\classes
2026-06-18 15:08:13,042 [Worker-80: Building] INFO  o.a.m.s.f.DefaultMavenResourcesFiltering - Copying 0 resource from src\test\resources to target\test-classes
2026-06-18 15:08:13,043 [Worker-80: Building] WARN  o.apache.maven.project.MavenProject - Plugin is modifying compileSourceRoots through clear(), which will not work in Maven 4.0.0. Use MavenProject.addCompileSourceRoot()/removeCompileSourceRoot() methods instead. If using a plugin, please upgrade to the latest version or report the issue to the plugin maintainer. To disable these warnings, set -Dmaven.project.sourceRoots.warningsDisabled=true on the command line, in the .mvn/maven.config file, or in project POM properties.
2026-06-18 15:08:13,043 [Worker-80: Building] WARN  o.apache.maven.project.MavenProject - Plugin is modifying compileSourceRoots through add(), which will not work in Maven 4.0.0. Use MavenProject.addCompileSourceRoot()/removeCompileSourceRoot() methods instead. If using a plugin, please upgrade to the latest version or report the issue to the plugin maintainer. To disable these warnings, set -Dmaven.project.sourceRoots.warningsDisabled=true on the command line, in the .mvn/maven.config file, or in project POM properties.
2026-06-18 15:08:13,043 [Worker-80: Building] WARN  o.apache.maven.project.MavenProject - Plugin is modifying testCompileSourceRoots through clear(), which will not work in Maven 4.0.0. Use MavenProject.addTestCompileSourceRoot()/removeTestCompileSourceRoot() methods instead. If using a plugin, please upgrade to the latest version or report the issue to the plugin maintainer. To disable these warnings, set -Dmaven.project.sourceRoots.warningsDisabled=true on the command line, in the .mvn/maven.config file, or in project POM properties.
2026-06-18 15:08:13,043 [Worker-80: Building] WARN  o.apache.maven.project.MavenProject - Plugin is modifying testCompileSourceRoots through add(), which will not work in Maven 4.0.0. Use MavenProject.addTestCompileSourceRoot()/removeTestCompileSourceRoot() methods instead. If using a plugin, please upgrade to the latest version or report the issue to the plugin maintainer. To disable these warnings, set -Dmaven.project.sourceRoots.warningsDisabled=true on the command line, in the .mvn/maven.config file, or in project POM properties.
2026-06-18 15:08:25,716 [Worker-82: Building] INFO  o.a.m.s.f.DefaultMavenResourcesFiltering - Copying 0 resource from src\main\resources to target\classes
2026-06-18 15:08:25,717 [Worker-82: Building] INFO  o.a.m.s.f.DefaultMavenResourcesFiltering - Copying 0 resource from src\test\resources to target\test-classes
2026-06-18 15:08:25,718 [Worker-82: Building] WARN  o.apache.maven.project.MavenProject - Plugin is modifying compileSourceRoots through clear(), which will not work in Maven 4.0.0. Use MavenProject.addCompileSourceRoot()/removeCompileSourceRoot() methods instead. If using a plugin, please upgrade to the latest version or report the issue to the plugin maintainer. To disable these warnings, set -Dmaven.project.sourceRoots.warningsDisabled=true on the command line, in the .mvn/maven.config file, or in project POM properties.
2026-06-18 15:08:25,718 [Worker-82: Building] WARN  o.apache.maven.project.MavenProject - Plugin is modifying compileSourceRoots through add(), which will not work in Maven 4.0.0. Use MavenProject.addCompileSourceRoot()/removeCompileSourceRoot() methods instead. If using a plugin, please upgrade to the latest version or report the issue to the plugin maintainer. To disable these warnings, set -Dmaven.project.sourceRoots.warningsDisabled=true on the command line, in the .mvn/maven.config file, or in project POM properties.
2026-06-18 15:08:25,719 [Worker-82: Building] WARN  o.apache.maven.project.MavenProject - Plugin is modifying testCompileSourceRoots through clear(), which will not work in Maven 4.0.0. Use MavenProject.addTestCompileSourceRoot()/removeTestCompileSourceRoot() methods instead. If using a plugin, please upgrade to the latest version or report the issue to the plugin maintainer. To disable these warnings, set -Dmaven.project.sourceRoots.warningsDisabled=true on the command line, in the .mvn/maven.config file, or in project POM properties.
2026-06-18 15:08:25,719 [Worker-82: Building] WARN  o.apache.maven.project.MavenProject - Plugin is modifying testCompileSourceRoots through add(), which will not work in Maven 4.0.0. Use MavenProject.addTestCompileSourceRoot()/removeTestCompileSourceRoot() methods instead. If using a plugin, please upgrade to the latest version or report the issue to the plugin maintainer. To disable these warnings, set -Dmaven.project.sourceRoots.warningsDisabled=true on the command line, in the .mvn/maven.config file, or in project POM properties.
2026-06-18 15:17:25,845 [Worker-82: Building] INFO  o.a.m.s.f.DefaultMavenResourcesFiltering - Copying 1 resource from src\main\resources to target\classes
2026-06-18 15:17:25,847 [Worker-82: Building] INFO  o.a.m.s.f.DefaultMavenResourcesFiltering - Copying 0 resource from src\test\resources to target\test-classes
2026-06-18 15:17:25,847 [Worker-82: Building] WARN  o.apache.maven.project.MavenProject - Plugin is modifying compileSourceRoots through clear(), which will not work in Maven 4.0.0. Use MavenProject.addCompileSourceRoot()/removeCompileSourceRoot() methods instead. If using a plugin, please upgrade to the latest version or report the issue to the plugin maintainer. To disable these warnings, set -Dmaven.project.sourceRoots.warningsDisabled=true on the command line, in the .mvn/maven.config file, or in project POM properties.
2026-06-18 15:17:25,848 [Worker-82: Building] WARN  o.apache.maven.project.MavenProject - Plugin is modifying compileSourceRoots through add(), which will not work in Maven 4.0.0. Use MavenProject.addCompileSourceRoot()/removeCompileSourceRoot() methods instead. If using a plugin, please upgrade to the latest version or report the issue to the plugin maintainer. To disable these warnings, set -Dmaven.project.sourceRoots.warningsDisabled=true on the command line, in the .mvn/maven.config file, or in project POM properties.
2026-06-18 15:17:25,850 [Worker-82: Building] WARN  o.apache.maven.project.MavenProject - Plugin is modifying testCompileSourceRoots through clear(), which will not work in Maven 4.0.0. Use MavenProject.addTestCompileSourceRoot()/removeTestCompileSourceRoot() methods instead. If using a plugin, please upgrade to the latest version or report the issue to the plugin maintainer. To disable these warnings, set -Dmaven.project.sourceRoots.warningsDisabled=true on the command line, in the .mvn/maven.config file, or in project POM properties.
2026-06-18 15:17:25,851 [Worker-82: Building] WARN  o.apache.maven.project.MavenProject - Plugin is modifying testCompileSourceRoots through add(), which will not work in Maven 4.0.0. Use MavenProject.addTestCompileSourceRoot()/removeTestCompileSourceRoot() methods instead. If using a plugin, please upgrade to the latest version or report the issue to the plugin maintainer. To disable these warnings, set -Dmaven.project.sourceRoots.warningsDisabled=true on the command line, in the .mvn/maven.config file, or in project POM properties.
2026-06-18 15:19:56,773 [Worker-86: Building] INFO  o.a.m.s.f.DefaultMavenResourcesFiltering - Copying 1 resource from src\main\resources to target\classes
2026-06-18 15:19:56,775 [Worker-86: Building] INFO  o.a.m.s.f.DefaultMavenResourcesFiltering - Copying 0 resource from src\test\resources to target\test-classes
2026-06-18 15:19:56,776 [Worker-86: Building] WARN  o.apache.maven.project.MavenProject - Plugin is modifying compileSourceRoots through clear(), which will not work in Maven 4.0.0. Use MavenProject.addCompileSourceRoot()/removeCompileSourceRoot() methods instead. If using a plugin, please upgrade to the latest version or report the issue to the plugin maintainer. To disable these warnings, set -Dmaven.project.sourceRoots.warningsDisabled=true on the command line, in the .mvn/maven.config file, or in project POM properties.
2026-06-18 15:19:56,776 [Worker-86: Building] WARN  o.apache.maven.project.MavenProject - Plugin is modifying compileSourceRoots through add(), which will not work in Maven 4.0.0. Use MavenProject.addCompileSourceRoot()/removeCompileSourceRoot() methods instead. If using a plugin, please upgrade to the latest version or report the issue to the plugin maintainer. To disable these warnings, set -Dmaven.project.sourceRoots.warningsDisabled=true on the command line, in the .mvn/maven.config file, or in project POM properties.
2026-06-18 15:19:56,776 [Worker-86: Building] WARN  o.apache.maven.project.MavenProject - Plugin is modifying testCompileSourceRoots through clear(), which will not work in Maven 4.0.0. Use MavenProject.addTestCompileSourceRoot()/removeTestCompileSourceRoot() methods instead. If using a plugin, please upgrade to the latest version or report the issue to the plugin maintainer. To disable these warnings, set -Dmaven.project.sourceRoots.warningsDisabled=true on the command line, in the .mvn/maven.config file, or in project POM properties.
2026-06-18 15:19:56,776 [Worker-86: Building] WARN  o.apache.maven.project.MavenProject - Plugin is modifying testCompileSourceRoots through add(), which will not work in Maven 4.0.0. Use MavenProject.addTestCompileSourceRoot()/removeTestCompileSourceRoot() methods instead. If using a plugin, please upgrade to the latest version or report the issue to the plugin maintainer. To disable these warnings, set -Dmaven.project.sourceRoots.warningsDisabled=true on the command line, in the .mvn/maven.config file, or in project POM properties.
2026-06-18 15:23:33,490 [Worker-88: Building] INFO  o.a.m.s.f.DefaultMavenResourcesFiltering - Copying 0 resource from src\main\resources to target\classes
2026-06-18 15:23:33,491 [Worker-88: Building] INFO  o.a.m.s.f.DefaultMavenResourcesFiltering - Copying 0 resource from src\test\resources to target\test-classes
2026-06-18 15:23:33,491 [Worker-88: Building] WARN  o.apache.maven.project.MavenProject - Plugin is modifying compileSourceRoots through clear(), which will not work in Maven 4.0.0. Use MavenProject.addCompileSourceRoot()/removeCompileSourceRoot() methods instead. If using a plugin, please upgrade to the latest version or report the issue to the plugin maintainer. To disable these warnings, set -Dmaven.project.sourceRoots.warningsDisabled=true on the command line, in the .mvn/maven.config file, or in project POM properties.
2026-06-18 15:23:33,491 [Worker-88: Building] WARN  o.apache.maven.project.MavenProject - Plugin is modifying compileSourceRoots through add(), which will not work in Maven 4.0.0. Use MavenProject.addCompileSourceRoot()/removeCompileSourceRoot() methods instead. If using a plugin, please upgrade to the latest version or report the issue to the plugin maintainer. To disable these warnings, set -Dmaven.project.sourceRoots.warningsDisabled=true on the command line, in the .mvn/maven.config file, or in project POM properties.
2026-06-18 15:23:33,492 [Worker-88: Building] WARN  o.apache.maven.project.MavenProject - Plugin is modifying testCompileSourceRoots through clear(), which will not work in Maven 4.0.0. Use MavenProject.addTestCompileSourceRoot()/removeTestCompileSourceRoot() methods instead. If using a plugin, please upgrade to the latest version or report the issue to the plugin maintainer. To disable these warnings, set -Dmaven.project.sourceRoots.warningsDisabled=true on the command line, in the .mvn/maven.config file, or in project POM properties.
2026-06-18 15:23:33,492 [Worker-88: Building] WARN  o.apache.maven.project.MavenProject - Plugin is modifying testCompileSourceRoots through add(), which will not work in Maven 4.0.0. Use MavenProject.addTestCompileSourceRoot()/removeTestCompileSourceRoot() methods instead. If using a plugin, please upgrade to the latest version or report the issue to the plugin maintainer. To disable these warnings, set -Dmaven.project.sourceRoots.warningsDisabled=true on the command line, in the .mvn/maven.config file, or in project POM properties.
2026-06-18 15:27:16,110 [Worker-91: Building] INFO  o.a.m.s.f.DefaultMavenResourcesFiltering - Copying 0 resource from src\main\resources to target\classes
2026-06-18 15:27:16,111 [Worker-91: Building] INFO  o.a.m.s.f.DefaultMavenResourcesFiltering - Copying 0 resource from src\test\resources to target\test-classes
2026-06-18 15:27:16,111 [Worker-91: Building] WARN  o.apache.maven.project.MavenProject - Plugin is modifying compileSourceRoots through clear(), which will not work in Maven 4.0.0. Use MavenProject.addCompileSourceRoot()/removeCompileSourceRoot() methods instead. If using a plugin, please upgrade to the latest version or report the issue to the plugin maintainer. To disable these warnings, set -Dmaven.project.sourceRoots.warningsDisabled=true on the command line, in the .mvn/maven.config file, or in project POM properties.
2026-06-18 15:27:16,111 [Worker-91: Building] WARN  o.apache.maven.project.MavenProject - Plugin is modifying compileSourceRoots through add(), which will not work in Maven 4.0.0. Use MavenProject.addCompileSourceRoot()/removeCompileSourceRoot() methods instead. If using a plugin, please upgrade to the latest version or report the issue to the plugin maintainer. To disable these warnings, set -Dmaven.project.sourceRoots.warningsDisabled=true on the command line, in the .mvn/maven.config file, or in project POM properties.
2026-06-18 15:27:16,112 [Worker-91: Building] WARN  o.apache.maven.project.MavenProject - Plugin is modifying testCompileSourceRoots through clear(), which will not work in Maven 4.0.0. Use MavenProject.addTestCompileSourceRoot()/removeTestCompileSourceRoot() methods instead. If using a plugin, please upgrade to the latest version or report the issue to the plugin maintainer. To disable these warnings, set -Dmaven.project.sourceRoots.warningsDisabled=true on the command line, in the .mvn/maven.config file, or in project POM properties.
2026-06-18 15:27:16,112 [Worker-91: Building] WARN  o.apache.maven.project.MavenProject - Plugin is modifying testCompileSourceRoots through add(), which will not work in Maven 4.0.0. Use MavenProject.addTestCompileSourceRoot()/removeTestCompileSourceRoot() methods instead. If using a plugin, please upgrade to the latest version or report the issue to the plugin maintainer. To disable these warnings, set -Dmaven.project.sourceRoots.warningsDisabled=true on the command line, in the .mvn/maven.config file, or in project POM properties.
2026-06-18 15:27:29,981 [Worker-91: Building] INFO  o.a.m.s.f.DefaultMavenResourcesFiltering - Copying 0 resource from src\main\resources to target\classes
2026-06-18 15:27:29,982 [Worker-91: Building] INFO  o.a.m.s.f.DefaultMavenResourcesFiltering - Copying 0 resource from src\test\resources to target\test-classes
2026-06-18 15:27:29,982 [Worker-91: Building] WARN  o.apache.maven.project.MavenProject - Plugin is modifying compileSourceRoots through clear(), which will not work in Maven 4.0.0. Use MavenProject.addCompileSourceRoot()/removeCompileSourceRoot() methods instead. If using a plugin, please upgrade to the latest version or report the issue to the plugin maintainer. To disable these warnings, set -Dmaven.project.sourceRoots.warningsDisabled=true on the command line, in the .mvn/maven.config file, or in project POM properties.
2026-06-18 15:27:29,982 [Worker-91: Building] WARN  o.apache.maven.project.MavenProject - Plugin is modifying compileSourceRoots through add(), which will not work in Maven 4.0.0. Use MavenProject.addCompileSourceRoot()/removeCompileSourceRoot() methods instead. If using a plugin, please upgrade to the latest version or report the issue to the plugin maintainer. To disable these warnings, set -Dmaven.project.sourceRoots.warningsDisabled=true on the command line, in the .mvn/maven.config file, or in project POM properties.
2026-06-18 15:27:29,983 [Worker-91: Building] WARN  o.apache.maven.project.MavenProject - Plugin is modifying testCompileSourceRoots through clear(), which will not work in Maven 4.0.0. Use MavenProject.addTestCompileSourceRoot()/removeTestCompileSourceRoot() methods instead. If using a plugin, please upgrade to the latest version or report the issue to the plugin maintainer. To disable these warnings, set -Dmaven.project.sourceRoots.warningsDisabled=true on the command line, in the .mvn/maven.config file, or in project POM properties.
2026-06-18 15:27:29,983 [Worker-91: Building] WARN  o.apache.maven.project.MavenProject - Plugin is modifying testCompileSourceRoots through add(), which will not work in Maven 4.0.0. Use MavenProject.addTestCompileSourceRoot()/removeTestCompileSourceRoot() methods instead. If using a plugin, please upgrade to the latest version or report the issue to the plugin maintainer. To disable these warnings, set -Dmaven.project.sourceRoots.warningsDisabled=true on the command line, in the .mvn/maven.config file, or in project POM properties.
2026-06-18 15:27:52,743 [Worker-87: Building] INFO  o.a.m.s.f.DefaultMavenResourcesFiltering - Copying 0 resource from src\main\resources to target\classes
2026-06-18 15:27:52,744 [Worker-87: Building] INFO  o.a.m.s.f.DefaultMavenResourcesFiltering - Copying 0 resource from src\test\resources to target\test-classes
2026-06-18 15:27:52,744 [Worker-87: Building] WARN  o.apache.maven.project.MavenProject - Plugin is modifying compileSourceRoots through clear(), which will not work in Maven 4.0.0. Use MavenProject.addCompileSourceRoot()/removeCompileSourceRoot() methods instead. If using a plugin, please upgrade to the latest version or report the issue to the plugin maintainer. To disable these warnings, set -Dmaven.project.sourceRoots.warningsDisabled=true on the command line, in the .mvn/maven.config file, or in project POM properties.
2026-06-18 15:27:52,744 [Worker-87: Building] WARN  o.apache.maven.project.MavenProject - Plugin is modifying compileSourceRoots through add(), which will not work in Maven 4.0.0. Use MavenProject.addCompileSourceRoot()/removeCompileSourceRoot() methods instead. If using a plugin, please upgrade to the latest version or report the issue to the plugin maintainer. To disable these warnings, set -Dmaven.project.sourceRoots.warningsDisabled=true on the command line, in the .mvn/maven.config file, or in project POM properties.
2026-06-18 15:27:52,745 [Worker-87: Building] WARN  o.apache.maven.project.MavenProject - Plugin is modifying testCompileSourceRoots through clear(), which will not work in Maven 4.0.0. Use MavenProject.addTestCompileSourceRoot()/removeTestCompileSourceRoot() methods instead. If using a plugin, please upgrade to the latest version or report the issue to the plugin maintainer. To disable these warnings, set -Dmaven.project.sourceRoots.warningsDisabled=true on the command line, in the .mvn/maven.config file, or in project POM properties.
2026-06-18 15:27:52,745 [Worker-87: Building] WARN  o.apache.maven.project.MavenProject - Plugin is modifying testCompileSourceRoots through add(), which will not work in Maven 4.0.0. Use MavenProject.addTestCompileSourceRoot()/removeTestCompileSourceRoot() methods instead. If using a plugin, please upgrade to the latest version or report the issue to the plugin maintainer. To disable these warnings, set -Dmaven.project.sourceRoots.warningsDisabled=true on the command line, in the .mvn/maven.config file, or in project POM properties.
2026-06-19 09:27:36,919 [Worker-4: Loading available Gradle versions] INFO  o.e.b.c.i.u.g.PublishedGradleVersions - Gradle version information cache is up-to-date. Trying to read.
2026-06-19 09:37:14,760 [Worker-40: Building] WARN  o.e.m.c.i.embedder.EclipseLogger - The artifact mysql:mysql-connector-java:jar:8.0.33 has been relocated to com.mysql:mysql-connector-j:jar:8.0.33: MySQL Connector/J artifacts moved to reverse-DNS compliant Maven 2+ coordinates.
2026-06-19 09:37:14,760 [Worker-40: Building] WARN  o.e.m.c.i.embedder.EclipseLogger - The artifact org.hibernate:hibernate-core:jar:7.4.1.Final has been relocated to org.hibernate.orm:hibernate-core:jar:7.4.1.Final
2026-06-19 09:37:15,009 [Worker-40: Building] INFO  o.a.m.s.f.DefaultMavenResourcesFiltering - Copying 1 resource from src\main\resources to target\classes
2026-06-19 09:37:15,017 [Worker-40: Building] INFO  o.a.m.s.f.DefaultMavenResourcesFiltering - Copying 0 resource from src\test\resources to target\test-classes
2026-06-19 09:37:15,315 [Worker-40: Building] WARN  o.apache.maven.project.MavenProject - Plugin is modifying compileSourceRoots through clear(), which will not work in Maven 4.0.0. Use MavenProject.addCompileSourceRoot()/removeCompileSourceRoot() methods instead. If using a plugin, please upgrade to the latest version or report the issue to the plugin maintainer. To disable these warnings, set -Dmaven.project.sourceRoots.warningsDisabled=true on the command line, in the .mvn/maven.config file, or in project POM properties.
2026-06-19 09:37:15,315 [Worker-40: Building] WARN  o.apache.maven.project.MavenProject - Plugin is modifying compileSourceRoots through add(), which will not work in Maven 4.0.0. Use MavenProject.addCompileSourceRoot()/removeCompileSourceRoot() methods instead. If using a plugin, please upgrade to the latest version or report the issue to the plugin maintainer. To disable these warnings, set -Dmaven.project.sourceRoots.warningsDisabled=true on the command line, in the .mvn/maven.config file, or in project POM properties.
2026-06-19 09:37:15,316 [Worker-40: Building] WARN  o.apache.maven.project.MavenProject - Plugin is modifying testCompileSourceRoots through clear(), which will not work in Maven 4.0.0. Use MavenProject.addTestCompileSourceRoot()/removeTestCompileSourceRoot() methods instead. If using a plugin, please upgrade to the latest version or report the issue to the plugin maintainer. To disable these warnings, set -Dmaven.project.sourceRoots.warningsDisabled=true on the command line, in the .mvn/maven.config file, or in project POM properties.
2026-06-19 09:37:15,316 [Worker-40: Building] WARN  o.apache.maven.project.MavenProject - Plugin is modifying testCompileSourceRoots through add(), which will not work in Maven 4.0.0. Use MavenProject.addTestCompileSourceRoot()/removeTestCompileSourceRoot() methods instead. If using a plugin, please upgrade to the latest version or report the issue to the plugin maintainer. To disable these warnings, set -Dmaven.project.sourceRoots.warningsDisabled=true on the command line, in the .mvn/maven.config file, or in project POM properties.
2026-06-19 10:27:18,664 [Worker-52: Launching mavenrun-aa87e3a4-86ba-447a-93a0-169b9fca8903] INFO  o.eclipse.m2e.core.internal.Bundles - getClasspathEntries(Bundle=org.eclipse.m2e.maven.runtime_3.9.1600.20260522-0510 [649])
2026-06-19 10:27:18,666 [Worker-52: Launching mavenrun-aa87e3a4-86ba-447a-93a0-169b9fca8903] INFO  o.eclipse.m2e.core.internal.Bundles - 	Entry: C:\Users\CVR\Downloads\eclipse-jee-2026-06-R-win32-x86_64\eclipse\plugins\org.eclipse.m2e.maven.runtime_3.9.1600.20260522-0510
2026-06-19 10:27:18,666 [Worker-52: Launching mavenrun-aa87e3a4-86ba-447a-93a0-169b9fca8903] INFO  o.eclipse.m2e.core.internal.Bundles - 	Entry: C:\Users\CVR\Downloads\eclipse-jee-2026-06-R-win32-x86_64\eclipse\plugins\org.eclipse.m2e.maven.runtime_3.9.1600.20260522-0510\jars\aopalliance-1.0.jar
2026-06-19 10:27:18,666 [Worker-52: Launching mavenrun-aa87e3a4-86ba-447a-93a0-169b9fca8903] INFO  o.eclipse.m2e.core.internal.Bundles - 	Entry: C:\Users\CVR\Downloads\eclipse-jee-2026-06-R-win32-x86_64\eclipse\plugins\org.eclipse.m2e.maven.runtime_3.9.1600.20260522-0510\jars\asm-9.9.1.jar
2026-06-19 10:27:18,666 [Worker-52: Launching mavenrun-aa87e3a4-86ba-447a-93a0-169b9fca8903] INFO  o.eclipse.m2e.core.internal.Bundles - 	Entry: C:\Users\CVR\Downloads\eclipse-jee-2026-06-R-win32-x86_64\eclipse\plugins\org.eclipse.m2e.maven.runtime_3.9.1600.20260522-0510\jars\error_prone_annotations-2.41.0.jar
2026-06-19 10:27:18,666 [Worker-52: Launching mavenrun-aa87e3a4-86ba-447a-93a0-169b9fca8903] INFO  o.eclipse.m2e.core.internal.Bundles - 	Entry: C:\Users\CVR\Downloads\eclipse-jee-2026-06-R-win32-x86_64\eclipse\plugins\org.eclipse.m2e.maven.runtime_3.9.1600.20260522-0510\jars\gson-2.13.2.jar
2026-06-19 10:27:18,666 [Worker-52: Launching mavenrun-aa87e3a4-86ba-447a-93a0-169b9fca8903] INFO  o.eclipse.m2e.core.internal.Bundles - 	Entry: C:\Users\CVR\Downloads\eclipse-jee-2026-06-R-win32-x86_64\eclipse\plugins\org.eclipse.m2e.maven.runtime_3.9.1600.20260522-0510\jars\guice-5.1.0-classes.jar
2026-06-19 10:27:18,666 [Worker-52: Launching mavenrun-aa87e3a4-86ba-447a-93a0-169b9fca8903] INFO  o.eclipse.m2e.core.internal.Bundles - 	Entry: C:\Users\CVR\Downloads\eclipse-jee-2026-06-R-win32-x86_64\eclipse\plugins\org.eclipse.m2e.maven.runtime_3.9.1600.20260522-0510\jars\httpclient-4.5.14.jar
2026-06-19 10:27:18,666 [Worker-52: Launching mavenrun-aa87e3a4-86ba-447a-93a0-169b9fca8903] INFO  o.eclipse.m2e.core.internal.Bundles - 	Entry: C:\Users\CVR\Downloads\eclipse-jee-2026-06-R-win32-x86_64\eclipse\plugins\org.eclipse.m2e.maven.runtime_3.9.1600.20260522-0510\jars\httpcore-4.4.16.jar
2026-06-19 10:27:18,666 [Worker-52: Launching mavenrun-aa87e3a4-86ba-447a-93a0-169b9fca8903] INFO  o.eclipse.m2e.core.internal.Bundles - 	Entry: C:\Users\CVR\Downloads\eclipse-jee-2026-06-R-win32-x86_64\eclipse\plugins\org.eclipse.m2e.maven.runtime_3.9.1600.20260522-0510\jars\jansi-2.4.3.jar
2026-06-19 10:27:18,666 [Worker-52: Launching mavenrun-aa87e3a4-86ba-447a-93a0-169b9fca8903] INFO  o.eclipse.m2e.core.internal.Bundles - 	Entry: C:\Users\CVR\Downloads\eclipse-jee-2026-06-R-win32-x86_64\eclipse\plugins\org.eclipse.m2e.maven.runtime_3.9.1600.20260522-0510\jars\jcl-over-slf4j-1.7.36.jar
2026-06-19 10:27:18,666 [Worker-52: Launching mavenrun-aa87e3a4-86ba-447a-93a0-169b9fca8903] INFO  o.eclipse.m2e.core.internal.Bundles - 	Entry: C:\Users\CVR\Downloads\eclipse-jee-2026-06-R-win32-x86_64\eclipse\plugins\org.eclipse.m2e.maven.runtime_3.9.1600.20260522-0510\jars\maven-artifact-3.9.16.jar
2026-06-19 10:27:18,666 [Worker-52: Launching mavenrun-aa87e3a4-86ba-447a-93a0-169b9fca8903] INFO  o.eclipse.m2e.core.internal.Bundles - 	Entry: C:\Users\CVR\Downloads\eclipse-jee-2026-06-R-win32-x86_64\eclipse\plugins\org.eclipse.m2e.maven.runtime_3.9.1600.20260522-0510\jars\maven-builder-support-3.9.16.jar
2026-06-19 10:27:18,666 [Worker-52: Launching mavenrun-aa87e3a4-86ba-447a-93a0-169b9fca8903] INFO  o.eclipse.m2e.core.internal.Bundles - 	Entry: C:\Users\CVR\Downloads\eclipse-jee-2026-06-R-win32-x86_64\eclipse\plugins\org.eclipse.m2e.maven.runtime_3.9.1600.20260522-0510\jars\maven-compat-3.9.16.jar
2026-06-19 10:27:18,667 [Worker-52: Launching mavenrun-aa87e3a4-86ba-447a-93a0-169b9fca8903] INFO  o.eclipse.m2e.core.internal.Bundles - 	Entry: C:\Users\CVR\Downloads\eclipse-jee-2026-06-R-win32-x86_64\eclipse\plugins\org.eclipse.m2e.maven.runtime_3.9.1600.20260522-0510\jars\maven-core-3.9.16.jar
2026-06-19 10:27:18,667 [Worker-52: Launching mavenrun-aa87e3a4-86ba-447a-93a0-169b9fca8903] INFO  o.eclipse.m2e.core.internal.Bundles - 	Entry: C:\Users\CVR\Downloads\eclipse-jee-2026-06-R-win32-x86_64\eclipse\plugins\org.eclipse.m2e.maven.runtime_3.9.1600.20260522-0510\jars\maven-embedder-3.9.16.jar
2026-06-19 10:27:18,667 [Worker-52: Launching mavenrun-aa87e3a4-86ba-447a-93a0-169b9fca8903] INFO  o.eclipse.m2e.core.internal.Bundles - 	Entry: C:\Users\CVR\Downloads\eclipse-jee-2026-06-R-win32-x86_64\eclipse\plugins\org.eclipse.m2e.maven.runtime_3.9.1600.20260522-0510\jars\maven-model-3.9.16.jar
2026-06-19 10:27:18,667 [Worker-52: Launching mavenrun-aa87e3a4-86ba-447a-93a0-169b9fca8903] INFO  o.eclipse.m2e.core.internal.Bundles - 	Entry: C:\Users\CVR\Downloads\eclipse-jee-2026-06-R-win32-x86_64\eclipse\plugins\org.eclipse.m2e.maven.runtime_3.9.1600.20260522-0510\jars\maven-model-builder-3.9.16.jar
2026-06-19 10:27:18,667 [Worker-52: Launching mavenrun-aa87e3a4-86ba-447a-93a0-169b9fca8903] INFO  o.eclipse.m2e.core.internal.Bundles - 	Entry: C:\Users\CVR\Downloads\eclipse-jee-2026-06-R-win32-x86_64\eclipse\plugins\org.eclipse.m2e.maven.runtime_3.9.1600.20260522-0510\jars\maven-plugin-api-3.9.16.jar
2026-06-19 10:27:18,667 [Worker-52: Launching mavenrun-aa87e3a4-86ba-447a-93a0-169b9fca8903] INFO  o.eclipse.m2e.core.internal.Bundles - 	Entry: C:\Users\CVR\Downloads\eclipse-jee-2026-06-R-win32-x86_64\eclipse\plugins\org.eclipse.m2e.maven.runtime_3.9.1600.20260522-0510\jars\maven-repository-metadata-3.9.16.jar
2026-06-19 10:27:18,667 [Worker-52: Launching mavenrun-aa87e3a4-86ba-447a-93a0-169b9fca8903] INFO  o.eclipse.m2e.core.internal.Bundles - 	Entry: C:\Users\CVR\Downloads\eclipse-jee-2026-06-R-win32-x86_64\eclipse\plugins\org.eclipse.m2e.maven.runtime_3.9.1600.20260522-0510\jars\maven-resolver-api-1.9.27.jar
2026-06-19 10:27:18,667 [Worker-52: Launching mavenrun-aa87e3a4-86ba-447a-93a0-169b9fca8903] INFO  o.eclipse.m2e.core.internal.Bundles - 	Entry: C:\Users\CVR\Downloads\eclipse-jee-2026-06-R-win32-x86_64\eclipse\plugins\org.eclipse.m2e.maven.runtime_3.9.1600.20260522-0510\jars\maven-resolver-connector-basic-1.9.27.jar
2026-06-19 10:27:18,667 [Worker-52: Launching mavenrun-aa87e3a4-86ba-447a-93a0-169b9fca8903] INFO  o.eclipse.m2e.core.internal.Bundles - 	Entry: C:\Users\CVR\Downloads\eclipse-jee-2026-06-R-win32-x86_64\eclipse\plugins\org.eclipse.m2e.maven.runtime_3.9.1600.20260522-0510\jars\maven-resolver-impl-1.9.27.jar
2026-06-19 10:27:18,667 [Worker-52: Launching mavenrun-aa87e3a4-86ba-447a-93a0-169b9fca8903] INFO  o.eclipse.m2e.core.internal.Bundles - 	Entry: C:\Users\CVR\Downloads\eclipse-jee-2026-06-R-win32-x86_64\eclipse\plugins\org.eclipse.m2e.maven.runtime_3.9.1600.20260522-0510\jars\maven-resolver-named-locks-1.9.27.jar
2026-06-19 10:27:18,667 [Worker-52: Launching mavenrun-aa87e3a4-86ba-447a-93a0-169b9fca8903] INFO  o.eclipse.m2e.core.internal.Bundles - 	Entry: C:\Users\CVR\Downloads\eclipse-jee-2026-06-R-win32-x86_64\eclipse\plugins\org.eclipse.m2e.maven.runtime_3.9.1600.20260522-0510\jars\maven-resolver-provider-3.9.16.jar
2026-06-19 10:27:18,667 [Worker-52: Launching mavenrun-aa87e3a4-86ba-447a-93a0-169b9fca8903] INFO  o.eclipse.m2e.core.internal.Bundles - 	Entry: C:\Users\CVR\Downloads\eclipse-jee-2026-06-R-win32-x86_64\eclipse\plugins\org.eclipse.m2e.maven.runtime_3.9.1600.20260522-0510\jars\maven-resolver-spi-1.9.27.jar
2026-06-19 10:27:18,667 [Worker-52: Launching mavenrun-aa87e3a4-86ba-447a-93a0-169b9fca8903] INFO  o.eclipse.m2e.core.internal.Bundles - 	Entry: C:\Users\CVR\Downloads\eclipse-jee-2026-06-R-win32-x86_64\eclipse\plugins\org.eclipse.m2e.maven.runtime_3.9.1600.20260522-0510\jars\maven-resolver-transport-file-1.9.27.jar
2026-06-19 10:27:18,667 [Worker-52: Launching mavenrun-aa87e3a4-86ba-447a-93a0-169b9fca8903] INFO  o.eclipse.m2e.core.internal.Bundles - 	Entry: C:\Users\CVR\Downloads\eclipse-jee-2026-06-R-win32-x86_64\eclipse\plugins\org.eclipse.m2e.maven.runtime_3.9.1600.20260522-0510\jars\maven-resolver-transport-http-1.9.27.jar
2026-06-19 10:27:18,667 [Worker-52: Launching mavenrun-aa87e3a4-86ba-447a-93a0-169b9fca8903] INFO  o.eclipse.m2e.core.internal.Bundles - 	Entry: C:\Users\CVR\Downloads\eclipse-jee-2026-06-R-win32-x86_64\eclipse\plugins\org.eclipse.m2e.maven.runtime_3.9.1600.20260522-0510\jars\maven-resolver-transport-wagon-1.9.27.jar
2026-06-19 10:27:18,667 [Worker-52: Launching mavenrun-aa87e3a4-86ba-447a-93a0-169b9fca8903] INFO  o.eclipse.m2e.core.internal.Bundles - 	Entry: C:\Users\CVR\Downloads\eclipse-jee-2026-06-R-win32-x86_64\eclipse\plugins\org.eclipse.m2e.maven.runtime_3.9.1600.20260522-0510\jars\maven-resolver-util-1.9.27.jar
2026-06-19 10:27:18,667 [Worker-52: Launching mavenrun-aa87e3a4-86ba-447a-93a0-169b9fca8903] INFO  o.eclipse.m2e.core.internal.Bundles - 	Entry: C:\Users\CVR\Downloads\eclipse-jee-2026-06-R-win32-x86_64\eclipse\plugins\org.eclipse.m2e.maven.runtime_3.9.1600.20260522-0510\jars\maven-settings-3.9.16.jar
2026-06-19 10:27:18,667 [Worker-52: Launching mavenrun-aa87e3a4-86ba-447a-93a0-169b9fca8903] INFO  o.eclipse.m2e.core.internal.Bundles - 	Entry: C:\Users\CVR\Downloads\eclipse-jee-2026-06-R-win32-x86_64\eclipse\plugins\org.eclipse.m2e.maven.runtime_3.9.1600.20260522-0510\jars\maven-settings-builder-3.9.16.jar
2026-06-19 10:27:18,668 [Worker-52: Launching mavenrun-aa87e3a4-86ba-447a-93a0-169b9fca8903] INFO  o.eclipse.m2e.core.internal.Bundles - 	Entry: C:\Users\CVR\Downloads\eclipse-jee-2026-06-R-win32-x86_64\eclipse\plugins\org.eclipse.m2e.maven.runtime_3.9.1600.20260522-0510\jars\maven-shared-utils-3.4.2.jar
2026-06-19 10:27:18,668 [Worker-52: Launching mavenrun-aa87e3a4-86ba-447a-93a0-169b9fca8903] INFO  o.eclipse.m2e.core.internal.Bundles - 	Entry: C:\Users\CVR\Downloads\eclipse-jee-2026-06-R-win32-x86_64\eclipse\plugins\org.eclipse.m2e.maven.runtime_3.9.1600.20260522-0510\jars\org.eclipse.sisu.inject-1.0.0.jar
2026-06-19 10:27:18,668 [Worker-52: Launching mavenrun-aa87e3a4-86ba-447a-93a0-169b9fca8903] INFO  o.eclipse.m2e.core.internal.Bundles - 	Entry: C:\Users\CVR\Downloads\eclipse-jee-2026-06-R-win32-x86_64\eclipse\plugins\org.eclipse.m2e.maven.runtime_3.9.1600.20260522-0510\jars\org.eclipse.sisu.plexus-1.0.0.jar
2026-06-19 10:27:18,668 [Worker-52: Launching mavenrun-aa87e3a4-86ba-447a-93a0-169b9fca8903] INFO  o.eclipse.m2e.core.internal.Bundles - 	Entry: C:\Users\CVR\Downloads\eclipse-jee-2026-06-R-win32-x86_64\eclipse\plugins\org.eclipse.m2e.maven.runtime_3.9.1600.20260522-0510\jars\plexus-build-api-0.0.7.jar
2026-06-19 10:27:18,668 [Worker-52: Launching mavenrun-aa87e3a4-86ba-447a-93a0-169b9fca8903] INFO  o.eclipse.m2e.core.internal.Bundles - 	Entry: C:\Users\CVR\Downloads\eclipse-jee-2026-06-R-win32-x86_64\eclipse\plugins\org.eclipse.m2e.maven.runtime_3.9.1600.20260522-0510\jars\plexus-build-api-1.2.0.jar
2026-06-19 10:27:18,668 [Worker-52: Launching mavenrun-aa87e3a4-86ba-447a-93a0-169b9fca8903] INFO  o.eclipse.m2e.core.internal.Bundles - 	Entry: C:\Users\CVR\Downloads\eclipse-jee-2026-06-R-win32-x86_64\eclipse\plugins\org.eclipse.m2e.maven.runtime_3.9.1600.20260522-0510\jars\plexus-cipher-2.0.jar
2026-06-19 10:27:18,668 [Worker-52: Launching mavenrun-aa87e3a4-86ba-447a-93a0-169b9fca8903] INFO  o.eclipse.m2e.core.internal.Bundles - 	Entry: C:\Users\CVR\Downloads\eclipse-jee-2026-06-R-win32-x86_64\eclipse\plugins\org.eclipse.m2e.maven.runtime_3.9.1600.20260522-0510\jars\plexus-classworlds-2.11.0.jar
2026-06-19 10:27:18,668 [Worker-52: Launching mavenrun-aa87e3a4-86ba-447a-93a0-169b9fca8903] INFO  o.eclipse.m2e.core.internal.Bundles - 	Entry: C:\Users\CVR\Downloads\eclipse-jee-2026-06-R-win32-x86_64\eclipse\plugins\org.eclipse.m2e.maven.runtime_3.9.1600.20260522-0510\jars\plexus-component-annotations-2.2.0.jar
2026-06-19 10:27:18,668 [Worker-52: Launching mavenrun-aa87e3a4-86ba-447a-93a0-169b9fca8903] INFO  o.eclipse.m2e.core.internal.Bundles - 	Entry: C:\Users\CVR\Downloads\eclipse-jee-2026-06-R-win32-x86_64\eclipse\plugins\org.eclipse.m2e.maven.runtime_3.9.1600.20260522-0510\jars\plexus-interpolation-1.29.jar
2026-06-19 10:27:18,668 [Worker-52: Launching mavenrun-aa87e3a4-86ba-447a-93a0-169b9fca8903] INFO  o.eclipse.m2e.core.internal.Bundles - 	Entry: C:\Users\CVR\Downloads\eclipse-jee-2026-06-R-win32-x86_64\eclipse\plugins\org.eclipse.m2e.maven.runtime_3.9.1600.20260522-0510\jars\plexus-sec-dispatcher-2.0.jar
2026-06-19 10:27:18,668 [Worker-52: Launching mavenrun-aa87e3a4-86ba-447a-93a0-169b9fca8903] INFO  o.eclipse.m2e.core.internal.Bundles - 	Entry: C:\Users\CVR\Downloads\eclipse-jee-2026-06-R-win32-x86_64\eclipse\plugins\org.eclipse.m2e.maven.runtime_3.9.1600.20260522-0510\jars\plexus-utils-3.6.1.jar
2026-06-19 10:27:18,668 [Worker-52: Launching mavenrun-aa87e3a4-86ba-447a-93a0-169b9fca8903] INFO  o.eclipse.m2e.core.internal.Bundles - 	Entry: C:\Users\CVR\Downloads\eclipse-jee-2026-06-R-win32-x86_64\eclipse\plugins\org.eclipse.m2e.maven.runtime_3.9.1600.20260522-0510\jars\wagon-file-3.5.3.jar
2026-06-19 10:27:18,668 [Worker-52: Launching mavenrun-aa87e3a4-86ba-447a-93a0-169b9fca8903] INFO  o.eclipse.m2e.core.internal.Bundles - 	Entry: C:\Users\CVR\Downloads\eclipse-jee-2026-06-R-win32-x86_64\eclipse\plugins\org.eclipse.m2e.maven.runtime_3.9.1600.20260522-0510\jars\wagon-http-3.5.3.jar
2026-06-19 10:27:18,668 [Worker-52: Launching mavenrun-aa87e3a4-86ba-447a-93a0-169b9fca8903] INFO  o.eclipse.m2e.core.internal.Bundles - 	Entry: C:\Users\CVR\Downloads\eclipse-jee-2026-06-R-win32-x86_64\eclipse\plugins\org.eclipse.m2e.maven.runtime_3.9.1600.20260522-0510\jars\wagon-http-shared-3.5.3.jar
2026-06-19 10:27:18,668 [Worker-52: Launching mavenrun-aa87e3a4-86ba-447a-93a0-169b9fca8903] INFO  o.eclipse.m2e.core.internal.Bundles - 	Entry: C:\Users\CVR\Downloads\eclipse-jee-2026-06-R-win32-x86_64\eclipse\plugins\org.eclipse.m2e.maven.runtime_3.9.1600.20260522-0510\jars\wagon-provider-api-3.5.3.jar
2026-06-19 10:27:18,669 [Worker-52: Launching mavenrun-aa87e3a4-86ba-447a-93a0-169b9fca8903] INFO  o.eclipse.m2e.core.internal.Bundles - getClasspathEntries(Bundle=com.google.guava_33.6.0.jre [18])
2026-06-19 10:27:18,669 [Worker-52: Launching mavenrun-aa87e3a4-86ba-447a-93a0-169b9fca8903] INFO  o.eclipse.m2e.core.internal.Bundles - 	Entry: C:\Users\CVR\Downloads\eclipse-jee-2026-06-R-win32-x86_64\eclipse\plugins\com.google.guava_33.6.0.jre.jar
2026-06-19 10:27:18,669 [Worker-52: Launching mavenrun-aa87e3a4-86ba-447a-93a0-169b9fca8903] INFO  o.eclipse.m2e.core.internal.Bundles - getClasspathEntries(Bundle=slf4j.api_2.0.18 [1017])
2026-06-19 10:27:18,669 [Worker-52: Launching mavenrun-aa87e3a4-86ba-447a-93a0-169b9fca8903] INFO  o.eclipse.m2e.core.internal.Bundles - 	Entry: C:\Users\CVR\Downloads\eclipse-jee-2026-06-R-win32-x86_64\eclipse\plugins\slf4j.api_2.0.18.jar
2026-06-19 10:27:18,669 [Worker-52: Launching mavenrun-aa87e3a4-86ba-447a-93a0-169b9fca8903] INFO  o.eclipse.m2e.core.internal.Bundles - getClasspathEntries(Bundle=jakarta.inject.jakarta.inject-api_1.0.5 [35])
2026-06-19 10:27:18,669 [Worker-52: Launching mavenrun-aa87e3a4-86ba-447a-93a0-169b9fca8903] INFO  o.eclipse.m2e.core.internal.Bundles - 	Entry: C:\Users\CVR\Downloads\eclipse-jee-2026-06-R-win32-x86_64\eclipse\plugins\jakarta.inject.jakarta.inject-api_1.0.5.jar
2026-06-19 10:27:18,669 [Worker-52: Launching mavenrun-aa87e3a4-86ba-447a-93a0-169b9fca8903] INFO  o.eclipse.m2e.core.internal.Bundles - getClasspathEntries(Bundle=jakarta.annotation-api_1.3.5 [31])
2026-06-19 10:27:18,670 [Worker-52: Launching mavenrun-aa87e3a4-86ba-447a-93a0-169b9fca8903] INFO  o.eclipse.m2e.core.internal.Bundles - 	Entry: C:\Users\CVR\Downloads\eclipse-jee-2026-06-R-win32-x86_64\eclipse\plugins\jakarta.annotation-api_1.3.5.jar
2026-06-19 10:27:18,670 [Worker-52: Launching mavenrun-aa87e3a4-86ba-447a-93a0-169b9fca8903] INFO  o.eclipse.m2e.core.internal.Bundles - getClasspathEntries(Bundle=org.apache.commons.cli_1.11.0 [83])
2026-06-19 10:27:18,670 [Worker-52: Launching mavenrun-aa87e3a4-86ba-447a-93a0-169b9fca8903] INFO  o.eclipse.m2e.core.internal.Bundles - 	Entry: C:\Users\CVR\Downloads\eclipse-jee-2026-06-R-win32-x86_64\eclipse\plugins\org.apache.commons.cli_1.11.0.jar
2026-06-19 10:27:18,670 [Worker-52: Launching mavenrun-aa87e3a4-86ba-447a-93a0-169b9fca8903] INFO  o.eclipse.m2e.core.internal.Bundles - getClasspathEntries(Bundle=org.apache.commons.commons-codec_1.22.0 [85])
2026-06-19 10:27:18,670 [Worker-52: Launching mavenrun-aa87e3a4-86ba-447a-93a0-169b9fca8903] INFO  o.eclipse.m2e.core.internal.Bundles - 	Entry: C:\Users\CVR\Downloads\eclipse-jee-2026-06-R-win32-x86_64\eclipse\plugins\org.apache.commons.commons-codec_1.22.0.jar
2026-06-19 10:27:18,670 [Worker-52: Launching mavenrun-aa87e3a4-86ba-447a-93a0-169b9fca8903] INFO  o.eclipse.m2e.core.internal.Bundles - getClasspathEntries(Bundle=com.google.guava.failureaccess_1.0.3 [19])
2026-06-19 10:27:18,670 [Worker-52: Launching mavenrun-aa87e3a4-86ba-447a-93a0-169b9fca8903] INFO  o.eclipse.m2e.core.internal.Bundles - 	Entry: C:\Users\CVR\Downloads\eclipse-jee-2026-06-R-win32-x86_64\eclipse\plugins\com.google.guava.failureaccess_1.0.3.jar
2026-06-19 10:27:18,672 [Worker-52: Launching mavenrun-aa87e3a4-86ba-447a-93a0-169b9fca8903] INFO  o.e.m.i.launch.MavenLaunchDelegate - Run build in "C:\Users\CVR\AppData\Local\Temp\m2e-archetypeGenerator3992033052474254021":
2026-06-19 10:27:18,672 [Worker-52: Launching mavenrun-aa87e3a4-86ba-447a-93a0-169b9fca8903] INFO  o.e.m.i.launch.MavenLaunchDelegate -  mvn  -DarchetypeGroupId=org.apache.maven.archetypes -DarchetypeArtifactId=maven-archetype-quickstart -DarchetypeVersion=1.1 -DgroupId=cq -DartifactId=student -Dversion=0.0.1-SNAPSHOT -Dpackage=cq.student -DoutputDirectory=C:\Users\CVR\eclipse-workspace -Dstyle.color=always -U archetype:generate
2026-06-19 10:27:24,531 [Worker-55: Creating maven-archetype-quickstart] INFO  o.e.m.c.i.p.ProjectConfigurationManager - Collecting project info '/pom.xml' C:\Users\CVR\eclipse-workspace\student\pom.xml
2026-06-19 10:27:24,701 [Worker-55: Creating maven-archetype-quickstart] INFO  o.e.m.c.i.l.LifecycleMappingFactory - Using org.eclipse.m2e.jdt.JarLifecycleMapping lifecycle mapping for MavenProject: cq:student:0.0.1-SNAPSHOT @ C:\Users\CVR\eclipse-workspace\student\pom.xml.
2026-06-19 10:27:24,925 [Worker-55: Creating maven-archetype-quickstart] INFO  o.e.m.j.i.AbstractJavaProjectConfigurator - Adding source folder /student/src/main/java
2026-06-19 10:27:24,926 [Worker-55: Creating maven-archetype-quickstart] INFO  o.e.m.j.i.AbstractJavaProjectConfigurator - Adding resource folder /student/src/main/resources
2026-06-19 10:27:24,928 [Worker-55: Creating maven-archetype-quickstart] INFO  o.e.m.j.i.AbstractJavaProjectConfigurator - Adding source folder /student/src/test/java
2026-06-19 10:27:24,928 [Worker-55: Creating maven-archetype-quickstart] INFO  o.e.m.j.i.AbstractJavaProjectConfigurator - Adding resource folder /student/src/test/resources
2026-06-19 10:27:24,964 [Worker-55: Creating maven-archetype-quickstart] WARN  o.apache.maven.project.MavenProject - Plugin is modifying compileSourceRoots through clear(), which will not work in Maven 4.0.0. Use MavenProject.addCompileSourceRoot()/removeCompileSourceRoot() methods instead. If using a plugin, please upgrade to the latest version or report the issue to the plugin maintainer. To disable these warnings, set -Dmaven.project.sourceRoots.warningsDisabled=true on the command line, in the .mvn/maven.config file, or in project POM properties.
2026-06-19 10:27:24,965 [Worker-55: Creating maven-archetype-quickstart] WARN  o.apache.maven.project.MavenProject - Plugin is modifying compileSourceRoots through add(), which will not work in Maven 4.0.0. Use MavenProject.addCompileSourceRoot()/removeCompileSourceRoot() methods instead. If using a plugin, please upgrade to the latest version or report the issue to the plugin maintainer. To disable these warnings, set -Dmaven.project.sourceRoots.warningsDisabled=true on the command line, in the .mvn/maven.config file, or in project POM properties.
2026-06-19 10:27:24,965 [Worker-55: Creating maven-archetype-quickstart] WARN  o.apache.maven.project.MavenProject - Plugin is modifying testCompileSourceRoots through clear(), which will not work in Maven 4.0.0. Use MavenProject.addTestCompileSourceRoot()/removeTestCompileSourceRoot() methods instead. If using a plugin, please upgrade to the latest version or report the issue to the plugin maintainer. To disable these warnings, set -Dmaven.project.sourceRoots.warningsDisabled=true on the command line, in the .mvn/maven.config file, or in project POM properties.
2026-06-19 10:27:24,966 [Worker-55: Creating maven-archetype-quickstart] WARN  o.apache.maven.project.MavenProject - Plugin is modifying testCompileSourceRoots through add(), which will not work in Maven 4.0.0. Use MavenProject.addTestCompileSourceRoot()/removeTestCompileSourceRoot() methods instead. If using a plugin, please upgrade to the latest version or report the issue to the plugin maintainer. To disable these warnings, set -Dmaven.project.sourceRoots.warningsDisabled=true on the command line, in the .mvn/maven.config file, or in project POM properties.
2026-06-19 10:27:24,970 [Worker-55: Creating maven-archetype-quickstart] INFO  o.e.m.c.i.p.ProjectConfigurationManager - Imported and configured 1 project(s) in 0 sec
2026-06-19 10:27:25,228 [Worker-59: Building] INFO  o.a.m.s.f.DefaultMavenResourcesFiltering - skip non existing resourceDirectory C:\Users\CVR\eclipse-workspace\student\src\main\resources
2026-06-19 10:27:25,230 [Worker-59: Building] INFO  o.a.m.s.f.DefaultMavenResourcesFiltering - skip non existing resourceDirectory C:\Users\CVR\eclipse-workspace\student\src\test\resources
2026-06-19 10:27:25,236 [Worker-59: Building] WARN  o.apache.maven.project.MavenProject - Plugin is modifying compileSourceRoots through clear(), which will not work in Maven 4.0.0. Use MavenProject.addCompileSourceRoot()/removeCompileSourceRoot() methods instead. If using a plugin, please upgrade to the latest version or report the issue to the plugin maintainer. To disable these warnings, set -Dmaven.project.sourceRoots.warningsDisabled=true on the command line, in the .mvn/maven.config file, or in project POM properties.
2026-06-19 10:27:25,237 [Worker-59: Building] WARN  o.apache.maven.project.MavenProject - Plugin is modifying compileSourceRoots through add(), which will not work in Maven 4.0.0. Use MavenProject.addCompileSourceRoot()/removeCompileSourceRoot() methods instead. If using a plugin, please upgrade to the latest version or report the issue to the plugin maintainer. To disable these warnings, set -Dmaven.project.sourceRoots.warningsDisabled=true on the command line, in the .mvn/maven.config file, or in project POM properties.
2026-06-19 10:27:25,237 [Worker-59: Building] WARN  o.apache.maven.project.MavenProject - Plugin is modifying testCompileSourceRoots through clear(), which will not work in Maven 4.0.0. Use MavenProject.addTestCompileSourceRoot()/removeTestCompileSourceRoot() methods instead. If using a plugin, please upgrade to the latest version or report the issue to the plugin maintainer. To disable these warnings, set -Dmaven.project.sourceRoots.warningsDisabled=true on the command line, in the .mvn/maven.config file, or in project POM properties.
2026-06-19 10:27:25,237 [Worker-59: Building] WARN  o.apache.maven.project.MavenProject - Plugin is modifying testCompileSourceRoots through add(), which will not work in Maven 4.0.0. Use MavenProject.addTestCompileSourceRoot()/removeTestCompileSourceRoot() methods instead. If using a plugin, please upgrade to the latest version or report the issue to the plugin maintainer. To disable these warnings, set -Dmaven.project.sourceRoots.warningsDisabled=true on the command line, in the .mvn/maven.config file, or in project POM properties.
2026-06-19 10:27:55,258 [Worker-58: Building] INFO  o.a.m.s.f.DefaultMavenResourcesFiltering - Copying 0 resource from src\main\resources to target\classes
2026-06-19 10:27:55,259 [Worker-58: Building] INFO  o.a.m.s.f.DefaultMavenResourcesFiltering - Copying 0 resource from src\test\resources to target\test-classes
2026-06-19 10:27:55,265 [Worker-58: Building] WARN  o.apache.maven.project.MavenProject - Plugin is modifying compileSourceRoots through clear(), which will not work in Maven 4.0.0. Use MavenProject.addCompileSourceRoot()/removeCompileSourceRoot() methods instead. If using a plugin, please upgrade to the latest version or report the issue to the plugin maintainer. To disable these warnings, set -Dmaven.project.sourceRoots.warningsDisabled=true on the command line, in the .mvn/maven.config file, or in project POM properties.
2026-06-19 10:27:55,265 [Worker-58: Building] WARN  o.apache.maven.project.MavenProject - Plugin is modifying compileSourceRoots through add(), which will not work in Maven 4.0.0. Use MavenProject.addCompileSourceRoot()/removeCompileSourceRoot() methods instead. If using a plugin, please upgrade to the latest version or report the issue to the plugin maintainer. To disable these warnings, set -Dmaven.project.sourceRoots.warningsDisabled=true on the command line, in the .mvn/maven.config file, or in project POM properties.
2026-06-19 10:27:55,266 [Worker-58: Building] WARN  o.apache.maven.project.MavenProject - Plugin is modifying testCompileSourceRoots through clear(), which will not work in Maven 4.0.0. Use MavenProject.addTestCompileSourceRoot()/removeTestCompileSourceRoot() methods instead. If using a plugin, please upgrade to the latest version or report the issue to the plugin maintainer. To disable these warnings, set -Dmaven.project.sourceRoots.warningsDisabled=true on the command line, in the .mvn/maven.config file, or in project POM properties.
2026-06-19 10:27:55,266 [Worker-58: Building] WARN  o.apache.maven.project.MavenProject - Plugin is modifying testCompileSourceRoots through add(), which will not work in Maven 4.0.0. Use MavenProject.addTestCompileSourceRoot()/removeTestCompileSourceRoot() methods instead. If using a plugin, please upgrade to the latest version or report the issue to the plugin maintainer. To disable these warnings, set -Dmaven.project.sourceRoots.warningsDisabled=true on the command line, in the .mvn/maven.config file, or in project POM properties.
2026-06-19 10:29:01,855 [Worker-55: Building] INFO  o.a.m.s.f.DefaultMavenResourcesFiltering - Copying 1 resource from src\main\resources to target\classes
2026-06-19 10:29:01,859 [Worker-55: Building] INFO  o.a.m.s.f.DefaultMavenResourcesFiltering - Copying 0 resource from src\test\resources to target\test-classes
2026-06-19 10:29:01,859 [Worker-55: Building] WARN  o.apache.maven.project.MavenProject - Plugin is modifying compileSourceRoots through clear(), which will not work in Maven 4.0.0. Use MavenProject.addCompileSourceRoot()/removeCompileSourceRoot() methods instead. If using a plugin, please upgrade to the latest version or report the issue to the plugin maintainer. To disable these warnings, set -Dmaven.project.sourceRoots.warningsDisabled=true on the command line, in the .mvn/maven.config file, or in project POM properties.
2026-06-19 10:29:01,860 [Worker-55: Building] WARN  o.apache.maven.project.MavenProject - Plugin is modifying compileSourceRoots through add(), which will not work in Maven 4.0.0. Use MavenProject.addCompileSourceRoot()/removeCompileSourceRoot() methods instead. If using a plugin, please upgrade to the latest version or report the issue to the plugin maintainer. To disable these warnings, set -Dmaven.project.sourceRoots.warningsDisabled=true on the command line, in the .mvn/maven.config file, or in project POM properties.
2026-06-19 10:29:01,861 [Worker-55: Building] WARN  o.apache.maven.project.MavenProject - Plugin is modifying testCompileSourceRoots through clear(), which will not work in Maven 4.0.0. Use MavenProject.addTestCompileSourceRoot()/removeTestCompileSourceRoot() methods instead. If using a plugin, please upgrade to the latest version or report the issue to the plugin maintainer. To disable these warnings, set -Dmaven.project.sourceRoots.warningsDisabled=true on the command line, in the .mvn/maven.config file, or in project POM properties.
2026-06-19 10:29:01,861 [Worker-55: Building] WARN  o.apache.maven.project.MavenProject - Plugin is modifying testCompileSourceRoots through add(), which will not work in Maven 4.0.0. Use MavenProject.addTestCompileSourceRoot()/removeTestCompileSourceRoot() methods instead. If using a plugin, please upgrade to the latest version or report the issue to the plugin maintainer. To disable these warnings, set -Dmaven.project.sourceRoots.warningsDisabled=true on the command line, in the .mvn/maven.config file, or in project POM properties.
2026-06-19 10:29:14,093 [Worker-52: Building] INFO  o.a.m.s.f.DefaultMavenResourcesFiltering - Copying 1 resource from src\main\resources to target\classes
2026-06-19 10:29:14,101 [Worker-52: Building] INFO  o.a.m.s.f.DefaultMavenResourcesFiltering - Copying 0 resource from src\test\resources to target\test-classes
2026-06-19 10:29:14,101 [Worker-52: Building] WARN  o.apache.maven.project.MavenProject - Plugin is modifying compileSourceRoots through clear(), which will not work in Maven 4.0.0. Use MavenProject.addCompileSourceRoot()/removeCompileSourceRoot() methods instead. If using a plugin, please upgrade to the latest version or report the issue to the plugin maintainer. To disable these warnings, set -Dmaven.project.sourceRoots.warningsDisabled=true on the command line, in the .mvn/maven.config file, or in project POM properties.
2026-06-19 10:29:14,102 [Worker-52: Building] WARN  o.apache.maven.project.MavenProject - Plugin is modifying compileSourceRoots through add(), which will not work in Maven 4.0.0. Use MavenProject.addCompileSourceRoot()/removeCompileSourceRoot() methods instead. If using a plugin, please upgrade to the latest version or report the issue to the plugin maintainer. To disable these warnings, set -Dmaven.project.sourceRoots.warningsDisabled=true on the command line, in the .mvn/maven.config file, or in project POM properties.
2026-06-19 10:29:14,102 [Worker-52: Building] WARN  o.apache.maven.project.MavenProject - Plugin is modifying testCompileSourceRoots through clear(), which will not work in Maven 4.0.0. Use MavenProject.addTestCompileSourceRoot()/removeTestCompileSourceRoot() methods instead. If using a plugin, please upgrade to the latest version or report the issue to the plugin maintainer. To disable these warnings, set -Dmaven.project.sourceRoots.warningsDisabled=true on the command line, in the .mvn/maven.config file, or in project POM properties.
2026-06-19 10:29:14,102 [Worker-52: Building] WARN  o.apache.maven.project.MavenProject - Plugin is modifying testCompileSourceRoots through add(), which will not work in Maven 4.0.0. Use MavenProject.addTestCompileSourceRoot()/removeTestCompileSourceRoot() methods instead. If using a plugin, please upgrade to the latest version or report the issue to the plugin maintainer. To disable these warnings, set -Dmaven.project.sourceRoots.warningsDisabled=true on the command line, in the .mvn/maven.config file, or in project POM properties.
2026-06-19 10:29:59,749 [Worker-59: Building] INFO  o.e.m.c.i.l.LifecycleMappingFactory - Using org.eclipse.m2e.jdt.JarLifecycleMapping lifecycle mapping for MavenProject: cq:student:0.0.1-SNAPSHOT @ C:\Users\CVR\eclipse-workspace\student\pom.xml.
2026-06-19 10:29:59,806 [Worker-59: Building] WARN  o.e.m.c.i.embedder.EclipseLogger - The artifact mysql:mysql-connector-java:jar:8.0.33 has been relocated to com.mysql:mysql-connector-j:jar:8.0.33: MySQL Connector/J artifacts moved to reverse-DNS compliant Maven 2+ coordinates.
2026-06-19 10:29:59,807 [Worker-59: Building] WARN  o.e.m.c.i.embedder.EclipseLogger - The artifact org.hibernate:hibernate-core:jar:7.4.1.Final has been relocated to org.hibernate.orm:hibernate-core:jar:7.4.1.Final
2026-06-19 10:29:59,846 [Worker-59: Building] INFO  o.a.m.s.f.DefaultMavenResourcesFiltering - Copying 0 resource from src\main\resources to target\classes
2026-06-19 10:29:59,848 [Worker-59: Building] INFO  o.a.m.s.f.DefaultMavenResourcesFiltering - Copying 0 resource from src\test\resources to target\test-classes
2026-06-19 10:29:59,854 [Worker-59: Building] WARN  o.apache.maven.project.MavenProject - Plugin is modifying compileSourceRoots through clear(), which will not work in Maven 4.0.0. Use MavenProject.addCompileSourceRoot()/removeCompileSourceRoot() methods instead. If using a plugin, please upgrade to the latest version or report the issue to the plugin maintainer. To disable these warnings, set -Dmaven.project.sourceRoots.warningsDisabled=true on the command line, in the .mvn/maven.config file, or in project POM properties.
2026-06-19 10:29:59,855 [Worker-59: Building] WARN  o.apache.maven.project.MavenProject - Plugin is modifying compileSourceRoots through add(), which will not work in Maven 4.0.0. Use MavenProject.addCompileSourceRoot()/removeCompileSourceRoot() methods instead. If using a plugin, please upgrade to the latest version or report the issue to the plugin maintainer. To disable these warnings, set -Dmaven.project.sourceRoots.warningsDisabled=true on the command line, in the .mvn/maven.config file, or in project POM properties.
2026-06-19 10:29:59,855 [Worker-59: Building] WARN  o.apache.maven.project.MavenProject - Plugin is modifying testCompileSourceRoots through clear(), which will not work in Maven 4.0.0. Use MavenProject.addTestCompileSourceRoot()/removeTestCompileSourceRoot() methods instead. If using a plugin, please upgrade to the latest version or report the issue to the plugin maintainer. To disable these warnings, set -Dmaven.project.sourceRoots.warningsDisabled=true on the command line, in the .mvn/maven.config file, or in project POM properties.
2026-06-19 10:29:59,856 [Worker-59: Building] WARN  o.apache.maven.project.MavenProject - Plugin is modifying testCompileSourceRoots through add(), which will not work in Maven 4.0.0. Use MavenProject.addTestCompileSourceRoot()/removeTestCompileSourceRoot() methods instead. If using a plugin, please upgrade to the latest version or report the issue to the plugin maintainer. To disable these warnings, set -Dmaven.project.sourceRoots.warningsDisabled=true on the command line, in the .mvn/maven.config file, or in project POM properties.
2026-06-19 10:30:00,992 [Worker-59: Building] INFO  o.a.m.s.f.DefaultMavenResourcesFiltering - Copying 1 resource from src\main\resources to target\classes
2026-06-19 10:30:00,994 [Worker-59: Building] INFO  o.a.m.s.f.DefaultMavenResourcesFiltering - Copying 0 resource from src\test\resources to target\test-classes
2026-06-19 10:30:00,998 [Worker-59: Building] WARN  o.apache.maven.project.MavenProject - Plugin is modifying compileSourceRoots through clear(), which will not work in Maven 4.0.0. Use MavenProject.addCompileSourceRoot()/removeCompileSourceRoot() methods instead. If using a plugin, please upgrade to the latest version or report the issue to the plugin maintainer. To disable these warnings, set -Dmaven.project.sourceRoots.warningsDisabled=true on the command line, in the .mvn/maven.config file, or in project POM properties.
2026-06-19 10:30:00,999 [Worker-59: Building] WARN  o.apache.maven.project.MavenProject - Plugin is modifying compileSourceRoots through add(), which will not work in Maven 4.0.0. Use MavenProject.addCompileSourceRoot()/removeCompileSourceRoot() methods instead. If using a plugin, please upgrade to the latest version or report the issue to the plugin maintainer. To disable these warnings, set -Dmaven.project.sourceRoots.warningsDisabled=true on the command line, in the .mvn/maven.config file, or in project POM properties.
2026-06-19 10:30:00,999 [Worker-59: Building] WARN  o.apache.maven.project.MavenProject - Plugin is modifying testCompileSourceRoots through clear(), which will not work in Maven 4.0.0. Use MavenProject.addTestCompileSourceRoot()/removeTestCompileSourceRoot() methods instead. If using a plugin, please upgrade to the latest version or report the issue to the plugin maintainer. To disable these warnings, set -Dmaven.project.sourceRoots.warningsDisabled=true on the command line, in the .mvn/maven.config file, or in project POM properties.
2026-06-19 10:30:00,999 [Worker-59: Building] WARN  o.apache.maven.project.MavenProject - Plugin is modifying testCompileSourceRoots through add(), which will not work in Maven 4.0.0. Use MavenProject.addTestCompileSourceRoot()/removeTestCompileSourceRoot() methods instead. If using a plugin, please upgrade to the latest version or report the issue to the plugin maintainer. To disable these warnings, set -Dmaven.project.sourceRoots.warningsDisabled=true on the command line, in the .mvn/maven.config file, or in project POM properties.
2026-06-19 10:39:36,108 [Worker-67: Building] INFO  o.a.m.s.f.DefaultMavenResourcesFiltering - Copying 0 resource from src\main\resources to target\classes
2026-06-19 10:39:36,110 [Worker-67: Building] INFO  o.a.m.s.f.DefaultMavenResourcesFiltering - Copying 0 resource from src\test\resources to target\test-classes
2026-06-19 10:39:36,110 [Worker-67: Building] WARN  o.apache.maven.project.MavenProject - Plugin is modifying compileSourceRoots through clear(), which will not work in Maven 4.0.0. Use MavenProject.addCompileSourceRoot()/removeCompileSourceRoot() methods instead. If using a plugin, please upgrade to the latest version or report the issue to the plugin maintainer. To disable these warnings, set -Dmaven.project.sourceRoots.warningsDisabled=true on the command line, in the .mvn/maven.config file, or in project POM properties.
2026-06-19 10:39:36,110 [Worker-67: Building] WARN  o.apache.maven.project.MavenProject - Plugin is modifying compileSourceRoots through add(), which will not work in Maven 4.0.0. Use MavenProject.addCompileSourceRoot()/removeCompileSourceRoot() methods instead. If using a plugin, please upgrade to the latest version or report the issue to the plugin maintainer. To disable these warnings, set -Dmaven.project.sourceRoots.warningsDisabled=true on the command line, in the .mvn/maven.config file, or in project POM properties.
2026-06-19 10:39:36,110 [Worker-67: Building] WARN  o.apache.maven.project.MavenProject - Plugin is modifying testCompileSourceRoots through clear(), which will not work in Maven 4.0.0. Use MavenProject.addTestCompileSourceRoot()/removeTestCompileSourceRoot() methods instead. If using a plugin, please upgrade to the latest version or report the issue to the plugin maintainer. To disable these warnings, set -Dmaven.project.sourceRoots.warningsDisabled=true on the command line, in the .mvn/maven.config file, or in project POM properties.
2026-06-19 10:39:36,111 [Worker-67: Building] WARN  o.apache.maven.project.MavenProject - Plugin is modifying testCompileSourceRoots through add(), which will not work in Maven 4.0.0. Use MavenProject.addTestCompileSourceRoot()/removeTestCompileSourceRoot() methods instead. If using a plugin, please upgrade to the latest version or report the issue to the plugin maintainer. To disable these warnings, set -Dmaven.project.sourceRoots.warningsDisabled=true on the command line, in the .mvn/maven.config file, or in project POM properties.
2026-06-19 10:39:43,375 [Worker-64: Building] INFO  o.a.m.s.f.DefaultMavenResourcesFiltering - Copying 1 resource from src\main\resources to target\classes
2026-06-19 10:39:43,377 [Worker-64: Building] INFO  o.a.m.s.f.DefaultMavenResourcesFiltering - Copying 0 resource from src\test\resources to target\test-classes
2026-06-19 10:39:43,378 [Worker-64: Building] WARN  o.apache.maven.project.MavenProject - Plugin is modifying compileSourceRoots through clear(), which will not work in Maven 4.0.0. Use MavenProject.addCompileSourceRoot()/removeCompileSourceRoot() methods instead. If using a plugin, please upgrade to the latest version or report the issue to the plugin maintainer. To disable these warnings, set -Dmaven.project.sourceRoots.warningsDisabled=true on the command line, in the .mvn/maven.config file, or in project POM properties.
2026-06-19 10:39:43,378 [Worker-64: Building] WARN  o.apache.maven.project.MavenProject - Plugin is modifying compileSourceRoots through add(), which will not work in Maven 4.0.0. Use MavenProject.addCompileSourceRoot()/removeCompileSourceRoot() methods instead. If using a plugin, please upgrade to the latest version or report the issue to the plugin maintainer. To disable these warnings, set -Dmaven.project.sourceRoots.warningsDisabled=true on the command line, in the .mvn/maven.config file, or in project POM properties.
2026-06-19 10:39:43,379 [Worker-64: Building] WARN  o.apache.maven.project.MavenProject - Plugin is modifying testCompileSourceRoots through clear(), which will not work in Maven 4.0.0. Use MavenProject.addTestCompileSourceRoot()/removeTestCompileSourceRoot() methods instead. If using a plugin, please upgrade to the latest version or report the issue to the plugin maintainer. To disable these warnings, set -Dmaven.project.sourceRoots.warningsDisabled=true on the command line, in the .mvn/maven.config file, or in project POM properties.
2026-06-19 10:39:43,379 [Worker-64: Building] WARN  o.apache.maven.project.MavenProject - Plugin is modifying testCompileSourceRoots through add(), which will not work in Maven 4.0.0. Use MavenProject.addTestCompileSourceRoot()/removeTestCompileSourceRoot() methods instead. If using a plugin, please upgrade to the latest version or report the issue to the plugin maintainer. To disable these warnings, set -Dmaven.project.sourceRoots.warningsDisabled=true on the command line, in the .mvn/maven.config file, or in project POM properties.
2026-06-19 10:41:04,033 [Worker-70: Building] INFO  o.a.m.s.f.DefaultMavenResourcesFiltering - Copying 0 resource from src\main\resources to target\classes
2026-06-19 10:41:04,035 [Worker-70: Building] INFO  o.a.m.s.f.DefaultMavenResourcesFiltering - Copying 0 resource from src\test\resources to target\test-classes
2026-06-19 10:41:04,035 [Worker-70: Building] WARN  o.apache.maven.project.MavenProject - Plugin is modifying compileSourceRoots through clear(), which will not work in Maven 4.0.0. Use MavenProject.addCompileSourceRoot()/removeCompileSourceRoot() methods instead. If using a plugin, please upgrade to the latest version or report the issue to the plugin maintainer. To disable these warnings, set -Dmaven.project.sourceRoots.warningsDisabled=true on the command line, in the .mvn/maven.config file, or in project POM properties.
2026-06-19 10:41:04,035 [Worker-70: Building] WARN  o.apache.maven.project.MavenProject - Plugin is modifying compileSourceRoots through add(), which will not work in Maven 4.0.0. Use MavenProject.addCompileSourceRoot()/removeCompileSourceRoot() methods instead. If using a plugin, please upgrade to the latest version or report the issue to the plugin maintainer. To disable these warnings, set -Dmaven.project.sourceRoots.warningsDisabled=true on the command line, in the .mvn/maven.config file, or in project POM properties.
2026-06-19 10:41:04,036 [Worker-70: Building] WARN  o.apache.maven.project.MavenProject - Plugin is modifying testCompileSourceRoots through clear(), which will not work in Maven 4.0.0. Use MavenProject.addTestCompileSourceRoot()/removeTestCompileSourceRoot() methods instead. If using a plugin, please upgrade to the latest version or report the issue to the plugin maintainer. To disable these warnings, set -Dmaven.project.sourceRoots.warningsDisabled=true on the command line, in the .mvn/maven.config file, or in project POM properties.
2026-06-19 10:41:04,036 [Worker-70: Building] WARN  o.apache.maven.project.MavenProject - Plugin is modifying testCompileSourceRoots through add(), which will not work in Maven 4.0.0. Use MavenProject.addTestCompileSourceRoot()/removeTestCompileSourceRoot() methods instead. If using a plugin, please upgrade to the latest version or report the issue to the plugin maintainer. To disable these warnings, set -Dmaven.project.sourceRoots.warningsDisabled=true on the command line, in the .mvn/maven.config file, or in project POM properties.
2026-06-19 10:41:57,201 [Worker-63: Building] INFO  o.a.m.s.f.DefaultMavenResourcesFiltering - Copying 0 resource from src\main\resources to target\classes
2026-06-19 10:41:57,202 [Worker-63: Building] INFO  o.a.m.s.f.DefaultMavenResourcesFiltering - Copying 0 resource from src\test\resources to target\test-classes
2026-06-19 10:41:57,202 [Worker-63: Building] WARN  o.apache.maven.project.MavenProject - Plugin is modifying compileSourceRoots through clear(), which will not work in Maven 4.0.0. Use MavenProject.addCompileSourceRoot()/removeCompileSourceRoot() methods instead. If using a plugin, please upgrade to the latest version or report the issue to the plugin maintainer. To disable these warnings, set -Dmaven.project.sourceRoots.warningsDisabled=true on the command line, in the .mvn/maven.config file, or in project POM properties.
2026-06-19 10:41:57,202 [Worker-63: Building] WARN  o.apache.maven.project.MavenProject - Plugin is modifying compileSourceRoots through add(), which will not work in Maven 4.0.0. Use MavenProject.addCompileSourceRoot()/removeCompileSourceRoot() methods instead. If using a plugin, please upgrade to the latest version or report the issue to the plugin maintainer. To disable these warnings, set -Dmaven.project.sourceRoots.warningsDisabled=true on the command line, in the .mvn/maven.config file, or in project POM properties.
2026-06-19 10:41:57,203 [Worker-63: Building] WARN  o.apache.maven.project.MavenProject - Plugin is modifying testCompileSourceRoots through clear(), which will not work in Maven 4.0.0. Use MavenProject.addTestCompileSourceRoot()/removeTestCompileSourceRoot() methods instead. If using a plugin, please upgrade to the latest version or report the issue to the plugin maintainer. To disable these warnings, set -Dmaven.project.sourceRoots.warningsDisabled=true on the command line, in the .mvn/maven.config file, or in project POM properties.
2026-06-19 10:41:57,203 [Worker-63: Building] WARN  o.apache.maven.project.MavenProject - Plugin is modifying testCompileSourceRoots through add(), which will not work in Maven 4.0.0. Use MavenProject.addTestCompileSourceRoot()/removeTestCompileSourceRoot() methods instead. If using a plugin, please upgrade to the latest version or report the issue to the plugin maintainer. To disable these warnings, set -Dmaven.project.sourceRoots.warningsDisabled=true on the command line, in the .mvn/maven.config file, or in project POM properties.
2026-06-19 11:10:28,948 [Worker-72: Building] INFO  o.a.m.s.f.DefaultMavenResourcesFiltering - Copying 0 resource from src\main\resources to target\classes
2026-06-19 11:10:28,950 [Worker-72: Building] INFO  o.a.m.s.f.DefaultMavenResourcesFiltering - Copying 0 resource from src\test\resources to target\test-classes
2026-06-19 11:10:28,950 [Worker-72: Building] WARN  o.apache.maven.project.MavenProject - Plugin is modifying compileSourceRoots through clear(), which will not work in Maven 4.0.0. Use MavenProject.addCompileSourceRoot()/removeCompileSourceRoot() methods instead. If using a plugin, please upgrade to the latest version or report the issue to the plugin maintainer. To disable these warnings, set -Dmaven.project.sourceRoots.warningsDisabled=true on the command line, in the .mvn/maven.config file, or in project POM properties.
2026-06-19 11:10:28,950 [Worker-72: Building] WARN  o.apache.maven.project.MavenProject - Plugin is modifying compileSourceRoots through add(), which will not work in Maven 4.0.0. Use MavenProject.addCompileSourceRoot()/removeCompileSourceRoot() methods instead. If using a plugin, please upgrade to the latest version or report the issue to the plugin maintainer. To disable these warnings, set -Dmaven.project.sourceRoots.warningsDisabled=true on the command line, in the .mvn/maven.config file, or in project POM properties.
2026-06-19 11:10:28,951 [Worker-72: Building] WARN  o.apache.maven.project.MavenProject - Plugin is modifying testCompileSourceRoots through clear(), which will not work in Maven 4.0.0. Use MavenProject.addTestCompileSourceRoot()/removeTestCompileSourceRoot() methods instead. If using a plugin, please upgrade to the latest version or report the issue to the plugin maintainer. To disable these warnings, set -Dmaven.project.sourceRoots.warningsDisabled=true on the command line, in the .mvn/maven.config file, or in project POM properties.
2026-06-19 11:10:28,951 [Worker-72: Building] WARN  o.apache.maven.project.MavenProject - Plugin is modifying testCompileSourceRoots through add(), which will not work in Maven 4.0.0. Use MavenProject.addTestCompileSourceRoot()/removeTestCompileSourceRoot() methods instead. If using a plugin, please upgrade to the latest version or report the issue to the plugin maintainer. To disable these warnings, set -Dmaven.project.sourceRoots.warningsDisabled=true on the command line, in the .mvn/maven.config file, or in project POM properties.
2026-06-19 11:12:54,766 [Worker-66: Building] INFO  o.a.m.s.f.DefaultMavenResourcesFiltering - Copying 0 resource from src\main\resources to target\classes
2026-06-19 11:12:54,768 [Worker-66: Building] INFO  o.a.m.s.f.DefaultMavenResourcesFiltering - Copying 0 resource from src\test\resources to target\test-classes
2026-06-19 11:12:54,768 [Worker-66: Building] WARN  o.apache.maven.project.MavenProject - Plugin is modifying compileSourceRoots through clear(), which will not work in Maven 4.0.0. Use MavenProject.addCompileSourceRoot()/removeCompileSourceRoot() methods instead. If using a plugin, please upgrade to the latest version or report the issue to the plugin maintainer. To disable these warnings, set -Dmaven.project.sourceRoots.warningsDisabled=true on the command line, in the .mvn/maven.config file, or in project POM properties.
2026-06-19 11:12:54,769 [Worker-66: Building] WARN  o.apache.maven.project.MavenProject - Plugin is modifying compileSourceRoots through add(), which will not work in Maven 4.0.0. Use MavenProject.addCompileSourceRoot()/removeCompileSourceRoot() methods instead. If using a plugin, please upgrade to the latest version or report the issue to the plugin maintainer. To disable these warnings, set -Dmaven.project.sourceRoots.warningsDisabled=true on the command line, in the .mvn/maven.config file, or in project POM properties.
2026-06-19 11:12:54,770 [Worker-66: Building] WARN  o.apache.maven.project.MavenProject - Plugin is modifying testCompileSourceRoots through clear(), which will not work in Maven 4.0.0. Use MavenProject.addTestCompileSourceRoot()/removeTestCompileSourceRoot() methods instead. If using a plugin, please upgrade to the latest version or report the issue to the plugin maintainer. To disable these warnings, set -Dmaven.project.sourceRoots.warningsDisabled=true on the command line, in the .mvn/maven.config file, or in project POM properties.
2026-06-19 11:12:54,770 [Worker-66: Building] WARN  o.apache.maven.project.MavenProject - Plugin is modifying testCompileSourceRoots through add(), which will not work in Maven 4.0.0. Use MavenProject.addTestCompileSourceRoot()/removeTestCompileSourceRoot() methods instead. If using a plugin, please upgrade to the latest version or report the issue to the plugin maintainer. To disable these warnings, set -Dmaven.project.sourceRoots.warningsDisabled=true on the command line, in the .mvn/maven.config file, or in project POM properties.
2026-06-19 11:13:29,360 [Worker-73: Building] INFO  o.a.m.s.f.DefaultMavenResourcesFiltering - Copying 0 resource from src\main\resources to target\classes
2026-06-19 11:13:29,361 [Worker-73: Building] INFO  o.a.m.s.f.DefaultMavenResourcesFiltering - Copying 0 resource from src\test\resources to target\test-classes
2026-06-19 11:13:29,362 [Worker-73: Building] WARN  o.apache.maven.project.MavenProject - Plugin is modifying compileSourceRoots through clear(), which will not work in Maven 4.0.0. Use MavenProject.addCompileSourceRoot()/removeCompileSourceRoot() methods instead. If using a plugin, please upgrade to the latest version or report the issue to the plugin maintainer. To disable these warnings, set -Dmaven.project.sourceRoots.warningsDisabled=true on the command line, in the .mvn/maven.config file, or in project POM properties.
2026-06-19 11:13:29,362 [Worker-73: Building] WARN  o.apache.maven.project.MavenProject - Plugin is modifying compileSourceRoots through add(), which will not work in Maven 4.0.0. Use MavenProject.addCompileSourceRoot()/removeCompileSourceRoot() methods instead. If using a plugin, please upgrade to the latest version or report the issue to the plugin maintainer. To disable these warnings, set -Dmaven.project.sourceRoots.warningsDisabled=true on the command line, in the .mvn/maven.config file, or in project POM properties.
2026-06-19 11:13:29,362 [Worker-73: Building] WARN  o.apache.maven.project.MavenProject - Plugin is modifying testCompileSourceRoots through clear(), which will not work in Maven 4.0.0. Use MavenProject.addTestCompileSourceRoot()/removeTestCompileSourceRoot() methods instead. If using a plugin, please upgrade to the latest version or report the issue to the plugin maintainer. To disable these warnings, set -Dmaven.project.sourceRoots.warningsDisabled=true on the command line, in the .mvn/maven.config file, or in project POM properties.
2026-06-19 11:13:29,363 [Worker-73: Building] WARN  o.apache.maven.project.MavenProject - Plugin is modifying testCompileSourceRoots through add(), which will not work in Maven 4.0.0. Use MavenProject.addTestCompileSourceRoot()/removeTestCompileSourceRoot() methods instead. If using a plugin, please upgrade to the latest version or report the issue to the plugin maintainer. To disable these warnings, set -Dmaven.project.sourceRoots.warningsDisabled=true on the command line, in the .mvn/maven.config file, or in project POM properties.
2026-06-19 11:13:45,837 [Worker-72: Building] INFO  o.a.m.s.f.DefaultMavenResourcesFiltering - Copying 0 resource from src\main\resources to target\classes
2026-06-19 11:13:45,838 [Worker-72: Building] INFO  o.a.m.s.f.DefaultMavenResourcesFiltering - Copying 0 resource from src\test\resources to target\test-classes
2026-06-19 11:13:45,838 [Worker-72: Building] WARN  o.apache.maven.project.MavenProject - Plugin is modifying compileSourceRoots through clear(), which will not work in Maven 4.0.0. Use MavenProject.addCompileSourceRoot()/removeCompileSourceRoot() methods instead. If using a plugin, please upgrade to the latest version or report the issue to the plugin maintainer. To disable these warnings, set -Dmaven.project.sourceRoots.warningsDisabled=true on the command line, in the .mvn/maven.config file, or in project POM properties.
2026-06-19 11:13:45,839 [Worker-72: Building] WARN  o.apache.maven.project.MavenProject - Plugin is modifying compileSourceRoots through add(), which will not work in Maven 4.0.0. Use MavenProject.addCompileSourceRoot()/removeCompileSourceRoot() methods instead. If using a plugin, please upgrade to the latest version or report the issue to the plugin maintainer. To disable these warnings, set -Dmaven.project.sourceRoots.warningsDisabled=true on the command line, in the .mvn/maven.config file, or in project POM properties.
2026-06-19 11:13:45,839 [Worker-72: Building] WARN  o.apache.maven.project.MavenProject - Plugin is modifying testCompileSourceRoots through clear(), which will not work in Maven 4.0.0. Use MavenProject.addTestCompileSourceRoot()/removeTestCompileSourceRoot() methods instead. If using a plugin, please upgrade to the latest version or report the issue to the plugin maintainer. To disable these warnings, set -Dmaven.project.sourceRoots.warningsDisabled=true on the command line, in the .mvn/maven.config file, or in project POM properties.
2026-06-19 11:13:45,839 [Worker-72: Building] WARN  o.apache.maven.project.MavenProject - Plugin is modifying testCompileSourceRoots through add(), which will not work in Maven 4.0.0. Use MavenProject.addTestCompileSourceRoot()/removeTestCompileSourceRoot() methods instead. If using a plugin, please upgrade to the latest version or report the issue to the plugin maintainer. To disable these warnings, set -Dmaven.project.sourceRoots.warningsDisabled=true on the command line, in the .mvn/maven.config file, or in project POM properties.
2026-06-19 11:14:08,564 [Worker-72: Building] INFO  o.a.m.s.f.DefaultMavenResourcesFiltering - Copying 0 resource from src\main\resources to target\classes
2026-06-19 11:14:08,565 [Worker-72: Building] INFO  o.a.m.s.f.DefaultMavenResourcesFiltering - Copying 0 resource from src\test\resources to target\test-classes
2026-06-19 11:14:08,565 [Worker-72: Building] WARN  o.apache.maven.project.MavenProject - Plugin is modifying compileSourceRoots through clear(), which will not work in Maven 4.0.0. Use MavenProject.addCompileSourceRoot()/removeCompileSourceRoot() methods instead. If using a plugin, please upgrade to the latest version or report the issue to the plugin maintainer. To disable these warnings, set -Dmaven.project.sourceRoots.warningsDisabled=true on the command line, in the .mvn/maven.config file, or in project POM properties.
2026-06-19 11:14:08,566 [Worker-72: Building] WARN  o.apache.maven.project.MavenProject - Plugin is modifying compileSourceRoots through add(), which will not work in Maven 4.0.0. Use MavenProject.addCompileSourceRoot()/removeCompileSourceRoot() methods instead. If using a plugin, please upgrade to the latest version or report the issue to the plugin maintainer. To disable these warnings, set -Dmaven.project.sourceRoots.warningsDisabled=true on the command line, in the .mvn/maven.config file, or in project POM properties.
2026-06-19 11:14:08,566 [Worker-72: Building] WARN  o.apache.maven.project.MavenProject - Plugin is modifying testCompileSourceRoots through clear(), which will not work in Maven 4.0.0. Use MavenProject.addTestCompileSourceRoot()/removeTestCompileSourceRoot() methods instead. If using a plugin, please upgrade to the latest version or report the issue to the plugin maintainer. To disable these warnings, set -Dmaven.project.sourceRoots.warningsDisabled=true on the command line, in the .mvn/maven.config file, or in project POM properties.
2026-06-19 11:14:08,567 [Worker-72: Building] WARN  o.apache.maven.project.MavenProject - Plugin is modifying testCompileSourceRoots through add(), which will not work in Maven 4.0.0. Use MavenProject.addTestCompileSourceRoot()/removeTestCompileSourceRoot() methods instead. If using a plugin, please upgrade to the latest version or report the issue to the plugin maintainer. To disable these warnings, set -Dmaven.project.sourceRoots.warningsDisabled=true on the command line, in the .mvn/maven.config file, or in project POM properties.
2026-06-19 11:14:48,033 [Worker-74: Building] INFO  o.a.m.s.f.DefaultMavenResourcesFiltering - Copying 0 resource from src\main\resources to target\classes
2026-06-19 11:14:48,035 [Worker-74: Building] INFO  o.a.m.s.f.DefaultMavenResourcesFiltering - Copying 0 resource from src\test\resources to target\test-classes
2026-06-19 11:14:48,036 [Worker-74: Building] WARN  o.apache.maven.project.MavenProject - Plugin is modifying compileSourceRoots through clear(), which will not work in Maven 4.0.0. Use MavenProject.addCompileSourceRoot()/removeCompileSourceRoot() methods instead. If using a plugin, please upgrade to the latest version or report the issue to the plugin maintainer. To disable these warnings, set -Dmaven.project.sourceRoots.warningsDisabled=true on the command line, in the .mvn/maven.config file, or in project POM properties.
2026-06-19 11:14:48,036 [Worker-74: Building] WARN  o.apache.maven.project.MavenProject - Plugin is modifying compileSourceRoots through add(), which will not work in Maven 4.0.0. Use MavenProject.addCompileSourceRoot()/removeCompileSourceRoot() methods instead. If using a plugin, please upgrade to the latest version or report the issue to the plugin maintainer. To disable these warnings, set -Dmaven.project.sourceRoots.warningsDisabled=true on the command line, in the .mvn/maven.config file, or in project POM properties.
2026-06-19 11:14:48,037 [Worker-74: Building] WARN  o.apache.maven.project.MavenProject - Plugin is modifying testCompileSourceRoots through clear(), which will not work in Maven 4.0.0. Use MavenProject.addTestCompileSourceRoot()/removeTestCompileSourceRoot() methods instead. If using a plugin, please upgrade to the latest version or report the issue to the plugin maintainer. To disable these warnings, set -Dmaven.project.sourceRoots.warningsDisabled=true on the command line, in the .mvn/maven.config file, or in project POM properties.
2026-06-19 11:14:48,037 [Worker-74: Building] WARN  o.apache.maven.project.MavenProject - Plugin is modifying testCompileSourceRoots through add(), which will not work in Maven 4.0.0. Use MavenProject.addTestCompileSourceRoot()/removeTestCompileSourceRoot() methods instead. If using a plugin, please upgrade to the latest version or report the issue to the plugin maintainer. To disable these warnings, set -Dmaven.project.sourceRoots.warningsDisabled=true on the command line, in the .mvn/maven.config file, or in project POM properties.
2026-06-19 11:19:40,377 [Worker-73: Building] INFO  o.a.m.s.f.DefaultMavenResourcesFiltering - Copying 0 resource from src\main\resources to target\classes
2026-06-19 11:19:40,379 [Worker-73: Building] INFO  o.a.m.s.f.DefaultMavenResourcesFiltering - Copying 0 resource from src\test\resources to target\test-classes
2026-06-19 11:19:40,379 [Worker-73: Building] WARN  o.apache.maven.project.MavenProject - Plugin is modifying compileSourceRoots through clear(), which will not work in Maven 4.0.0. Use MavenProject.addCompileSourceRoot()/removeCompileSourceRoot() methods instead. If using a plugin, please upgrade to the latest version or report the issue to the plugin maintainer. To disable these warnings, set -Dmaven.project.sourceRoots.warningsDisabled=true on the command line, in the .mvn/maven.config file, or in project POM properties.
2026-06-19 11:19:40,379 [Worker-73: Building] WARN  o.apache.maven.project.MavenProject - Plugin is modifying compileSourceRoots through add(), which will not work in Maven 4.0.0. Use MavenProject.addCompileSourceRoot()/removeCompileSourceRoot() methods instead. If using a plugin, please upgrade to the latest version or report the issue to the plugin maintainer. To disable these warnings, set -Dmaven.project.sourceRoots.warningsDisabled=true on the command line, in the .mvn/maven.config file, or in project POM properties.
2026-06-19 11:19:40,379 [Worker-73: Building] WARN  o.apache.maven.project.MavenProject - Plugin is modifying testCompileSourceRoots through clear(), which will not work in Maven 4.0.0. Use MavenProject.addTestCompileSourceRoot()/removeTestCompileSourceRoot() methods instead. If using a plugin, please upgrade to the latest version or report the issue to the plugin maintainer. To disable these warnings, set -Dmaven.project.sourceRoots.warningsDisabled=true on the command line, in the .mvn/maven.config file, or in project POM properties.
2026-06-19 11:19:40,380 [Worker-73: Building] WARN  o.apache.maven.project.MavenProject - Plugin is modifying testCompileSourceRoots through add(), which will not work in Maven 4.0.0. Use MavenProject.addTestCompileSourceRoot()/removeTestCompileSourceRoot() methods instead. If using a plugin, please upgrade to the latest version or report the issue to the plugin maintainer. To disable these warnings, set -Dmaven.project.sourceRoots.warningsDisabled=true on the command line, in the .mvn/maven.config file, or in project POM properties.
2026-06-19 11:19:48,634 [Worker-72: Building] INFO  o.a.m.s.f.DefaultMavenResourcesFiltering - Copying 1 resource from src\main\resources to target\classes
2026-06-19 11:19:48,637 [Worker-72: Building] INFO  o.a.m.s.f.DefaultMavenResourcesFiltering - Copying 0 resource from src\test\resources to target\test-classes
2026-06-19 11:19:48,641 [Worker-72: Building] WARN  o.apache.maven.project.MavenProject - Plugin is modifying compileSourceRoots through clear(), which will not work in Maven 4.0.0. Use MavenProject.addCompileSourceRoot()/removeCompileSourceRoot() methods instead. If using a plugin, please upgrade to the latest version or report the issue to the plugin maintainer. To disable these warnings, set -Dmaven.project.sourceRoots.warningsDisabled=true on the command line, in the .mvn/maven.config file, or in project POM properties.
2026-06-19 11:19:48,642 [Worker-72: Building] WARN  o.apache.maven.project.MavenProject - Plugin is modifying compileSourceRoots through add(), which will not work in Maven 4.0.0. Use MavenProject.addCompileSourceRoot()/removeCompileSourceRoot() methods instead. If using a plugin, please upgrade to the latest version or report the issue to the plugin maintainer. To disable these warnings, set -Dmaven.project.sourceRoots.warningsDisabled=true on the command line, in the .mvn/maven.config file, or in project POM properties.
2026-06-19 11:19:48,642 [Worker-72: Building] WARN  o.apache.maven.project.MavenProject - Plugin is modifying testCompileSourceRoots through clear(), which will not work in Maven 4.0.0. Use MavenProject.addTestCompileSourceRoot()/removeTestCompileSourceRoot() methods instead. If using a plugin, please upgrade to the latest version or report the issue to the plugin maintainer. To disable these warnings, set -Dmaven.project.sourceRoots.warningsDisabled=true on the command line, in the .mvn/maven.config file, or in project POM properties.
2026-06-19 11:19:48,642 [Worker-72: Building] WARN  o.apache.maven.project.MavenProject - Plugin is modifying testCompileSourceRoots through add(), which will not work in Maven 4.0.0. Use MavenProject.addTestCompileSourceRoot()/removeTestCompileSourceRoot() methods instead. If using a plugin, please upgrade to the latest version or report the issue to the plugin maintainer. To disable these warnings, set -Dmaven.project.sourceRoots.warningsDisabled=true on the command line, in the .mvn/maven.config file, or in project POM properties.
2026-06-19 11:20:09,914 [Worker-66: Building] INFO  o.a.m.s.f.DefaultMavenResourcesFiltering - Copying 0 resource from src\main\resources to target\classes
2026-06-19 11:20:09,915 [Worker-66: Building] INFO  o.a.m.s.f.DefaultMavenResourcesFiltering - Copying 0 resource from src\test\resources to target\test-classes
2026-06-19 11:20:09,915 [Worker-66: Building] WARN  o.apache.maven.project.MavenProject - Plugin is modifying compileSourceRoots through clear(), which will not work in Maven 4.0.0. Use MavenProject.addCompileSourceRoot()/removeCompileSourceRoot() methods instead. If using a plugin, please upgrade to the latest version or report the issue to the plugin maintainer. To disable these warnings, set -Dmaven.project.sourceRoots.warningsDisabled=true on the command line, in the .mvn/maven.config file, or in project POM properties.
2026-06-19 11:20:09,916 [Worker-66: Building] WARN  o.apache.maven.project.MavenProject - Plugin is modifying compileSourceRoots through add(), which will not work in Maven 4.0.0. Use MavenProject.addCompileSourceRoot()/removeCompileSourceRoot() methods instead. If using a plugin, please upgrade to the latest version or report the issue to the plugin maintainer. To disable these warnings, set -Dmaven.project.sourceRoots.warningsDisabled=true on the command line, in the .mvn/maven.config file, or in project POM properties.
2026-06-19 11:20:09,916 [Worker-66: Building] WARN  o.apache.maven.project.MavenProject - Plugin is modifying testCompileSourceRoots through clear(), which will not work in Maven 4.0.0. Use MavenProject.addTestCompileSourceRoot()/removeTestCompileSourceRoot() methods instead. If using a plugin, please upgrade to the latest version or report the issue to the plugin maintainer. To disable these warnings, set -Dmaven.project.sourceRoots.warningsDisabled=true on the command line, in the .mvn/maven.config file, or in project POM properties.
2026-06-19 11:20:09,916 [Worker-66: Building] WARN  o.apache.maven.project.MavenProject - Plugin is modifying testCompileSourceRoots through add(), which will not work in Maven 4.0.0. Use MavenProject.addTestCompileSourceRoot()/removeTestCompileSourceRoot() methods instead. If using a plugin, please upgrade to the latest version or report the issue to the plugin maintainer. To disable these warnings, set -Dmaven.project.sourceRoots.warningsDisabled=true on the command line, in the .mvn/maven.config file, or in project POM properties.
2026-06-19 11:20:21,893 [Worker-72: Building] INFO  o.a.m.s.f.DefaultMavenResourcesFiltering - Copying 1 resource from src\main\resources to target\classes
2026-06-19 11:20:21,894 [Worker-72: Building] INFO  o.a.m.s.f.DefaultMavenResourcesFiltering - Copying 0 resource from src\test\resources to target\test-classes
2026-06-19 11:20:21,899 [Worker-72: Building] WARN  o.apache.maven.project.MavenProject - Plugin is modifying compileSourceRoots through clear(), which will not work in Maven 4.0.0. Use MavenProject.addCompileSourceRoot()/removeCompileSourceRoot() methods instead. If using a plugin, please upgrade to the latest version or report the issue to the plugin maintainer. To disable these warnings, set -Dmaven.project.sourceRoots.warningsDisabled=true on the command line, in the .mvn/maven.config file, or in project POM properties.
2026-06-19 11:20:21,899 [Worker-72: Building] WARN  o.apache.maven.project.MavenProject - Plugin is modifying compileSourceRoots through add(), which will not work in Maven 4.0.0. Use MavenProject.addCompileSourceRoot()/removeCompileSourceRoot() methods instead. If using a plugin, please upgrade to the latest version or report the issue to the plugin maintainer. To disable these warnings, set -Dmaven.project.sourceRoots.warningsDisabled=true on the command line, in the .mvn/maven.config file, or in project POM properties.
2026-06-19 11:20:21,899 [Worker-72: Building] WARN  o.apache.maven.project.MavenProject - Plugin is modifying testCompileSourceRoots through clear(), which will not work in Maven 4.0.0. Use MavenProject.addTestCompileSourceRoot()/removeTestCompileSourceRoot() methods instead. If using a plugin, please upgrade to the latest version or report the issue to the plugin maintainer. To disable these warnings, set -Dmaven.project.sourceRoots.warningsDisabled=true on the command line, in the .mvn/maven.config file, or in project POM properties.
2026-06-19 11:20:21,899 [Worker-72: Building] WARN  o.apache.maven.project.MavenProject - Plugin is modifying testCompileSourceRoots through add(), which will not work in Maven 4.0.0. Use MavenProject.addTestCompileSourceRoot()/removeTestCompileSourceRoot() methods instead. If using a plugin, please upgrade to the latest version or report the issue to the plugin maintainer. To disable these warnings, set -Dmaven.project.sourceRoots.warningsDisabled=true on the command line, in the .mvn/maven.config file, or in project POM properties.
2026-06-19 11:20:33,420 [Worker-75: Building] INFO  o.a.m.s.f.DefaultMavenResourcesFiltering - Copying 0 resource from src\main\resources to target\classes
2026-06-19 11:20:33,422 [Worker-75: Building] INFO  o.a.m.s.f.DefaultMavenResourcesFiltering - Copying 0 resource from src\test\resources to target\test-classes
2026-06-19 11:20:33,422 [Worker-75: Building] WARN  o.apache.maven.project.MavenProject - Plugin is modifying compileSourceRoots through clear(), which will not work in Maven 4.0.0. Use MavenProject.addCompileSourceRoot()/removeCompileSourceRoot() methods instead. If using a plugin, please upgrade to the latest version or report the issue to the plugin maintainer. To disable these warnings, set -Dmaven.project.sourceRoots.warningsDisabled=true on the command line, in the .mvn/maven.config file, or in project POM properties.
2026-06-19 11:20:33,422 [Worker-75: Building] WARN  o.apache.maven.project.MavenProject - Plugin is modifying compileSourceRoots through add(), which will not work in Maven 4.0.0. Use MavenProject.addCompileSourceRoot()/removeCompileSourceRoot() methods instead. If using a plugin, please upgrade to the latest version or report the issue to the plugin maintainer. To disable these warnings, set -Dmaven.project.sourceRoots.warningsDisabled=true on the command line, in the .mvn/maven.config file, or in project POM properties.
2026-06-19 11:20:33,422 [Worker-75: Building] WARN  o.apache.maven.project.MavenProject - Plugin is modifying testCompileSourceRoots through clear(), which will not work in Maven 4.0.0. Use MavenProject.addTestCompileSourceRoot()/removeTestCompileSourceRoot() methods instead. If using a plugin, please upgrade to the latest version or report the issue to the plugin maintainer. To disable these warnings, set -Dmaven.project.sourceRoots.warningsDisabled=true on the command line, in the .mvn/maven.config file, or in project POM properties.
2026-06-19 11:20:33,423 [Worker-75: Building] WARN  o.apache.maven.project.MavenProject - Plugin is modifying testCompileSourceRoots through add(), which will not work in Maven 4.0.0. Use MavenProject.addTestCompileSourceRoot()/removeTestCompileSourceRoot() methods instead. If using a plugin, please upgrade to the latest version or report the issue to the plugin maintainer. To disable these warnings, set -Dmaven.project.sourceRoots.warningsDisabled=true on the command line, in the .mvn/maven.config file, or in project POM properties.
2026-06-19 11:21:03,793 [Worker-74: Building] INFO  o.a.m.s.f.DefaultMavenResourcesFiltering - Copying 0 resource from src\main\resources to target\classes
2026-06-19 11:21:03,794 [Worker-74: Building] INFO  o.a.m.s.f.DefaultMavenResourcesFiltering - Copying 0 resource from src\test\resources to target\test-classes
2026-06-19 11:21:03,794 [Worker-74: Building] WARN  o.apache.maven.project.MavenProject - Plugin is modifying compileSourceRoots through clear(), which will not work in Maven 4.0.0. Use MavenProject.addCompileSourceRoot()/removeCompileSourceRoot() methods instead. If using a plugin, please upgrade to the latest version or report the issue to the plugin maintainer. To disable these warnings, set -Dmaven.project.sourceRoots.warningsDisabled=true on the command line, in the .mvn/maven.config file, or in project POM properties.
2026-06-19 11:21:03,794 [Worker-74: Building] WARN  o.apache.maven.project.MavenProject - Plugin is modifying compileSourceRoots through add(), which will not work in Maven 4.0.0. Use MavenProject.addCompileSourceRoot()/removeCompileSourceRoot() methods instead. If using a plugin, please upgrade to the latest version or report the issue to the plugin maintainer. To disable these warnings, set -Dmaven.project.sourceRoots.warningsDisabled=true on the command line, in the .mvn/maven.config file, or in project POM properties.
2026-06-19 11:21:03,795 [Worker-74: Building] WARN  o.apache.maven.project.MavenProject - Plugin is modifying testCompileSourceRoots through clear(), which will not work in Maven 4.0.0. Use MavenProject.addTestCompileSourceRoot()/removeTestCompileSourceRoot() methods instead. If using a plugin, please upgrade to the latest version or report the issue to the plugin maintainer. To disable these warnings, set -Dmaven.project.sourceRoots.warningsDisabled=true on the command line, in the .mvn/maven.config file, or in project POM properties.
2026-06-19 11:21:03,795 [Worker-74: Building] WARN  o.apache.maven.project.MavenProject - Plugin is modifying testCompileSourceRoots through add(), which will not work in Maven 4.0.0. Use MavenProject.addTestCompileSourceRoot()/removeTestCompileSourceRoot() methods instead. If using a plugin, please upgrade to the latest version or report the issue to the plugin maintainer. To disable these warnings, set -Dmaven.project.sourceRoots.warningsDisabled=true on the command line, in the .mvn/maven.config file, or in project POM properties.
2026-06-19 11:24:23,513 [Worker-75: Building] INFO  o.a.m.s.f.DefaultMavenResourcesFiltering - Copying 1 resource from src\main\resources to target\classes
2026-06-19 11:24:23,515 [Worker-75: Building] INFO  o.a.m.s.f.DefaultMavenResourcesFiltering - Copying 0 resource from src\test\resources to target\test-classes
2026-06-19 11:24:23,520 [Worker-75: Building] WARN  o.apache.maven.project.MavenProject - Plugin is modifying compileSourceRoots through clear(), which will not work in Maven 4.0.0. Use MavenProject.addCompileSourceRoot()/removeCompileSourceRoot() methods instead. If using a plugin, please upgrade to the latest version or report the issue to the plugin maintainer. To disable these warnings, set -Dmaven.project.sourceRoots.warningsDisabled=true on the command line, in the .mvn/maven.config file, or in project POM properties.
2026-06-19 11:24:23,521 [Worker-75: Building] WARN  o.apache.maven.project.MavenProject - Plugin is modifying compileSourceRoots through add(), which will not work in Maven 4.0.0. Use MavenProject.addCompileSourceRoot()/removeCompileSourceRoot() methods instead. If using a plugin, please upgrade to the latest version or report the issue to the plugin maintainer. To disable these warnings, set -Dmaven.project.sourceRoots.warningsDisabled=true on the command line, in the .mvn/maven.config file, or in project POM properties.
2026-06-19 11:24:23,521 [Worker-75: Building] WARN  o.apache.maven.project.MavenProject - Plugin is modifying testCompileSourceRoots through clear(), which will not work in Maven 4.0.0. Use MavenProject.addTestCompileSourceRoot()/removeTestCompileSourceRoot() methods instead. If using a plugin, please upgrade to the latest version or report the issue to the plugin maintainer. To disable these warnings, set -Dmaven.project.sourceRoots.warningsDisabled=true on the command line, in the .mvn/maven.config file, or in project POM properties.
2026-06-19 11:24:23,522 [Worker-75: Building] WARN  o.apache.maven.project.MavenProject - Plugin is modifying testCompileSourceRoots through add(), which will not work in Maven 4.0.0. Use MavenProject.addTestCompileSourceRoot()/removeTestCompileSourceRoot() methods instead. If using a plugin, please upgrade to the latest version or report the issue to the plugin maintainer. To disable these warnings, set -Dmaven.project.sourceRoots.warningsDisabled=true on the command line, in the .mvn/maven.config file, or in project POM properties.
2026-06-19 11:27:48,154 [Worker-72: Launching mavenrun-e1d2f97e-91db-4926-860c-8d4bc47195f2] INFO  o.eclipse.m2e.core.internal.Bundles - getClasspathEntries(Bundle=org.eclipse.m2e.maven.runtime_3.9.1600.20260522-0510 [649])
2026-06-19 11:27:48,155 [Worker-72: Launching mavenrun-e1d2f97e-91db-4926-860c-8d4bc47195f2] INFO  o.eclipse.m2e.core.internal.Bundles - 	Entry: C:\Users\CVR\Downloads\eclipse-jee-2026-06-R-win32-x86_64\eclipse\plugins\org.eclipse.m2e.maven.runtime_3.9.1600.20260522-0510
2026-06-19 11:27:48,155 [Worker-72: Launching mavenrun-e1d2f97e-91db-4926-860c-8d4bc47195f2] INFO  o.eclipse.m2e.core.internal.Bundles - 	Entry: C:\Users\CVR\Downloads\eclipse-jee-2026-06-R-win32-x86_64\eclipse\plugins\org.eclipse.m2e.maven.runtime_3.9.1600.20260522-0510\jars\aopalliance-1.0.jar
2026-06-19 11:27:48,155 [Worker-72: Launching mavenrun-e1d2f97e-91db-4926-860c-8d4bc47195f2] INFO  o.eclipse.m2e.core.internal.Bundles - 	Entry: C:\Users\CVR\Downloads\eclipse-jee-2026-06-R-win32-x86_64\eclipse\plugins\org.eclipse.m2e.maven.runtime_3.9.1600.20260522-0510\jars\asm-9.9.1.jar
2026-06-19 11:27:48,155 [Worker-72: Launching mavenrun-e1d2f97e-91db-4926-860c-8d4bc47195f2] INFO  o.eclipse.m2e.core.internal.Bundles - 	Entry: C:\Users\CVR\Downloads\eclipse-jee-2026-06-R-win32-x86_64\eclipse\plugins\org.eclipse.m2e.maven.runtime_3.9.1600.20260522-0510\jars\error_prone_annotations-2.41.0.jar
2026-06-19 11:27:48,155 [Worker-72: Launching mavenrun-e1d2f97e-91db-4926-860c-8d4bc47195f2] INFO  o.eclipse.m2e.core.internal.Bundles - 	Entry: C:\Users\CVR\Downloads\eclipse-jee-2026-06-R-win32-x86_64\eclipse\plugins\org.eclipse.m2e.maven.runtime_3.9.1600.20260522-0510\jars\gson-2.13.2.jar
2026-06-19 11:27:48,155 [Worker-72: Launching mavenrun-e1d2f97e-91db-4926-860c-8d4bc47195f2] INFO  o.eclipse.m2e.core.internal.Bundles - 	Entry: C:\Users\CVR\Downloads\eclipse-jee-2026-06-R-win32-x86_64\eclipse\plugins\org.eclipse.m2e.maven.runtime_3.9.1600.20260522-0510\jars\guice-5.1.0-classes.jar
2026-06-19 11:27:48,156 [Worker-72: Launching mavenrun-e1d2f97e-91db-4926-860c-8d4bc47195f2] INFO  o.eclipse.m2e.core.internal.Bundles - 	Entry: C:\Users\CVR\Downloads\eclipse-jee-2026-06-R-win32-x86_64\eclipse\plugins\org.eclipse.m2e.maven.runtime_3.9.1600.20260522-0510\jars\httpclient-4.5.14.jar
2026-06-19 11:27:48,156 [Worker-72: Launching mavenrun-e1d2f97e-91db-4926-860c-8d4bc47195f2] INFO  o.eclipse.m2e.core.internal.Bundles - 	Entry: C:\Users\CVR\Downloads\eclipse-jee-2026-06-R-win32-x86_64\eclipse\plugins\org.eclipse.m2e.maven.runtime_3.9.1600.20260522-0510\jars\httpcore-4.4.16.jar
2026-06-19 11:27:48,156 [Worker-72: Launching mavenrun-e1d2f97e-91db-4926-860c-8d4bc47195f2] INFO  o.eclipse.m2e.core.internal.Bundles - 	Entry: C:\Users\CVR\Downloads\eclipse-jee-2026-06-R-win32-x86_64\eclipse\plugins\org.eclipse.m2e.maven.runtime_3.9.1600.20260522-0510\jars\jansi-2.4.3.jar
2026-06-19 11:27:48,156 [Worker-72: Launching mavenrun-e1d2f97e-91db-4926-860c-8d4bc47195f2] INFO  o.eclipse.m2e.core.internal.Bundles - 	Entry: C:\Users\CVR\Downloads\eclipse-jee-2026-06-R-win32-x86_64\eclipse\plugins\org.eclipse.m2e.maven.runtime_3.9.1600.20260522-0510\jars\jcl-over-slf4j-1.7.36.jar
2026-06-19 11:27:48,156 [Worker-72: Launching mavenrun-e1d2f97e-91db-4926-860c-8d4bc47195f2] INFO  o.eclipse.m2e.core.internal.Bundles - 	Entry: C:\Users\CVR\Downloads\eclipse-jee-2026-06-R-win32-x86_64\eclipse\plugins\org.eclipse.m2e.maven.runtime_3.9.1600.20260522-0510\jars\maven-artifact-3.9.16.jar
2026-06-19 11:27:48,156 [Worker-72: Launching mavenrun-e1d2f97e-91db-4926-860c-8d4bc47195f2] INFO  o.eclipse.m2e.core.internal.Bundles - 	Entry: C:\Users\CVR\Downloads\eclipse-jee-2026-06-R-win32-x86_64\eclipse\plugins\org.eclipse.m2e.maven.runtime_3.9.1600.20260522-0510\jars\maven-builder-support-3.9.16.jar
2026-06-19 11:27:48,156 [Worker-72: Launching mavenrun-e1d2f97e-91db-4926-860c-8d4bc47195f2] INFO  o.eclipse.m2e.core.internal.Bundles - 	Entry: C:\Users\CVR\Downloads\eclipse-jee-2026-06-R-win32-x86_64\eclipse\plugins\org.eclipse.m2e.maven.runtime_3.9.1600.20260522-0510\jars\maven-compat-3.9.16.jar
2026-06-19 11:27:48,156 [Worker-72: Launching mavenrun-e1d2f97e-91db-4926-860c-8d4bc47195f2] INFO  o.eclipse.m2e.core.internal.Bundles - 	Entry: C:\Users\CVR\Downloads\eclipse-jee-2026-06-R-win32-x86_64\eclipse\plugins\org.eclipse.m2e.maven.runtime_3.9.1600.20260522-0510\jars\maven-core-3.9.16.jar
2026-06-19 11:27:48,156 [Worker-72: Launching mavenrun-e1d2f97e-91db-4926-860c-8d4bc47195f2] INFO  o.eclipse.m2e.core.internal.Bundles - 	Entry: C:\Users\CVR\Downloads\eclipse-jee-2026-06-R-win32-x86_64\eclipse\plugins\org.eclipse.m2e.maven.runtime_3.9.1600.20260522-0510\jars\maven-embedder-3.9.16.jar
2026-06-19 11:27:48,156 [Worker-72: Launching mavenrun-e1d2f97e-91db-4926-860c-8d4bc47195f2] INFO  o.eclipse.m2e.core.internal.Bundles - 	Entry: C:\Users\CVR\Downloads\eclipse-jee-2026-06-R-win32-x86_64\eclipse\plugins\org.eclipse.m2e.maven.runtime_3.9.1600.20260522-0510\jars\maven-model-3.9.16.jar
2026-06-19 11:27:48,156 [Worker-72: Launching mavenrun-e1d2f97e-91db-4926-860c-8d4bc47195f2] INFO  o.eclipse.m2e.core.internal.Bundles - 	Entry: C:\Users\CVR\Downloads\eclipse-jee-2026-06-R-win32-x86_64\eclipse\plugins\org.eclipse.m2e.maven.runtime_3.9.1600.20260522-0510\jars\maven-model-builder-3.9.16.jar
2026-06-19 11:27:48,156 [Worker-72: Launching mavenrun-e1d2f97e-91db-4926-860c-8d4bc47195f2] INFO  o.eclipse.m2e.core.internal.Bundles - 	Entry: C:\Users\CVR\Downloads\eclipse-jee-2026-06-R-win32-x86_64\eclipse\plugins\org.eclipse.m2e.maven.runtime_3.9.1600.20260522-0510\jars\maven-plugin-api-3.9.16.jar
2026-06-19 11:27:48,156 [Worker-72: Launching mavenrun-e1d2f97e-91db-4926-860c-8d4bc47195f2] INFO  o.eclipse.m2e.core.internal.Bundles - 	Entry: C:\Users\CVR\Downloads\eclipse-jee-2026-06-R-win32-x86_64\eclipse\plugins\org.eclipse.m2e.maven.runtime_3.9.1600.20260522-0510\jars\maven-repository-metadata-3.9.16.jar
2026-06-19 11:27:48,156 [Worker-72: Launching mavenrun-e1d2f97e-91db-4926-860c-8d4bc47195f2] INFO  o.eclipse.m2e.core.internal.Bundles - 	Entry: C:\Users\CVR\Downloads\eclipse-jee-2026-06-R-win32-x86_64\eclipse\plugins\org.eclipse.m2e.maven.runtime_3.9.1600.20260522-0510\jars\maven-resolver-api-1.9.27.jar
2026-06-19 11:27:48,156 [Worker-72: Launching mavenrun-e1d2f97e-91db-4926-860c-8d4bc47195f2] INFO  o.eclipse.m2e.core.internal.Bundles - 	Entry: C:\Users\CVR\Downloads\eclipse-jee-2026-06-R-win32-x86_64\eclipse\plugins\org.eclipse.m2e.maven.runtime_3.9.1600.20260522-0510\jars\maven-resolver-connector-basic-1.9.27.jar
2026-06-19 11:27:48,156 [Worker-72: Launching mavenrun-e1d2f97e-91db-4926-860c-8d4bc47195f2] INFO  o.eclipse.m2e.core.internal.Bundles - 	Entry: C:\Users\CVR\Downloads\eclipse-jee-2026-06-R-win32-x86_64\eclipse\plugins\org.eclipse.m2e.maven.runtime_3.9.1600.20260522-0510\jars\maven-resolver-impl-1.9.27.jar
2026-06-19 11:27:48,157 [Worker-72: Launching mavenrun-e1d2f97e-91db-4926-860c-8d4bc47195f2] INFO  o.eclipse.m2e.core.internal.Bundles - 	Entry: C:\Users\CVR\Downloads\eclipse-jee-2026-06-R-win32-x86_64\eclipse\plugins\org.eclipse.m2e.maven.runtime_3.9.1600.20260522-0510\jars\maven-resolver-named-locks-1.9.27.jar
2026-06-19 11:27:48,157 [Worker-72: Launching mavenrun-e1d2f97e-91db-4926-860c-8d4bc47195f2] INFO  o.eclipse.m2e.core.internal.Bundles - 	Entry: C:\Users\CVR\Downloads\eclipse-jee-2026-06-R-win32-x86_64\eclipse\plugins\org.eclipse.m2e.maven.runtime_3.9.1600.20260522-0510\jars\maven-resolver-provider-3.9.16.jar
2026-06-19 11:27:48,157 [Worker-72: Launching mavenrun-e1d2f97e-91db-4926-860c-8d4bc47195f2] INFO  o.eclipse.m2e.core.internal.Bundles - 	Entry: C:\Users\CVR\Downloads\eclipse-jee-2026-06-R-win32-x86_64\eclipse\plugins\org.eclipse.m2e.maven.runtime_3.9.1600.20260522-0510\jars\maven-resolver-spi-1.9.27.jar
2026-06-19 11:27:48,157 [Worker-72: Launching mavenrun-e1d2f97e-91db-4926-860c-8d4bc47195f2] INFO  o.eclipse.m2e.core.internal.Bundles - 	Entry: C:\Users\CVR\Downloads\eclipse-jee-2026-06-R-win32-x86_64\eclipse\plugins\org.eclipse.m2e.maven.runtime_3.9.1600.20260522-0510\jars\maven-resolver-transport-file-1.9.27.jar
2026-06-19 11:27:48,157 [Worker-72: Launching mavenrun-e1d2f97e-91db-4926-860c-8d4bc47195f2] INFO  o.eclipse.m2e.core.internal.Bundles - 	Entry: C:\Users\CVR\Downloads\eclipse-jee-2026-06-R-win32-x86_64\eclipse\plugins\org.eclipse.m2e.maven.runtime_3.9.1600.20260522-0510\jars\maven-resolver-transport-http-1.9.27.jar
2026-06-19 11:27:48,157 [Worker-72: Launching mavenrun-e1d2f97e-91db-4926-860c-8d4bc47195f2] INFO  o.eclipse.m2e.core.internal.Bundles - 	Entry: C:\Users\CVR\Downloads\eclipse-jee-2026-06-R-win32-x86_64\eclipse\plugins\org.eclipse.m2e.maven.runtime_3.9.1600.20260522-0510\jars\maven-resolver-transport-wagon-1.9.27.jar
2026-06-19 11:27:48,157 [Worker-72: Launching mavenrun-e1d2f97e-91db-4926-860c-8d4bc47195f2] INFO  o.eclipse.m2e.core.internal.Bundles - 	Entry: C:\Users\CVR\Downloads\eclipse-jee-2026-06-R-win32-x86_64\eclipse\plugins\org.eclipse.m2e.maven.runtime_3.9.1600.20260522-0510\jars\maven-resolver-util-1.9.27.jar
2026-06-19 11:27:48,157 [Worker-72: Launching mavenrun-e1d2f97e-91db-4926-860c-8d4bc47195f2] INFO  o.eclipse.m2e.core.internal.Bundles - 	Entry: C:\Users\CVR\Downloads\eclipse-jee-2026-06-R-win32-x86_64\eclipse\plugins\org.eclipse.m2e.maven.runtime_3.9.1600.20260522-0510\jars\maven-settings-3.9.16.jar
2026-06-19 11:27:48,157 [Worker-72: Launching mavenrun-e1d2f97e-91db-4926-860c-8d4bc47195f2] INFO  o.eclipse.m2e.core.internal.Bundles - 	Entry: C:\Users\CVR\Downloads\eclipse-jee-2026-06-R-win32-x86_64\eclipse\plugins\org.eclipse.m2e.maven.runtime_3.9.1600.20260522-0510\jars\maven-settings-builder-3.9.16.jar
2026-06-19 11:27:48,157 [Worker-72: Launching mavenrun-e1d2f97e-91db-4926-860c-8d4bc47195f2] INFO  o.eclipse.m2e.core.internal.Bundles - 	Entry: C:\Users\CVR\Downloads\eclipse-jee-2026-06-R-win32-x86_64\eclipse\plugins\org.eclipse.m2e.maven.runtime_3.9.1600.20260522-0510\jars\maven-shared-utils-3.4.2.jar
2026-06-19 11:27:48,158 [Worker-72: Launching mavenrun-e1d2f97e-91db-4926-860c-8d4bc47195f2] INFO  o.eclipse.m2e.core.internal.Bundles - 	Entry: C:\Users\CVR\Downloads\eclipse-jee-2026-06-R-win32-x86_64\eclipse\plugins\org.eclipse.m2e.maven.runtime_3.9.1600.20260522-0510\jars\org.eclipse.sisu.inject-1.0.0.jar
2026-06-19 11:27:48,158 [Worker-72: Launching mavenrun-e1d2f97e-91db-4926-860c-8d4bc47195f2] INFO  o.eclipse.m2e.core.internal.Bundles - 	Entry: C:\Users\CVR\Downloads\eclipse-jee-2026-06-R-win32-x86_64\eclipse\plugins\org.eclipse.m2e.maven.runtime_3.9.1600.20260522-0510\jars\org.eclipse.sisu.plexus-1.0.0.jar
2026-06-19 11:27:48,158 [Worker-72: Launching mavenrun-e1d2f97e-91db-4926-860c-8d4bc47195f2] INFO  o.eclipse.m2e.core.internal.Bundles - 	Entry: C:\Users\CVR\Downloads\eclipse-jee-2026-06-R-win32-x86_64\eclipse\plugins\org.eclipse.m2e.maven.runtime_3.9.1600.20260522-0510\jars\plexus-build-api-0.0.7.jar
2026-06-19 11:27:48,158 [Worker-72: Launching mavenrun-e1d2f97e-91db-4926-860c-8d4bc47195f2] INFO  o.eclipse.m2e.core.internal.Bundles - 	Entry: C:\Users\CVR\Downloads\eclipse-jee-2026-06-R-win32-x86_64\eclipse\plugins\org.eclipse.m2e.maven.runtime_3.9.1600.20260522-0510\jars\plexus-build-api-1.2.0.jar
2026-06-19 11:27:48,158 [Worker-72: Launching mavenrun-e1d2f97e-91db-4926-860c-8d4bc47195f2] INFO  o.eclipse.m2e.core.internal.Bundles - 	Entry: C:\Users\CVR\Downloads\eclipse-jee-2026-06-R-win32-x86_64\eclipse\plugins\org.eclipse.m2e.maven.runtime_3.9.1600.20260522-0510\jars\plexus-cipher-2.0.jar
2026-06-19 11:27:48,158 [Worker-72: Launching mavenrun-e1d2f97e-91db-4926-860c-8d4bc47195f2] INFO  o.eclipse.m2e.core.internal.Bundles - 	Entry: C:\Users\CVR\Downloads\eclipse-jee-2026-06-R-win32-x86_64\eclipse\plugins\org.eclipse.m2e.maven.runtime_3.9.1600.20260522-0510\jars\plexus-classworlds-2.11.0.jar
2026-06-19 11:27:48,158 [Worker-72: Launching mavenrun-e1d2f97e-91db-4926-860c-8d4bc47195f2] INFO  o.eclipse.m2e.core.internal.Bundles - 	Entry: C:\Users\CVR\Downloads\eclipse-jee-2026-06-R-win32-x86_64\eclipse\plugins\org.eclipse.m2e.maven.runtime_3.9.1600.20260522-0510\jars\plexus-component-annotations-2.2.0.jar
2026-06-19 11:27:48,158 [Worker-72: Launching mavenrun-e1d2f97e-91db-4926-860c-8d4bc47195f2] INFO  o.eclipse.m2e.core.internal.Bundles - 	Entry: C:\Users\CVR\Downloads\eclipse-jee-2026-06-R-win32-x86_64\eclipse\plugins\org.eclipse.m2e.maven.runtime_3.9.1600.20260522-0510\jars\plexus-interpolation-1.29.jar
2026-06-19 11:27:48,158 [Worker-72: Launching mavenrun-e1d2f97e-91db-4926-860c-8d4bc47195f2] INFO  o.eclipse.m2e.core.internal.Bundles - 	Entry: C:\Users\CVR\Downloads\eclipse-jee-2026-06-R-win32-x86_64\eclipse\plugins\org.eclipse.m2e.maven.runtime_3.9.1600.20260522-0510\jars\plexus-sec-dispatcher-2.0.jar
2026-06-19 11:27:48,158 [Worker-72: Launching mavenrun-e1d2f97e-91db-4926-860c-8d4bc47195f2] INFO  o.eclipse.m2e.core.internal.Bundles - 	Entry: C:\Users\CVR\Downloads\eclipse-jee-2026-06-R-win32-x86_64\eclipse\plugins\org.eclipse.m2e.maven.runtime_3.9.1600.20260522-0510\jars\plexus-utils-3.6.1.jar
2026-06-19 11:27:48,158 [Worker-72: Launching mavenrun-e1d2f97e-91db-4926-860c-8d4bc47195f2] INFO  o.eclipse.m2e.core.internal.Bundles - 	Entry: C:\Users\CVR\Downloads\eclipse-jee-2026-06-R-win32-x86_64\eclipse\plugins\org.eclipse.m2e.maven.runtime_3.9.1600.20260522-0510\jars\wagon-file-3.5.3.jar
2026-06-19 11:27:48,159 [Worker-72: Launching mavenrun-e1d2f97e-91db-4926-860c-8d4bc47195f2] INFO  o.eclipse.m2e.core.internal.Bundles - 	Entry: C:\Users\CVR\Downloads\eclipse-jee-2026-06-R-win32-x86_64\eclipse\plugins\org.eclipse.m2e.maven.runtime_3.9.1600.20260522-0510\jars\wagon-http-3.5.3.jar
2026-06-19 11:27:48,159 [Worker-72: Launching mavenrun-e1d2f97e-91db-4926-860c-8d4bc47195f2] INFO  o.eclipse.m2e.core.internal.Bundles - 	Entry: C:\Users\CVR\Downloads\eclipse-jee-2026-06-R-win32-x86_64\eclipse\plugins\org.eclipse.m2e.maven.runtime_3.9.1600.20260522-0510\jars\wagon-http-shared-3.5.3.jar
2026-06-19 11:27:48,159 [Worker-72: Launching mavenrun-e1d2f97e-91db-4926-860c-8d4bc47195f2] INFO  o.eclipse.m2e.core.internal.Bundles - 	Entry: C:\Users\CVR\Downloads\eclipse-jee-2026-06-R-win32-x86_64\eclipse\plugins\org.eclipse.m2e.maven.runtime_3.9.1600.20260522-0510\jars\wagon-provider-api-3.5.3.jar
2026-06-19 11:27:48,159 [Worker-72: Launching mavenrun-e1d2f97e-91db-4926-860c-8d4bc47195f2] INFO  o.eclipse.m2e.core.internal.Bundles - getClasspathEntries(Bundle=com.google.guava_33.6.0.jre [18])
2026-06-19 11:27:48,159 [Worker-72: Launching mavenrun-e1d2f97e-91db-4926-860c-8d4bc47195f2] INFO  o.eclipse.m2e.core.internal.Bundles - 	Entry: C:\Users\CVR\Downloads\eclipse-jee-2026-06-R-win32-x86_64\eclipse\plugins\com.google.guava_33.6.0.jre.jar
2026-06-19 11:27:48,159 [Worker-72: Launching mavenrun-e1d2f97e-91db-4926-860c-8d4bc47195f2] INFO  o.eclipse.m2e.core.internal.Bundles - getClasspathEntries(Bundle=slf4j.api_2.0.18 [1017])
2026-06-19 11:27:48,159 [Worker-72: Launching mavenrun-e1d2f97e-91db-4926-860c-8d4bc47195f2] INFO  o.eclipse.m2e.core.internal.Bundles - 	Entry: C:\Users\CVR\Downloads\eclipse-jee-2026-06-R-win32-x86_64\eclipse\plugins\slf4j.api_2.0.18.jar
2026-06-19 11:27:48,159 [Worker-72: Launching mavenrun-e1d2f97e-91db-4926-860c-8d4bc47195f2] INFO  o.eclipse.m2e.core.internal.Bundles - getClasspathEntries(Bundle=jakarta.inject.jakarta.inject-api_1.0.5 [35])
2026-06-19 11:27:48,160 [Worker-72: Launching mavenrun-e1d2f97e-91db-4926-860c-8d4bc47195f2] INFO  o.eclipse.m2e.core.internal.Bundles - 	Entry: C:\Users\CVR\Downloads\eclipse-jee-2026-06-R-win32-x86_64\eclipse\plugins\jakarta.inject.jakarta.inject-api_1.0.5.jar
2026-06-19 11:27:48,160 [Worker-72: Launching mavenrun-e1d2f97e-91db-4926-860c-8d4bc47195f2] INFO  o.eclipse.m2e.core.internal.Bundles - getClasspathEntries(Bundle=jakarta.annotation-api_1.3.5 [31])
2026-06-19 11:27:48,160 [Worker-72: Launching mavenrun-e1d2f97e-91db-4926-860c-8d4bc47195f2] INFO  o.eclipse.m2e.core.internal.Bundles - 	Entry: C:\Users\CVR\Downloads\eclipse-jee-2026-06-R-win32-x86_64\eclipse\plugins\jakarta.annotation-api_1.3.5.jar
2026-06-19 11:27:48,160 [Worker-72: Launching mavenrun-e1d2f97e-91db-4926-860c-8d4bc47195f2] INFO  o.eclipse.m2e.core.internal.Bundles - getClasspathEntries(Bundle=org.apache.commons.cli_1.11.0 [83])
2026-06-19 11:27:48,160 [Worker-72: Launching mavenrun-e1d2f97e-91db-4926-860c-8d4bc47195f2] INFO  o.eclipse.m2e.core.internal.Bundles - 	Entry: C:\Users\CVR\Downloads\eclipse-jee-2026-06-R-win32-x86_64\eclipse\plugins\org.apache.commons.cli_1.11.0.jar
2026-06-19 11:27:48,160 [Worker-72: Launching mavenrun-e1d2f97e-91db-4926-860c-8d4bc47195f2] INFO  o.eclipse.m2e.core.internal.Bundles - getClasspathEntries(Bundle=org.apache.commons.commons-codec_1.22.0 [85])
2026-06-19 11:27:48,160 [Worker-72: Launching mavenrun-e1d2f97e-91db-4926-860c-8d4bc47195f2] INFO  o.eclipse.m2e.core.internal.Bundles - 	Entry: C:\Users\CVR\Downloads\eclipse-jee-2026-06-R-win32-x86_64\eclipse\plugins\org.apache.commons.commons-codec_1.22.0.jar
2026-06-19 11:27:48,160 [Worker-72: Launching mavenrun-e1d2f97e-91db-4926-860c-8d4bc47195f2] INFO  o.eclipse.m2e.core.internal.Bundles - getClasspathEntries(Bundle=com.google.guava.failureaccess_1.0.3 [19])
2026-06-19 11:27:48,160 [Worker-72: Launching mavenrun-e1d2f97e-91db-4926-860c-8d4bc47195f2] INFO  o.eclipse.m2e.core.internal.Bundles - 	Entry: C:\Users\CVR\Downloads\eclipse-jee-2026-06-R-win32-x86_64\eclipse\plugins\com.google.guava.failureaccess_1.0.3.jar
2026-06-19 11:27:48,161 [Worker-72: Launching mavenrun-e1d2f97e-91db-4926-860c-8d4bc47195f2] INFO  o.e.m.i.launch.MavenLaunchDelegate - Run build in "C:\Users\CVR\AppData\Local\Temp\m2e-archetypeGenerator3901630198966143308":
2026-06-19 11:27:48,161 [Worker-72: Launching mavenrun-e1d2f97e-91db-4926-860c-8d4bc47195f2] INFO  o.e.m.i.launch.MavenLaunchDelegate -  mvn  -DarchetypeGroupId=org.apache.maven.archetypes -DarchetypeArtifactId=maven-archetype-quickstart -DarchetypeVersion=1.1 -DgroupId=cq -DartifactId=employee -Dversion=0.0.1-SNAPSHOT -Dpackage=cq.employee -DoutputDirectory=C:\Users\CVR\eclipse-workspace -Dstyle.color=always -U archetype:generate
2026-06-19 11:27:53,166 [Worker-73: Creating maven-archetype-quickstart] INFO  o.e.m.c.i.p.ProjectConfigurationManager - Collecting project info '/pom.xml' C:\Users\CVR\eclipse-workspace\employee\pom.xml
2026-06-19 11:27:53,201 [Worker-73: Creating maven-archetype-quickstart] INFO  o.e.m.c.i.l.LifecycleMappingFactory - Using org.eclipse.m2e.jdt.JarLifecycleMapping lifecycle mapping for MavenProject: cq:employee:0.0.1-SNAPSHOT @ C:\Users\CVR\eclipse-workspace\employee\pom.xml.
2026-06-19 11:27:53,652 [Worker-73: Creating maven-archetype-quickstart] INFO  o.e.m.j.i.AbstractJavaProjectConfigurator - Adding source folder /employee/src/main/java
2026-06-19 11:27:53,653 [Worker-73: Creating maven-archetype-quickstart] INFO  o.e.m.j.i.AbstractJavaProjectConfigurator - Adding resource folder /employee/src/main/resources
2026-06-19 11:27:53,655 [Worker-73: Creating maven-archetype-quickstart] INFO  o.e.m.j.i.AbstractJavaProjectConfigurator - Adding source folder /employee/src/test/java
2026-06-19 11:27:53,655 [Worker-73: Creating maven-archetype-quickstart] INFO  o.e.m.j.i.AbstractJavaProjectConfigurator - Adding resource folder /employee/src/test/resources
2026-06-19 11:27:53,681 [Worker-73: Creating maven-archetype-quickstart] WARN  o.apache.maven.project.MavenProject - Plugin is modifying compileSourceRoots through clear(), which will not work in Maven 4.0.0. Use MavenProject.addCompileSourceRoot()/removeCompileSourceRoot() methods instead. If using a plugin, please upgrade to the latest version or report the issue to the plugin maintainer. To disable these warnings, set -Dmaven.project.sourceRoots.warningsDisabled=true on the command line, in the .mvn/maven.config file, or in project POM properties.
2026-06-19 11:27:53,682 [Worker-73: Creating maven-archetype-quickstart] WARN  o.apache.maven.project.MavenProject - Plugin is modifying compileSourceRoots through add(), which will not work in Maven 4.0.0. Use MavenProject.addCompileSourceRoot()/removeCompileSourceRoot() methods instead. If using a plugin, please upgrade to the latest version or report the issue to the plugin maintainer. To disable these warnings, set -Dmaven.project.sourceRoots.warningsDisabled=true on the command line, in the .mvn/maven.config file, or in project POM properties.
2026-06-19 11:27:53,682 [Worker-73: Creating maven-archetype-quickstart] WARN  o.apache.maven.project.MavenProject - Plugin is modifying testCompileSourceRoots through clear(), which will not work in Maven 4.0.0. Use MavenProject.addTestCompileSourceRoot()/removeTestCompileSourceRoot() methods instead. If using a plugin, please upgrade to the latest version or report the issue to the plugin maintainer. To disable these warnings, set -Dmaven.project.sourceRoots.warningsDisabled=true on the command line, in the .mvn/maven.config file, or in project POM properties.
2026-06-19 11:27:53,682 [Worker-73: Creating maven-archetype-quickstart] WARN  o.apache.maven.project.MavenProject - Plugin is modifying testCompileSourceRoots through add(), which will not work in Maven 4.0.0. Use MavenProject.addTestCompileSourceRoot()/removeTestCompileSourceRoot() methods instead. If using a plugin, please upgrade to the latest version or report the issue to the plugin maintainer. To disable these warnings, set -Dmaven.project.sourceRoots.warningsDisabled=true on the command line, in the .mvn/maven.config file, or in project POM properties.
2026-06-19 11:27:53,686 [Worker-73: Creating maven-archetype-quickstart] INFO  o.e.m.c.i.p.ProjectConfigurationManager - Imported and configured 1 project(s) in 0 sec
2026-06-19 11:27:53,864 [Worker-73: Building] INFO  o.a.m.s.f.DefaultMavenResourcesFiltering - skip non existing resourceDirectory C:\Users\CVR\eclipse-workspace\employee\src\main\resources
2026-06-19 11:27:53,865 [Worker-73: Building] INFO  o.a.m.s.f.DefaultMavenResourcesFiltering - skip non existing resourceDirectory C:\Users\CVR\eclipse-workspace\employee\src\test\resources
2026-06-19 11:27:53,870 [Worker-73: Building] WARN  o.apache.maven.project.MavenProject - Plugin is modifying compileSourceRoots through clear(), which will not work in Maven 4.0.0. Use MavenProject.addCompileSourceRoot()/removeCompileSourceRoot() methods instead. If using a plugin, please upgrade to the latest version or report the issue to the plugin maintainer. To disable these warnings, set -Dmaven.project.sourceRoots.warningsDisabled=true on the command line, in the .mvn/maven.config file, or in project POM properties.
2026-06-19 11:27:53,871 [Worker-73: Building] WARN  o.apache.maven.project.MavenProject - Plugin is modifying compileSourceRoots through add(), which will not work in Maven 4.0.0. Use MavenProject.addCompileSourceRoot()/removeCompileSourceRoot() methods instead. If using a plugin, please upgrade to the latest version or report the issue to the plugin maintainer. To disable these warnings, set -Dmaven.project.sourceRoots.warningsDisabled=true on the command line, in the .mvn/maven.config file, or in project POM properties.
2026-06-19 11:27:53,871 [Worker-73: Building] WARN  o.apache.maven.project.MavenProject - Plugin is modifying testCompileSourceRoots through clear(), which will not work in Maven 4.0.0. Use MavenProject.addTestCompileSourceRoot()/removeTestCompileSourceRoot() methods instead. If using a plugin, please upgrade to the latest version or report the issue to the plugin maintainer. To disable these warnings, set -Dmaven.project.sourceRoots.warningsDisabled=true on the command line, in the .mvn/maven.config file, or in project POM properties.
2026-06-19 11:27:53,871 [Worker-73: Building] WARN  o.apache.maven.project.MavenProject - Plugin is modifying testCompileSourceRoots through add(), which will not work in Maven 4.0.0. Use MavenProject.addTestCompileSourceRoot()/removeTestCompileSourceRoot() methods instead. If using a plugin, please upgrade to the latest version or report the issue to the plugin maintainer. To disable these warnings, set -Dmaven.project.sourceRoots.warningsDisabled=true on the command line, in the .mvn/maven.config file, or in project POM properties.
2026-06-19 11:28:24,207 [Worker-78: Building] INFO  o.a.m.s.f.DefaultMavenResourcesFiltering - Copying 0 resource from src\main\resources to target\classes
2026-06-19 11:28:24,208 [Worker-78: Building] INFO  o.a.m.s.f.DefaultMavenResourcesFiltering - Copying 0 resource from src\test\resources to target\test-classes
2026-06-19 11:28:24,213 [Worker-78: Building] WARN  o.apache.maven.project.MavenProject - Plugin is modifying compileSourceRoots through clear(), which will not work in Maven 4.0.0. Use MavenProject.addCompileSourceRoot()/removeCompileSourceRoot() methods instead. If using a plugin, please upgrade to the latest version or report the issue to the plugin maintainer. To disable these warnings, set -Dmaven.project.sourceRoots.warningsDisabled=true on the command line, in the .mvn/maven.config file, or in project POM properties.
2026-06-19 11:28:24,213 [Worker-78: Building] WARN  o.apache.maven.project.MavenProject - Plugin is modifying compileSourceRoots through add(), which will not work in Maven 4.0.0. Use MavenProject.addCompileSourceRoot()/removeCompileSourceRoot() methods instead. If using a plugin, please upgrade to the latest version or report the issue to the plugin maintainer. To disable these warnings, set -Dmaven.project.sourceRoots.warningsDisabled=true on the command line, in the .mvn/maven.config file, or in project POM properties.
2026-06-19 11:28:24,213 [Worker-78: Building] WARN  o.apache.maven.project.MavenProject - Plugin is modifying testCompileSourceRoots through clear(), which will not work in Maven 4.0.0. Use MavenProject.addTestCompileSourceRoot()/removeTestCompileSourceRoot() methods instead. If using a plugin, please upgrade to the latest version or report the issue to the plugin maintainer. To disable these warnings, set -Dmaven.project.sourceRoots.warningsDisabled=true on the command line, in the .mvn/maven.config file, or in project POM properties.
2026-06-19 11:28:24,214 [Worker-78: Building] WARN  o.apache.maven.project.MavenProject - Plugin is modifying testCompileSourceRoots through add(), which will not work in Maven 4.0.0. Use MavenProject.addTestCompileSourceRoot()/removeTestCompileSourceRoot() methods instead. If using a plugin, please upgrade to the latest version or report the issue to the plugin maintainer. To disable these warnings, set -Dmaven.project.sourceRoots.warningsDisabled=true on the command line, in the .mvn/maven.config file, or in project POM properties.
2026-06-19 11:28:47,761 [Worker-72: Building] INFO  o.a.m.s.f.DefaultMavenResourcesFiltering - Copying 1 resource from src\main\resources to target\classes
2026-06-19 11:28:47,763 [Worker-72: Building] INFO  o.a.m.s.f.DefaultMavenResourcesFiltering - Copying 0 resource from src\test\resources to target\test-classes
2026-06-19 11:28:47,764 [Worker-72: Building] WARN  o.apache.maven.project.MavenProject - Plugin is modifying compileSourceRoots through clear(), which will not work in Maven 4.0.0. Use MavenProject.addCompileSourceRoot()/removeCompileSourceRoot() methods instead. If using a plugin, please upgrade to the latest version or report the issue to the plugin maintainer. To disable these warnings, set -Dmaven.project.sourceRoots.warningsDisabled=true on the command line, in the .mvn/maven.config file, or in project POM properties.
2026-06-19 11:28:47,764 [Worker-72: Building] WARN  o.apache.maven.project.MavenProject - Plugin is modifying compileSourceRoots through add(), which will not work in Maven 4.0.0. Use MavenProject.addCompileSourceRoot()/removeCompileSourceRoot() methods instead. If using a plugin, please upgrade to the latest version or report the issue to the plugin maintainer. To disable these warnings, set -Dmaven.project.sourceRoots.warningsDisabled=true on the command line, in the .mvn/maven.config file, or in project POM properties.
2026-06-19 11:28:47,764 [Worker-72: Building] WARN  o.apache.maven.project.MavenProject - Plugin is modifying testCompileSourceRoots through clear(), which will not work in Maven 4.0.0. Use MavenProject.addTestCompileSourceRoot()/removeTestCompileSourceRoot() methods instead. If using a plugin, please upgrade to the latest version or report the issue to the plugin maintainer. To disable these warnings, set -Dmaven.project.sourceRoots.warningsDisabled=true on the command line, in the .mvn/maven.config file, or in project POM properties.
2026-06-19 11:28:47,765 [Worker-72: Building] WARN  o.apache.maven.project.MavenProject - Plugin is modifying testCompileSourceRoots through add(), which will not work in Maven 4.0.0. Use MavenProject.addTestCompileSourceRoot()/removeTestCompileSourceRoot() methods instead. If using a plugin, please upgrade to the latest version or report the issue to the plugin maintainer. To disable these warnings, set -Dmaven.project.sourceRoots.warningsDisabled=true on the command line, in the .mvn/maven.config file, or in project POM properties.
2026-06-19 11:29:05,258 [Worker-66: Building] INFO  o.a.m.s.f.DefaultMavenResourcesFiltering - Copying 0 resource from src\main\resources to target\classes
2026-06-19 11:29:05,260 [Worker-66: Building] INFO  o.a.m.s.f.DefaultMavenResourcesFiltering - Copying 0 resource from src\test\resources to target\test-classes
2026-06-19 11:29:05,260 [Worker-66: Building] WARN  o.apache.maven.project.MavenProject - Plugin is modifying compileSourceRoots through clear(), which will not work in Maven 4.0.0. Use MavenProject.addCompileSourceRoot()/removeCompileSourceRoot() methods instead. If using a plugin, please upgrade to the latest version or report the issue to the plugin maintainer. To disable these warnings, set -Dmaven.project.sourceRoots.warningsDisabled=true on the command line, in the .mvn/maven.config file, or in project POM properties.
2026-06-19 11:29:05,261 [Worker-66: Building] WARN  o.apache.maven.project.MavenProject - Plugin is modifying compileSourceRoots through add(), which will not work in Maven 4.0.0. Use MavenProject.addCompileSourceRoot()/removeCompileSourceRoot() methods instead. If using a plugin, please upgrade to the latest version or report the issue to the plugin maintainer. To disable these warnings, set -Dmaven.project.sourceRoots.warningsDisabled=true on the command line, in the .mvn/maven.config file, or in project POM properties.
2026-06-19 11:29:05,261 [Worker-66: Building] WARN  o.apache.maven.project.MavenProject - Plugin is modifying testCompileSourceRoots through clear(), which will not work in Maven 4.0.0. Use MavenProject.addTestCompileSourceRoot()/removeTestCompileSourceRoot() methods instead. If using a plugin, please upgrade to the latest version or report the issue to the plugin maintainer. To disable these warnings, set -Dmaven.project.sourceRoots.warningsDisabled=true on the command line, in the .mvn/maven.config file, or in project POM properties.
2026-06-19 11:29:05,261 [Worker-66: Building] WARN  o.apache.maven.project.MavenProject - Plugin is modifying testCompileSourceRoots through add(), which will not work in Maven 4.0.0. Use MavenProject.addTestCompileSourceRoot()/removeTestCompileSourceRoot() methods instead. If using a plugin, please upgrade to the latest version or report the issue to the plugin maintainer. To disable these warnings, set -Dmaven.project.sourceRoots.warningsDisabled=true on the command line, in the .mvn/maven.config file, or in project POM properties.
2026-06-19 11:29:22,571 [Worker-78: Building] INFO  o.a.m.s.f.DefaultMavenResourcesFiltering - Copying 0 resource from src\main\resources to target\classes
2026-06-19 11:29:22,572 [Worker-78: Building] INFO  o.a.m.s.f.DefaultMavenResourcesFiltering - Copying 0 resource from src\test\resources to target\test-classes
2026-06-19 11:29:22,572 [Worker-78: Building] WARN  o.apache.maven.project.MavenProject - Plugin is modifying compileSourceRoots through clear(), which will not work in Maven 4.0.0. Use MavenProject.addCompileSourceRoot()/removeCompileSourceRoot() methods instead. If using a plugin, please upgrade to the latest version or report the issue to the plugin maintainer. To disable these warnings, set -Dmaven.project.sourceRoots.warningsDisabled=true on the command line, in the .mvn/maven.config file, or in project POM properties.
2026-06-19 11:29:22,572 [Worker-78: Building] WARN  o.apache.maven.project.MavenProject - Plugin is modifying compileSourceRoots through add(), which will not work in Maven 4.0.0. Use MavenProject.addCompileSourceRoot()/removeCompileSourceRoot() methods instead. If using a plugin, please upgrade to the latest version or report the issue to the plugin maintainer. To disable these warnings, set -Dmaven.project.sourceRoots.warningsDisabled=true on the command line, in the .mvn/maven.config file, or in project POM properties.
2026-06-19 11:29:22,572 [Worker-78: Building] WARN  o.apache.maven.project.MavenProject - Plugin is modifying testCompileSourceRoots through clear(), which will not work in Maven 4.0.0. Use MavenProject.addTestCompileSourceRoot()/removeTestCompileSourceRoot() methods instead. If using a plugin, please upgrade to the latest version or report the issue to the plugin maintainer. To disable these warnings, set -Dmaven.project.sourceRoots.warningsDisabled=true on the command line, in the .mvn/maven.config file, or in project POM properties.
2026-06-19 11:29:22,573 [Worker-78: Building] WARN  o.apache.maven.project.MavenProject - Plugin is modifying testCompileSourceRoots through add(), which will not work in Maven 4.0.0. Use MavenProject.addTestCompileSourceRoot()/removeTestCompileSourceRoot() methods instead. If using a plugin, please upgrade to the latest version or report the issue to the plugin maintainer. To disable these warnings, set -Dmaven.project.sourceRoots.warningsDisabled=true on the command line, in the .mvn/maven.config file, or in project POM properties.
2026-06-19 11:32:24,364 [Worker-73: Building] INFO  o.a.m.s.f.DefaultMavenResourcesFiltering - Copying 1 resource from src\main\resources to target\classes
2026-06-19 11:32:24,365 [Worker-73: Building] INFO  o.a.m.s.f.DefaultMavenResourcesFiltering - Copying 0 resource from src\test\resources to target\test-classes
2026-06-19 11:32:24,368 [Worker-73: Building] WARN  o.apache.maven.project.MavenProject - Plugin is modifying compileSourceRoots through clear(), which will not work in Maven 4.0.0. Use MavenProject.addCompileSourceRoot()/removeCompileSourceRoot() methods instead. If using a plugin, please upgrade to the latest version or report the issue to the plugin maintainer. To disable these warnings, set -Dmaven.project.sourceRoots.warningsDisabled=true on the command line, in the .mvn/maven.config file, or in project POM properties.
2026-06-19 11:32:24,369 [Worker-73: Building] WARN  o.apache.maven.project.MavenProject - Plugin is modifying compileSourceRoots through add(), which will not work in Maven 4.0.0. Use MavenProject.addCompileSourceRoot()/removeCompileSourceRoot() methods instead. If using a plugin, please upgrade to the latest version or report the issue to the plugin maintainer. To disable these warnings, set -Dmaven.project.sourceRoots.warningsDisabled=true on the command line, in the .mvn/maven.config file, or in project POM properties.
2026-06-19 11:32:24,369 [Worker-73: Building] WARN  o.apache.maven.project.MavenProject - Plugin is modifying testCompileSourceRoots through clear(), which will not work in Maven 4.0.0. Use MavenProject.addTestCompileSourceRoot()/removeTestCompileSourceRoot() methods instead. If using a plugin, please upgrade to the latest version or report the issue to the plugin maintainer. To disable these warnings, set -Dmaven.project.sourceRoots.warningsDisabled=true on the command line, in the .mvn/maven.config file, or in project POM properties.
2026-06-19 11:32:24,369 [Worker-73: Building] WARN  o.apache.maven.project.MavenProject - Plugin is modifying testCompileSourceRoots through add(), which will not work in Maven 4.0.0. Use MavenProject.addTestCompileSourceRoot()/removeTestCompileSourceRoot() methods instead. If using a plugin, please upgrade to the latest version or report the issue to the plugin maintainer. To disable these warnings, set -Dmaven.project.sourceRoots.warningsDisabled=true on the command line, in the .mvn/maven.config file, or in project POM properties.
2026-06-19 11:32:46,857 [Worker-76: Building] INFO  o.a.m.s.f.DefaultMavenResourcesFiltering - Copying 0 resource from src\main\resources to target\classes
2026-06-19 11:32:46,861 [Worker-76: Building] INFO  o.a.m.s.f.DefaultMavenResourcesFiltering - Copying 0 resource from src\test\resources to target\test-classes
2026-06-19 11:32:46,861 [Worker-76: Building] WARN  o.apache.maven.project.MavenProject - Plugin is modifying compileSourceRoots through clear(), which will not work in Maven 4.0.0. Use MavenProject.addCompileSourceRoot()/removeCompileSourceRoot() methods instead. If using a plugin, please upgrade to the latest version or report the issue to the plugin maintainer. To disable these warnings, set -Dmaven.project.sourceRoots.warningsDisabled=true on the command line, in the .mvn/maven.config file, or in project POM properties.
2026-06-19 11:32:46,861 [Worker-76: Building] WARN  o.apache.maven.project.MavenProject - Plugin is modifying compileSourceRoots through add(), which will not work in Maven 4.0.0. Use MavenProject.addCompileSourceRoot()/removeCompileSourceRoot() methods instead. If using a plugin, please upgrade to the latest version or report the issue to the plugin maintainer. To disable these warnings, set -Dmaven.project.sourceRoots.warningsDisabled=true on the command line, in the .mvn/maven.config file, or in project POM properties.
2026-06-19 11:32:46,862 [Worker-76: Building] WARN  o.apache.maven.project.MavenProject - Plugin is modifying testCompileSourceRoots through clear(), which will not work in Maven 4.0.0. Use MavenProject.addTestCompileSourceRoot()/removeTestCompileSourceRoot() methods instead. If using a plugin, please upgrade to the latest version or report the issue to the plugin maintainer. To disable these warnings, set -Dmaven.project.sourceRoots.warningsDisabled=true on the command line, in the .mvn/maven.config file, or in project POM properties.
2026-06-19 11:32:46,862 [Worker-76: Building] WARN  o.apache.maven.project.MavenProject - Plugin is modifying testCompileSourceRoots through add(), which will not work in Maven 4.0.0. Use MavenProject.addTestCompileSourceRoot()/removeTestCompileSourceRoot() methods instead. If using a plugin, please upgrade to the latest version or report the issue to the plugin maintainer. To disable these warnings, set -Dmaven.project.sourceRoots.warningsDisabled=true on the command line, in the .mvn/maven.config file, or in project POM properties.
2026-06-19 11:32:58,874 [Worker-76: Building] INFO  o.a.m.s.f.DefaultMavenResourcesFiltering - Copying 0 resource from src\main\resources to target\classes
2026-06-19 11:32:58,876 [Worker-76: Building] INFO  o.a.m.s.f.DefaultMavenResourcesFiltering - Copying 0 resource from src\test\resources to target\test-classes
2026-06-19 11:32:58,876 [Worker-76: Building] WARN  o.apache.maven.project.MavenProject - Plugin is modifying compileSourceRoots through clear(), which will not work in Maven 4.0.0. Use MavenProject.addCompileSourceRoot()/removeCompileSourceRoot() methods instead. If using a plugin, please upgrade to the latest version or report the issue to the plugin maintainer. To disable these warnings, set -Dmaven.project.sourceRoots.warningsDisabled=true on the command line, in the .mvn/maven.config file, or in project POM properties.
2026-06-19 11:32:58,877 [Worker-76: Building] WARN  o.apache.maven.project.MavenProject - Plugin is modifying compileSourceRoots through add(), which will not work in Maven 4.0.0. Use MavenProject.addCompileSourceRoot()/removeCompileSourceRoot() methods instead. If using a plugin, please upgrade to the latest version or report the issue to the plugin maintainer. To disable these warnings, set -Dmaven.project.sourceRoots.warningsDisabled=true on the command line, in the .mvn/maven.config file, or in project POM properties.
2026-06-19 11:32:58,877 [Worker-76: Building] WARN  o.apache.maven.project.MavenProject - Plugin is modifying testCompileSourceRoots through clear(), which will not work in Maven 4.0.0. Use MavenProject.addTestCompileSourceRoot()/removeTestCompileSourceRoot() methods instead. If using a plugin, please upgrade to the latest version or report the issue to the plugin maintainer. To disable these warnings, set -Dmaven.project.sourceRoots.warningsDisabled=true on the command line, in the .mvn/maven.config file, or in project POM properties.
2026-06-19 11:32:58,877 [Worker-76: Building] WARN  o.apache.maven.project.MavenProject - Plugin is modifying testCompileSourceRoots through add(), which will not work in Maven 4.0.0. Use MavenProject.addTestCompileSourceRoot()/removeTestCompileSourceRoot() methods instead. If using a plugin, please upgrade to the latest version or report the issue to the plugin maintainer. To disable these warnings, set -Dmaven.project.sourceRoots.warningsDisabled=true on the command line, in the .mvn/maven.config file, or in project POM properties.
2026-06-19 11:33:11,565 [Worker-73: Building] INFO  o.a.m.s.f.DefaultMavenResourcesFiltering - Copying 0 resource from src\main\resources to target\classes
2026-06-19 11:33:11,566 [Worker-73: Building] INFO  o.a.m.s.f.DefaultMavenResourcesFiltering - Copying 0 resource from src\test\resources to target\test-classes
2026-06-19 11:33:11,566 [Worker-73: Building] WARN  o.apache.maven.project.MavenProject - Plugin is modifying compileSourceRoots through clear(), which will not work in Maven 4.0.0. Use MavenProject.addCompileSourceRoot()/removeCompileSourceRoot() methods instead. If using a plugin, please upgrade to the latest version or report the issue to the plugin maintainer. To disable these warnings, set -Dmaven.project.sourceRoots.warningsDisabled=true on the command line, in the .mvn/maven.config file, or in project POM properties.
2026-06-19 11:33:11,567 [Worker-73: Building] WARN  o.apache.maven.project.MavenProject - Plugin is modifying compileSourceRoots through add(), which will not work in Maven 4.0.0. Use MavenProject.addCompileSourceRoot()/removeCompileSourceRoot() methods instead. If using a plugin, please upgrade to the latest version or report the issue to the plugin maintainer. To disable these warnings, set -Dmaven.project.sourceRoots.warningsDisabled=true on the command line, in the .mvn/maven.config file, or in project POM properties.
2026-06-19 11:33:11,567 [Worker-73: Building] WARN  o.apache.maven.project.MavenProject - Plugin is modifying testCompileSourceRoots through clear(), which will not work in Maven 4.0.0. Use MavenProject.addTestCompileSourceRoot()/removeTestCompileSourceRoot() methods instead. If using a plugin, please upgrade to the latest version or report the issue to the plugin maintainer. To disable these warnings, set -Dmaven.project.sourceRoots.warningsDisabled=true on the command line, in the .mvn/maven.config file, or in project POM properties.
2026-06-19 11:33:11,567 [Worker-73: Building] WARN  o.apache.maven.project.MavenProject - Plugin is modifying testCompileSourceRoots through add(), which will not work in Maven 4.0.0. Use MavenProject.addTestCompileSourceRoot()/removeTestCompileSourceRoot() methods instead. If using a plugin, please upgrade to the latest version or report the issue to the plugin maintainer. To disable these warnings, set -Dmaven.project.sourceRoots.warningsDisabled=true on the command line, in the .mvn/maven.config file, or in project POM properties.
2026-06-19 11:33:37,204 [Worker-73: Building] INFO  o.e.m.c.i.l.LifecycleMappingFactory - Using org.eclipse.m2e.jdt.JarLifecycleMapping lifecycle mapping for MavenProject: cq:employee:0.0.1-SNAPSHOT @ C:\Users\CVR\eclipse-workspace\employee\pom.xml.
2026-06-19 11:33:37,263 [Worker-73: Building] WARN  o.e.m.c.i.embedder.EclipseLogger - The artifact mysql:mysql-connector-java:jar:8.0.33 has been relocated to com.mysql:mysql-connector-j:jar:8.0.33: MySQL Connector/J artifacts moved to reverse-DNS compliant Maven 2+ coordinates.
2026-06-19 11:33:37,264 [Worker-73: Building] WARN  o.e.m.c.i.embedder.EclipseLogger - The artifact org.hibernate:hibernate-core:jar:7.4.1.Final has been relocated to org.hibernate.orm:hibernate-core:jar:7.4.1.Final
2026-06-19 11:33:37,300 [Worker-73: Building] INFO  o.a.m.s.f.DefaultMavenResourcesFiltering - Copying 0 resource from src\main\resources to target\classes
2026-06-19 11:33:37,302 [Worker-73: Building] INFO  o.a.m.s.f.DefaultMavenResourcesFiltering - Copying 0 resource from src\test\resources to target\test-classes
2026-06-19 11:33:37,307 [Worker-73: Building] WARN  o.apache.maven.project.MavenProject - Plugin is modifying compileSourceRoots through clear(), which will not work in Maven 4.0.0. Use MavenProject.addCompileSourceRoot()/removeCompileSourceRoot() methods instead. If using a plugin, please upgrade to the latest version or report the issue to the plugin maintainer. To disable these warnings, set -Dmaven.project.sourceRoots.warningsDisabled=true on the command line, in the .mvn/maven.config file, or in project POM properties.
2026-06-19 11:33:37,307 [Worker-73: Building] WARN  o.apache.maven.project.MavenProject - Plugin is modifying compileSourceRoots through add(), which will not work in Maven 4.0.0. Use MavenProject.addCompileSourceRoot()/removeCompileSourceRoot() methods instead. If using a plugin, please upgrade to the latest version or report the issue to the plugin maintainer. To disable these warnings, set -Dmaven.project.sourceRoots.warningsDisabled=true on the command line, in the .mvn/maven.config file, or in project POM properties.
2026-06-19 11:33:37,307 [Worker-73: Building] WARN  o.apache.maven.project.MavenProject - Plugin is modifying testCompileSourceRoots through clear(), which will not work in Maven 4.0.0. Use MavenProject.addTestCompileSourceRoot()/removeTestCompileSourceRoot() methods instead. If using a plugin, please upgrade to the latest version or report the issue to the plugin maintainer. To disable these warnings, set -Dmaven.project.sourceRoots.warningsDisabled=true on the command line, in the .mvn/maven.config file, or in project POM properties.
2026-06-19 11:33:37,308 [Worker-73: Building] WARN  o.apache.maven.project.MavenProject - Plugin is modifying testCompileSourceRoots through add(), which will not work in Maven 4.0.0. Use MavenProject.addTestCompileSourceRoot()/removeTestCompileSourceRoot() methods instead. If using a plugin, please upgrade to the latest version or report the issue to the plugin maintainer. To disable these warnings, set -Dmaven.project.sourceRoots.warningsDisabled=true on the command line, in the .mvn/maven.config file, or in project POM properties.
2026-06-19 11:33:38,555 [Worker-76: Building] INFO  o.a.m.s.f.DefaultMavenResourcesFiltering - Copying 1 resource from src\main\resources to target\classes
2026-06-19 11:33:38,557 [Worker-76: Building] INFO  o.a.m.s.f.DefaultMavenResourcesFiltering - Copying 0 resource from src\test\resources to target\test-classes
2026-06-19 11:33:38,561 [Worker-76: Building] WARN  o.apache.maven.project.MavenProject - Plugin is modifying compileSourceRoots through clear(), which will not work in Maven 4.0.0. Use MavenProject.addCompileSourceRoot()/removeCompileSourceRoot() methods instead. If using a plugin, please upgrade to the latest version or report the issue to the plugin maintainer. To disable these warnings, set -Dmaven.project.sourceRoots.warningsDisabled=true on the command line, in the .mvn/maven.config file, or in project POM properties.
2026-06-19 11:33:38,562 [Worker-76: Building] WARN  o.apache.maven.project.MavenProject - Plugin is modifying compileSourceRoots through add(), which will not work in Maven 4.0.0. Use MavenProject.addCompileSourceRoot()/removeCompileSourceRoot() methods instead. If using a plugin, please upgrade to the latest version or report the issue to the plugin maintainer. To disable these warnings, set -Dmaven.project.sourceRoots.warningsDisabled=true on the command line, in the .mvn/maven.config file, or in project POM properties.
2026-06-19 11:33:38,562 [Worker-76: Building] WARN  o.apache.maven.project.MavenProject - Plugin is modifying testCompileSourceRoots through clear(), which will not work in Maven 4.0.0. Use MavenProject.addTestCompileSourceRoot()/removeTestCompileSourceRoot() methods instead. If using a plugin, please upgrade to the latest version or report the issue to the plugin maintainer. To disable these warnings, set -Dmaven.project.sourceRoots.warningsDisabled=true on the command line, in the .mvn/maven.config file, or in project POM properties.
2026-06-19 11:33:38,562 [Worker-76: Building] WARN  o.apache.maven.project.MavenProject - Plugin is modifying testCompileSourceRoots through add(), which will not work in Maven 4.0.0. Use MavenProject.addTestCompileSourceRoot()/removeTestCompileSourceRoot() methods instead. If using a plugin, please upgrade to the latest version or report the issue to the plugin maintainer. To disable these warnings, set -Dmaven.project.sourceRoots.warningsDisabled=true on the command line, in the .mvn/maven.config file, or in project POM properties.
2026-06-19 11:34:34,711 [Worker-83: Building] INFO  o.a.m.s.f.DefaultMavenResourcesFiltering - Copying 1 resource from src\main\resources to target\classes
2026-06-19 11:34:34,717 [Worker-83: Building] INFO  o.a.m.s.f.DefaultMavenResourcesFiltering - Copying 0 resource from src\test\resources to target\test-classes
2026-06-19 11:34:34,717 [Worker-83: Building] WARN  o.apache.maven.project.MavenProject - Plugin is modifying compileSourceRoots through clear(), which will not work in Maven 4.0.0. Use MavenProject.addCompileSourceRoot()/removeCompileSourceRoot() methods instead. If using a plugin, please upgrade to the latest version or report the issue to the plugin maintainer. To disable these warnings, set -Dmaven.project.sourceRoots.warningsDisabled=true on the command line, in the .mvn/maven.config file, or in project POM properties.
2026-06-19 11:34:34,718 [Worker-83: Building] WARN  o.apache.maven.project.MavenProject - Plugin is modifying compileSourceRoots through add(), which will not work in Maven 4.0.0. Use MavenProject.addCompileSourceRoot()/removeCompileSourceRoot() methods instead. If using a plugin, please upgrade to the latest version or report the issue to the plugin maintainer. To disable these warnings, set -Dmaven.project.sourceRoots.warningsDisabled=true on the command line, in the .mvn/maven.config file, or in project POM properties.
2026-06-19 11:34:34,718 [Worker-83: Building] WARN  o.apache.maven.project.MavenProject - Plugin is modifying testCompileSourceRoots through clear(), which will not work in Maven 4.0.0. Use MavenProject.addTestCompileSourceRoot()/removeTestCompileSourceRoot() methods instead. If using a plugin, please upgrade to the latest version or report the issue to the plugin maintainer. To disable these warnings, set -Dmaven.project.sourceRoots.warningsDisabled=true on the command line, in the .mvn/maven.config file, or in project POM properties.
2026-06-19 11:34:34,718 [Worker-83: Building] WARN  o.apache.maven.project.MavenProject - Plugin is modifying testCompileSourceRoots through add(), which will not work in Maven 4.0.0. Use MavenProject.addTestCompileSourceRoot()/removeTestCompileSourceRoot() methods instead. If using a plugin, please upgrade to the latest version or report the issue to the plugin maintainer. To disable these warnings, set -Dmaven.project.sourceRoots.warningsDisabled=true on the command line, in the .mvn/maven.config file, or in project POM properties.
2026-06-19 11:34:54,165 [Worker-73: Building] INFO  o.a.m.s.f.DefaultMavenResourcesFiltering - Copying 1 resource from src\main\resources to target\classes
2026-06-19 11:34:54,167 [Worker-73: Building] INFO  o.a.m.s.f.DefaultMavenResourcesFiltering - Copying 0 resource from src\test\resources to target\test-classes
2026-06-19 11:34:54,167 [Worker-73: Building] WARN  o.apache.maven.project.MavenProject - Plugin is modifying compileSourceRoots through clear(), which will not work in Maven 4.0.0. Use MavenProject.addCompileSourceRoot()/removeCompileSourceRoot() methods instead. If using a plugin, please upgrade to the latest version or report the issue to the plugin maintainer. To disable these warnings, set -Dmaven.project.sourceRoots.warningsDisabled=true on the command line, in the .mvn/maven.config file, or in project POM properties.
2026-06-19 11:34:54,167 [Worker-73: Building] WARN  o.apache.maven.project.MavenProject - Plugin is modifying compileSourceRoots through add(), which will not work in Maven 4.0.0. Use MavenProject.addCompileSourceRoot()/removeCompileSourceRoot() methods instead. If using a plugin, please upgrade to the latest version or report the issue to the plugin maintainer. To disable these warnings, set -Dmaven.project.sourceRoots.warningsDisabled=true on the command line, in the .mvn/maven.config file, or in project POM properties.
2026-06-19 11:34:54,168 [Worker-73: Building] WARN  o.apache.maven.project.MavenProject - Plugin is modifying testCompileSourceRoots through clear(), which will not work in Maven 4.0.0. Use MavenProject.addTestCompileSourceRoot()/removeTestCompileSourceRoot() methods instead. If using a plugin, please upgrade to the latest version or report the issue to the plugin maintainer. To disable these warnings, set -Dmaven.project.sourceRoots.warningsDisabled=true on the command line, in the .mvn/maven.config file, or in project POM properties.
2026-06-19 11:34:54,168 [Worker-73: Building] WARN  o.apache.maven.project.MavenProject - Plugin is modifying testCompileSourceRoots through add(), which will not work in Maven 4.0.0. Use MavenProject.addTestCompileSourceRoot()/removeTestCompileSourceRoot() methods instead. If using a plugin, please upgrade to the latest version or report the issue to the plugin maintainer. To disable these warnings, set -Dmaven.project.sourceRoots.warningsDisabled=true on the command line, in the .mvn/maven.config file, or in project POM properties.
2026-06-19 11:35:15,921 [Worker-81: Building] INFO  o.a.m.s.f.DefaultMavenResourcesFiltering - Copying 0 resource from src\main\resources to target\classes
2026-06-19 11:35:15,922 [Worker-81: Building] INFO  o.a.m.s.f.DefaultMavenResourcesFiltering - Copying 0 resource from src\test\resources to target\test-classes
2026-06-19 11:35:15,922 [Worker-81: Building] WARN  o.apache.maven.project.MavenProject - Plugin is modifying compileSourceRoots through clear(), which will not work in Maven 4.0.0. Use MavenProject.addCompileSourceRoot()/removeCompileSourceRoot() methods instead. If using a plugin, please upgrade to the latest version or report the issue to the plugin maintainer. To disable these warnings, set -Dmaven.project.sourceRoots.warningsDisabled=true on the command line, in the .mvn/maven.config file, or in project POM properties.
2026-06-19 11:35:15,923 [Worker-81: Building] WARN  o.apache.maven.project.MavenProject - Plugin is modifying compileSourceRoots through add(), which will not work in Maven 4.0.0. Use MavenProject.addCompileSourceRoot()/removeCompileSourceRoot() methods instead. If using a plugin, please upgrade to the latest version or report the issue to the plugin maintainer. To disable these warnings, set -Dmaven.project.sourceRoots.warningsDisabled=true on the command line, in the .mvn/maven.config file, or in project POM properties.
2026-06-19 11:35:15,923 [Worker-81: Building] WARN  o.apache.maven.project.MavenProject - Plugin is modifying testCompileSourceRoots through clear(), which will not work in Maven 4.0.0. Use MavenProject.addTestCompileSourceRoot()/removeTestCompileSourceRoot() methods instead. If using a plugin, please upgrade to the latest version or report the issue to the plugin maintainer. To disable these warnings, set -Dmaven.project.sourceRoots.warningsDisabled=true on the command line, in the .mvn/maven.config file, or in project POM properties.
2026-06-19 11:35:15,923 [Worker-81: Building] WARN  o.apache.maven.project.MavenProject - Plugin is modifying testCompileSourceRoots through add(), which will not work in Maven 4.0.0. Use MavenProject.addTestCompileSourceRoot()/removeTestCompileSourceRoot() methods instead. If using a plugin, please upgrade to the latest version or report the issue to the plugin maintainer. To disable these warnings, set -Dmaven.project.sourceRoots.warningsDisabled=true on the command line, in the .mvn/maven.config file, or in project POM properties.
2026-06-19 11:35:33,123 [Worker-82: Building] INFO  o.a.m.s.f.DefaultMavenResourcesFiltering - Copying 0 resource from src\main\resources to target\classes
2026-06-19 11:35:33,125 [Worker-82: Building] INFO  o.a.m.s.f.DefaultMavenResourcesFiltering - Copying 0 resource from src\test\resources to target\test-classes
2026-06-19 11:35:33,125 [Worker-82: Building] WARN  o.apache.maven.project.MavenProject - Plugin is modifying compileSourceRoots through clear(), which will not work in Maven 4.0.0. Use MavenProject.addCompileSourceRoot()/removeCompileSourceRoot() methods instead. If using a plugin, please upgrade to the latest version or report the issue to the plugin maintainer. To disable these warnings, set -Dmaven.project.sourceRoots.warningsDisabled=true on the command line, in the .mvn/maven.config file, or in project POM properties.
2026-06-19 11:35:33,125 [Worker-82: Building] WARN  o.apache.maven.project.MavenProject - Plugin is modifying compileSourceRoots through add(), which will not work in Maven 4.0.0. Use MavenProject.addCompileSourceRoot()/removeCompileSourceRoot() methods instead. If using a plugin, please upgrade to the latest version or report the issue to the plugin maintainer. To disable these warnings, set -Dmaven.project.sourceRoots.warningsDisabled=true on the command line, in the .mvn/maven.config file, or in project POM properties.
2026-06-19 11:35:33,126 [Worker-82: Building] WARN  o.apache.maven.project.MavenProject - Plugin is modifying testCompileSourceRoots through clear(), which will not work in Maven 4.0.0. Use MavenProject.addTestCompileSourceRoot()/removeTestCompileSourceRoot() methods instead. If using a plugin, please upgrade to the latest version or report the issue to the plugin maintainer. To disable these warnings, set -Dmaven.project.sourceRoots.warningsDisabled=true on the command line, in the .mvn/maven.config file, or in project POM properties.
2026-06-19 11:35:33,126 [Worker-82: Building] WARN  o.apache.maven.project.MavenProject - Plugin is modifying testCompileSourceRoots through add(), which will not work in Maven 4.0.0. Use MavenProject.addTestCompileSourceRoot()/removeTestCompileSourceRoot() methods instead. If using a plugin, please upgrade to the latest version or report the issue to the plugin maintainer. To disable these warnings, set -Dmaven.project.sourceRoots.warningsDisabled=true on the command line, in the .mvn/maven.config file, or in project POM properties.
2026-06-19 11:43:08,582 [Worker-79: Launching mavenrun-a088527f-4285-47cc-9f07-c02500a6af74] INFO  o.eclipse.m2e.core.internal.Bundles - getClasspathEntries(Bundle=org.eclipse.m2e.maven.runtime_3.9.1600.20260522-0510 [649])
2026-06-19 11:43:08,583 [Worker-79: Launching mavenrun-a088527f-4285-47cc-9f07-c02500a6af74] INFO  o.eclipse.m2e.core.internal.Bundles - 	Entry: C:\Users\CVR\Downloads\eclipse-jee-2026-06-R-win32-x86_64\eclipse\plugins\org.eclipse.m2e.maven.runtime_3.9.1600.20260522-0510
2026-06-19 11:43:08,583 [Worker-79: Launching mavenrun-a088527f-4285-47cc-9f07-c02500a6af74] INFO  o.eclipse.m2e.core.internal.Bundles - 	Entry: C:\Users\CVR\Downloads\eclipse-jee-2026-06-R-win32-x86_64\eclipse\plugins\org.eclipse.m2e.maven.runtime_3.9.1600.20260522-0510\jars\aopalliance-1.0.jar
2026-06-19 11:43:08,584 [Worker-79: Launching mavenrun-a088527f-4285-47cc-9f07-c02500a6af74] INFO  o.eclipse.m2e.core.internal.Bundles - 	Entry: C:\Users\CVR\Downloads\eclipse-jee-2026-06-R-win32-x86_64\eclipse\plugins\org.eclipse.m2e.maven.runtime_3.9.1600.20260522-0510\jars\asm-9.9.1.jar
2026-06-19 11:43:08,584 [Worker-79: Launching mavenrun-a088527f-4285-47cc-9f07-c02500a6af74] INFO  o.eclipse.m2e.core.internal.Bundles - 	Entry: C:\Users\CVR\Downloads\eclipse-jee-2026-06-R-win32-x86_64\eclipse\plugins\org.eclipse.m2e.maven.runtime_3.9.1600.20260522-0510\jars\error_prone_annotations-2.41.0.jar
2026-06-19 11:43:08,584 [Worker-79: Launching mavenrun-a088527f-4285-47cc-9f07-c02500a6af74] INFO  o.eclipse.m2e.core.internal.Bundles - 	Entry: C:\Users\CVR\Downloads\eclipse-jee-2026-06-R-win32-x86_64\eclipse\plugins\org.eclipse.m2e.maven.runtime_3.9.1600.20260522-0510\jars\gson-2.13.2.jar
2026-06-19 11:43:08,584 [Worker-79: Launching mavenrun-a088527f-4285-47cc-9f07-c02500a6af74] INFO  o.eclipse.m2e.core.internal.Bundles - 	Entry: C:\Users\CVR\Downloads\eclipse-jee-2026-06-R-win32-x86_64\eclipse\plugins\org.eclipse.m2e.maven.runtime_3.9.1600.20260522-0510\jars\guice-5.1.0-classes.jar
2026-06-19 11:43:08,584 [Worker-79: Launching mavenrun-a088527f-4285-47cc-9f07-c02500a6af74] INFO  o.eclipse.m2e.core.internal.Bundles - 	Entry: C:\Users\CVR\Downloads\eclipse-jee-2026-06-R-win32-x86_64\eclipse\plugins\org.eclipse.m2e.maven.runtime_3.9.1600.20260522-0510\jars\httpclient-4.5.14.jar
2026-06-19 11:43:08,584 [Worker-79: Launching mavenrun-a088527f-4285-47cc-9f07-c02500a6af74] INFO  o.eclipse.m2e.core.internal.Bundles - 	Entry: C:\Users\CVR\Downloads\eclipse-jee-2026-06-R-win32-x86_64\eclipse\plugins\org.eclipse.m2e.maven.runtime_3.9.1600.20260522-0510\jars\httpcore-4.4.16.jar
2026-06-19 11:43:08,584 [Worker-79: Launching mavenrun-a088527f-4285-47cc-9f07-c02500a6af74] INFO  o.eclipse.m2e.core.internal.Bundles - 	Entry: C:\Users\CVR\Downloads\eclipse-jee-2026-06-R-win32-x86_64\eclipse\plugins\org.eclipse.m2e.maven.runtime_3.9.1600.20260522-0510\jars\jansi-2.4.3.jar
2026-06-19 11:43:08,584 [Worker-79: Launching mavenrun-a088527f-4285-47cc-9f07-c02500a6af74] INFO  o.eclipse.m2e.core.internal.Bundles - 	Entry: C:\Users\CVR\Downloads\eclipse-jee-2026-06-R-win32-x86_64\eclipse\plugins\org.eclipse.m2e.maven.runtime_3.9.1600.20260522-0510\jars\jcl-over-slf4j-1.7.36.jar
2026-06-19 11:43:08,584 [Worker-79: Launching mavenrun-a088527f-4285-47cc-9f07-c02500a6af74] INFO  o.eclipse.m2e.core.internal.Bundles - 	Entry: C:\Users\CVR\Downloads\eclipse-jee-2026-06-R-win32-x86_64\eclipse\plugins\org.eclipse.m2e.maven.runtime_3.9.1600.20260522-0510\jars\maven-artifact-3.9.16.jar
2026-06-19 11:43:08,584 [Worker-79: Launching mavenrun-a088527f-4285-47cc-9f07-c02500a6af74] INFO  o.eclipse.m2e.core.internal.Bundles - 	Entry: C:\Users\CVR\Downloads\eclipse-jee-2026-06-R-win32-x86_64\eclipse\plugins\org.eclipse.m2e.maven.runtime_3.9.1600.20260522-0510\jars\maven-builder-support-3.9.16.jar
2026-06-19 11:43:08,584 [Worker-79: Launching mavenrun-a088527f-4285-47cc-9f07-c02500a6af74] INFO  o.eclipse.m2e.core.internal.Bundles - 	Entry: C:\Users\CVR\Downloads\eclipse-jee-2026-06-R-win32-x86_64\eclipse\plugins\org.eclipse.m2e.maven.runtime_3.9.1600.20260522-0510\jars\maven-compat-3.9.16.jar
2026-06-19 11:43:08,584 [Worker-79: Launching mavenrun-a088527f-4285-47cc-9f07-c02500a6af74] INFO  o.eclipse.m2e.core.internal.Bundles - 	Entry: C:\Users\CVR\Downloads\eclipse-jee-2026-06-R-win32-x86_64\eclipse\plugins\org.eclipse.m2e.maven.runtime_3.9.1600.20260522-0510\jars\maven-core-3.9.16.jar
2026-06-19 11:43:08,584 [Worker-79: Launching mavenrun-a088527f-4285-47cc-9f07-c02500a6af74] INFO  o.eclipse.m2e.core.internal.Bundles - 	Entry: C:\Users\CVR\Downloads\eclipse-jee-2026-06-R-win32-x86_64\eclipse\plugins\org.eclipse.m2e.maven.runtime_3.9.1600.20260522-0510\jars\maven-embedder-3.9.16.jar
2026-06-19 11:43:08,584 [Worker-79: Launching mavenrun-a088527f-4285-47cc-9f07-c02500a6af74] INFO  o.eclipse.m2e.core.internal.Bundles - 	Entry: C:\Users\CVR\Downloads\eclipse-jee-2026-06-R-win32-x86_64\eclipse\plugins\org.eclipse.m2e.maven.runtime_3.9.1600.20260522-0510\jars\maven-model-3.9.16.jar
2026-06-19 11:43:08,584 [Worker-79: Launching mavenrun-a088527f-4285-47cc-9f07-c02500a6af74] INFO  o.eclipse.m2e.core.internal.Bundles - 	Entry: C:\Users\CVR\Downloads\eclipse-jee-2026-06-R-win32-x86_64\eclipse\plugins\org.eclipse.m2e.maven.runtime_3.9.1600.20260522-0510\jars\maven-model-builder-3.9.16.jar
2026-06-19 11:43:08,584 [Worker-79: Launching mavenrun-a088527f-4285-47cc-9f07-c02500a6af74] INFO  o.eclipse.m2e.core.internal.Bundles - 	Entry: C:\Users\CVR\Downloads\eclipse-jee-2026-06-R-win32-x86_64\eclipse\plugins\org.eclipse.m2e.maven.runtime_3.9.1600.20260522-0510\jars\maven-plugin-api-3.9.16.jar
2026-06-19 11:43:08,584 [Worker-79: Launching mavenrun-a088527f-4285-47cc-9f07-c02500a6af74] INFO  o.eclipse.m2e.core.internal.Bundles - 	Entry: C:\Users\CVR\Downloads\eclipse-jee-2026-06-R-win32-x86_64\eclipse\plugins\org.eclipse.m2e.maven.runtime_3.9.1600.20260522-0510\jars\maven-repository-metadata-3.9.16.jar
2026-06-19 11:43:08,584 [Worker-79: Launching mavenrun-a088527f-4285-47cc-9f07-c02500a6af74] INFO  o.eclipse.m2e.core.internal.Bundles - 	Entry: C:\Users\CVR\Downloads\eclipse-jee-2026-06-R-win32-x86_64\eclipse\plugins\org.eclipse.m2e.maven.runtime_3.9.1600.20260522-0510\jars\maven-resolver-api-1.9.27.jar
2026-06-19 11:43:08,584 [Worker-79: Launching mavenrun-a088527f-4285-47cc-9f07-c02500a6af74] INFO  o.eclipse.m2e.core.internal.Bundles - 	Entry: C:\Users\CVR\Downloads\eclipse-jee-2026-06-R-win32-x86_64\eclipse\plugins\org.eclipse.m2e.maven.runtime_3.9.1600.20260522-0510\jars\maven-resolver-connector-basic-1.9.27.jar
2026-06-19 11:43:08,584 [Worker-79: Launching mavenrun-a088527f-4285-47cc-9f07-c02500a6af74] INFO  o.eclipse.m2e.core.internal.Bundles - 	Entry: C:\Users\CVR\Downloads\eclipse-jee-2026-06-R-win32-x86_64\eclipse\plugins\org.eclipse.m2e.maven.runtime_3.9.1600.20260522-0510\jars\maven-resolver-impl-1.9.27.jar
2026-06-19 11:43:08,584 [Worker-79: Launching mavenrun-a088527f-4285-47cc-9f07-c02500a6af74] INFO  o.eclipse.m2e.core.internal.Bundles - 	Entry: C:\Users\CVR\Downloads\eclipse-jee-2026-06-R-win32-x86_64\eclipse\plugins\org.eclipse.m2e.maven.runtime_3.9.1600.20260522-0510\jars\maven-resolver-named-locks-1.9.27.jar
2026-06-19 11:43:08,584 [Worker-79: Launching mavenrun-a088527f-4285-47cc-9f07-c02500a6af74] INFO  o.eclipse.m2e.core.internal.Bundles - 	Entry: C:\Users\CVR\Downloads\eclipse-jee-2026-06-R-win32-x86_64\eclipse\plugins\org.eclipse.m2e.maven.runtime_3.9.1600.20260522-0510\jars\maven-resolver-provider-3.9.16.jar
2026-06-19 11:43:08,584 [Worker-79: Launching mavenrun-a088527f-4285-47cc-9f07-c02500a6af74] INFO  o.eclipse.m2e.core.internal.Bundles - 	Entry: C:\Users\CVR\Downloads\eclipse-jee-2026-06-R-win32-x86_64\eclipse\plugins\org.eclipse.m2e.maven.runtime_3.9.1600.20260522-0510\jars\maven-resolver-spi-1.9.27.jar
2026-06-19 11:43:08,585 [Worker-79: Launching mavenrun-a088527f-4285-47cc-9f07-c02500a6af74] INFO  o.eclipse.m2e.core.internal.Bundles - 	Entry: C:\Users\CVR\Downloads\eclipse-jee-2026-06-R-win32-x86_64\eclipse\plugins\org.eclipse.m2e.maven.runtime_3.9.1600.20260522-0510\jars\maven-resolver-transport-file-1.9.27.jar
2026-06-19 11:43:08,585 [Worker-79: Launching mavenrun-a088527f-4285-47cc-9f07-c02500a6af74] INFO  o.eclipse.m2e.core.internal.Bundles - 	Entry: C:\Users\CVR\Downloads\eclipse-jee-2026-06-R-win32-x86_64\eclipse\plugins\org.eclipse.m2e.maven.runtime_3.9.1600.20260522-0510\jars\maven-resolver-transport-http-1.9.27.jar
2026-06-19 11:43:08,585 [Worker-79: Launching mavenrun-a088527f-4285-47cc-9f07-c02500a6af74] INFO  o.eclipse.m2e.core.internal.Bundles - 	Entry: C:\Users\CVR\Downloads\eclipse-jee-2026-06-R-win32-x86_64\eclipse\plugins\org.eclipse.m2e.maven.runtime_3.9.1600.20260522-0510\jars\maven-resolver-transport-wagon-1.9.27.jar
2026-06-19 11:43:08,585 [Worker-79: Launching mavenrun-a088527f-4285-47cc-9f07-c02500a6af74] INFO  o.eclipse.m2e.core.internal.Bundles - 	Entry: C:\Users\CVR\Downloads\eclipse-jee-2026-06-R-win32-x86_64\eclipse\plugins\org.eclipse.m2e.maven.runtime_3.9.1600.20260522-0510\jars\maven-resolver-util-1.9.27.jar
2026-06-19 11:43:08,585 [Worker-79: Launching mavenrun-a088527f-4285-47cc-9f07-c02500a6af74] INFO  o.eclipse.m2e.core.internal.Bundles - 	Entry: C:\Users\CVR\Downloads\eclipse-jee-2026-06-R-win32-x86_64\eclipse\plugins\org.eclipse.m2e.maven.runtime_3.9.1600.20260522-0510\jars\maven-settings-3.9.16.jar
2026-06-19 11:43:08,585 [Worker-79: Launching mavenrun-a088527f-4285-47cc-9f07-c02500a6af74] INFO  o.eclipse.m2e.core.internal.Bundles - 	Entry: C:\Users\CVR\Downloads\eclipse-jee-2026-06-R-win32-x86_64\eclipse\plugins\org.eclipse.m2e.maven.runtime_3.9.1600.20260522-0510\jars\maven-settings-builder-3.9.16.jar
2026-06-19 11:43:08,585 [Worker-79: Launching mavenrun-a088527f-4285-47cc-9f07-c02500a6af74] INFO  o.eclipse.m2e.core.internal.Bundles - 	Entry: C:\Users\CVR\Downloads\eclipse-jee-2026-06-R-win32-x86_64\eclipse\plugins\org.eclipse.m2e.maven.runtime_3.9.1600.20260522-0510\jars\maven-shared-utils-3.4.2.jar
2026-06-19 11:43:08,585 [Worker-79: Launching mavenrun-a088527f-4285-47cc-9f07-c02500a6af74] INFO  o.eclipse.m2e.core.internal.Bundles - 	Entry: C:\Users\CVR\Downloads\eclipse-jee-2026-06-R-win32-x86_64\eclipse\plugins\org.eclipse.m2e.maven.runtime_3.9.1600.20260522-0510\jars\org.eclipse.sisu.inject-1.0.0.jar
2026-06-19 11:43:08,585 [Worker-79: Launching mavenrun-a088527f-4285-47cc-9f07-c02500a6af74] INFO  o.eclipse.m2e.core.internal.Bundles - 	Entry: C:\Users\CVR\Downloads\eclipse-jee-2026-06-R-win32-x86_64\eclipse\plugins\org.eclipse.m2e.maven.runtime_3.9.1600.20260522-0510\jars\org.eclipse.sisu.plexus-1.0.0.jar
2026-06-19 11:43:08,585 [Worker-79: Launching mavenrun-a088527f-4285-47cc-9f07-c02500a6af74] INFO  o.eclipse.m2e.core.internal.Bundles - 	Entry: C:\Users\CVR\Downloads\eclipse-jee-2026-06-R-win32-x86_64\eclipse\plugins\org.eclipse.m2e.maven.runtime_3.9.1600.20260522-0510\jars\plexus-build-api-0.0.7.jar
2026-06-19 11:43:08,585 [Worker-79: Launching mavenrun-a088527f-4285-47cc-9f07-c02500a6af74] INFO  o.eclipse.m2e.core.internal.Bundles - 	Entry: C:\Users\CVR\Downloads\eclipse-jee-2026-06-R-win32-x86_64\eclipse\plugins\org.eclipse.m2e.maven.runtime_3.9.1600.20260522-0510\jars\plexus-build-api-1.2.0.jar
2026-06-19 11:43:08,585 [Worker-79: Launching mavenrun-a088527f-4285-47cc-9f07-c02500a6af74] INFO  o.eclipse.m2e.core.internal.Bundles - 	Entry: C:\Users\CVR\Downloads\eclipse-jee-2026-06-R-win32-x86_64\eclipse\plugins\org.eclipse.m2e.maven.runtime_3.9.1600.20260522-0510\jars\plexus-cipher-2.0.jar
2026-06-19 11:43:08,585 [Worker-79: Launching mavenrun-a088527f-4285-47cc-9f07-c02500a6af74] INFO  o.eclipse.m2e.core.internal.Bundles - 	Entry: C:\Users\CVR\Downloads\eclipse-jee-2026-06-R-win32-x86_64\eclipse\plugins\org.eclipse.m2e.maven.runtime_3.9.1600.20260522-0510\jars\plexus-classworlds-2.11.0.jar
2026-06-19 11:43:08,585 [Worker-79: Launching mavenrun-a088527f-4285-47cc-9f07-c02500a6af74] INFO  o.eclipse.m2e.core.internal.Bundles - 	Entry: C:\Users\CVR\Downloads\eclipse-jee-2026-06-R-win32-x86_64\eclipse\plugins\org.eclipse.m2e.maven.runtime_3.9.1600.20260522-0510\jars\plexus-component-annotations-2.2.0.jar
2026-06-19 11:43:08,585 [Worker-79: Launching mavenrun-a088527f-4285-47cc-9f07-c02500a6af74] INFO  o.eclipse.m2e.core.internal.Bundles - 	Entry: C:\Users\CVR\Downloads\eclipse-jee-2026-06-R-win32-x86_64\eclipse\plugins\org.eclipse.m2e.maven.runtime_3.9.1600.20260522-0510\jars\plexus-interpolation-1.29.jar
2026-06-19 11:43:08,585 [Worker-79: Launching mavenrun-a088527f-4285-47cc-9f07-c02500a6af74] INFO  o.eclipse.m2e.core.internal.Bundles - 	Entry: C:\Users\CVR\Downloads\eclipse-jee-2026-06-R-win32-x86_64\eclipse\plugins\org.eclipse.m2e.maven.runtime_3.9.1600.20260522-0510\jars\plexus-sec-dispatcher-2.0.jar
2026-06-19 11:43:08,585 [Worker-79: Launching mavenrun-a088527f-4285-47cc-9f07-c02500a6af74] INFO  o.eclipse.m2e.core.internal.Bundles - 	Entry: C:\Users\CVR\Downloads\eclipse-jee-2026-06-R-win32-x86_64\eclipse\plugins\org.eclipse.m2e.maven.runtime_3.9.1600.20260522-0510\jars\plexus-utils-3.6.1.jar
2026-06-19 11:43:08,585 [Worker-79: Launching mavenrun-a088527f-4285-47cc-9f07-c02500a6af74] INFO  o.eclipse.m2e.core.internal.Bundles - 	Entry: C:\Users\CVR\Downloads\eclipse-jee-2026-06-R-win32-x86_64\eclipse\plugins\org.eclipse.m2e.maven.runtime_3.9.1600.20260522-0510\jars\wagon-file-3.5.3.jar
2026-06-19 11:43:08,585 [Worker-79: Launching mavenrun-a088527f-4285-47cc-9f07-c02500a6af74] INFO  o.eclipse.m2e.core.internal.Bundles - 	Entry: C:\Users\CVR\Downloads\eclipse-jee-2026-06-R-win32-x86_64\eclipse\plugins\org.eclipse.m2e.maven.runtime_3.9.1600.20260522-0510\jars\wagon-http-3.5.3.jar
2026-06-19 11:43:08,585 [Worker-79: Launching mavenrun-a088527f-4285-47cc-9f07-c02500a6af74] INFO  o.eclipse.m2e.core.internal.Bundles - 	Entry: C:\Users\CVR\Downloads\eclipse-jee-2026-06-R-win32-x86_64\eclipse\plugins\org.eclipse.m2e.maven.runtime_3.9.1600.20260522-0510\jars\wagon-http-shared-3.5.3.jar
2026-06-19 11:43:08,585 [Worker-79: Launching mavenrun-a088527f-4285-47cc-9f07-c02500a6af74] INFO  o.eclipse.m2e.core.internal.Bundles - 	Entry: C:\Users\CVR\Downloads\eclipse-jee-2026-06-R-win32-x86_64\eclipse\plugins\org.eclipse.m2e.maven.runtime_3.9.1600.20260522-0510\jars\wagon-provider-api-3.5.3.jar
2026-06-19 11:43:08,585 [Worker-79: Launching mavenrun-a088527f-4285-47cc-9f07-c02500a6af74] INFO  o.eclipse.m2e.core.internal.Bundles - getClasspathEntries(Bundle=com.google.guava_33.6.0.jre [18])
2026-06-19 11:43:08,586 [Worker-79: Launching mavenrun-a088527f-4285-47cc-9f07-c02500a6af74] INFO  o.eclipse.m2e.core.internal.Bundles - 	Entry: C:\Users\CVR\Downloads\eclipse-jee-2026-06-R-win32-x86_64\eclipse\plugins\com.google.guava_33.6.0.jre.jar
2026-06-19 11:43:08,586 [Worker-79: Launching mavenrun-a088527f-4285-47cc-9f07-c02500a6af74] INFO  o.eclipse.m2e.core.internal.Bundles - getClasspathEntries(Bundle=slf4j.api_2.0.18 [1017])
2026-06-19 11:43:08,586 [Worker-79: Launching mavenrun-a088527f-4285-47cc-9f07-c02500a6af74] INFO  o.eclipse.m2e.core.internal.Bundles - 	Entry: C:\Users\CVR\Downloads\eclipse-jee-2026-06-R-win32-x86_64\eclipse\plugins\slf4j.api_2.0.18.jar
2026-06-19 11:43:08,586 [Worker-79: Launching mavenrun-a088527f-4285-47cc-9f07-c02500a6af74] INFO  o.eclipse.m2e.core.internal.Bundles - getClasspathEntries(Bundle=jakarta.inject.jakarta.inject-api_1.0.5 [35])
2026-06-19 11:43:08,586 [Worker-79: Launching mavenrun-a088527f-4285-47cc-9f07-c02500a6af74] INFO  o.eclipse.m2e.core.internal.Bundles - 	Entry: C:\Users\CVR\Downloads\eclipse-jee-2026-06-R-win32-x86_64\eclipse\plugins\jakarta.inject.jakarta.inject-api_1.0.5.jar
2026-06-19 11:43:08,586 [Worker-79: Launching mavenrun-a088527f-4285-47cc-9f07-c02500a6af74] INFO  o.eclipse.m2e.core.internal.Bundles - getClasspathEntries(Bundle=jakarta.annotation-api_1.3.5 [31])
2026-06-19 11:43:08,586 [Worker-79: Launching mavenrun-a088527f-4285-47cc-9f07-c02500a6af74] INFO  o.eclipse.m2e.core.internal.Bundles - 	Entry: C:\Users\CVR\Downloads\eclipse-jee-2026-06-R-win32-x86_64\eclipse\plugins\jakarta.annotation-api_1.3.5.jar
2026-06-19 11:43:08,586 [Worker-79: Launching mavenrun-a088527f-4285-47cc-9f07-c02500a6af74] INFO  o.eclipse.m2e.core.internal.Bundles - getClasspathEntries(Bundle=org.apache.commons.cli_1.11.0 [83])
2026-06-19 11:43:08,586 [Worker-79: Launching mavenrun-a088527f-4285-47cc-9f07-c02500a6af74] INFO  o.eclipse.m2e.core.internal.Bundles - 	Entry: C:\Users\CVR\Downloads\eclipse-jee-2026-06-R-win32-x86_64\eclipse\plugins\org.apache.commons.cli_1.11.0.jar
2026-06-19 11:43:08,586 [Worker-79: Launching mavenrun-a088527f-4285-47cc-9f07-c02500a6af74] INFO  o.eclipse.m2e.core.internal.Bundles - getClasspathEntries(Bundle=org.apache.commons.commons-codec_1.22.0 [85])
2026-06-19 11:43:08,587 [Worker-79: Launching mavenrun-a088527f-4285-47cc-9f07-c02500a6af74] INFO  o.eclipse.m2e.core.internal.Bundles - 	Entry: C:\Users\CVR\Downloads\eclipse-jee-2026-06-R-win32-x86_64\eclipse\plugins\org.apache.commons.commons-codec_1.22.0.jar
2026-06-19 11:43:08,587 [Worker-79: Launching mavenrun-a088527f-4285-47cc-9f07-c02500a6af74] INFO  o.eclipse.m2e.core.internal.Bundles - getClasspathEntries(Bundle=com.google.guava.failureaccess_1.0.3 [19])
2026-06-19 11:43:08,587 [Worker-79: Launching mavenrun-a088527f-4285-47cc-9f07-c02500a6af74] INFO  o.eclipse.m2e.core.internal.Bundles - 	Entry: C:\Users\CVR\Downloads\eclipse-jee-2026-06-R-win32-x86_64\eclipse\plugins\com.google.guava.failureaccess_1.0.3.jar
2026-06-19 11:43:08,587 [Worker-79: Launching mavenrun-a088527f-4285-47cc-9f07-c02500a6af74] INFO  o.e.m.i.launch.MavenLaunchDelegate - Run build in "C:\Users\CVR\AppData\Local\Temp\m2e-archetypeGenerator15575965385947658800":
2026-06-19 11:43:08,587 [Worker-79: Launching mavenrun-a088527f-4285-47cc-9f07-c02500a6af74] INFO  o.e.m.i.launch.MavenLaunchDelegate -  mvn  -DarchetypeGroupId=org.apache.maven.archetypes -DarchetypeArtifactId=maven-archetype-quickstart -DarchetypeVersion=1.1 -DgroupId=cq -DartifactId=book -Dversion=0.0.1-SNAPSHOT -Dpackage=cq.book -DoutputDirectory=C:\Users\CVR\eclipse-workspace -Dstyle.color=always -U archetype:generate
2026-06-19 11:43:15,566 [Worker-76: Creating maven-archetype-quickstart] INFO  o.e.m.c.i.p.ProjectConfigurationManager - Collecting project info '/pom.xml' C:\Users\CVR\eclipse-workspace\book\pom.xml
2026-06-19 11:43:15,588 [Worker-76: Creating maven-archetype-quickstart] INFO  o.e.m.c.i.l.LifecycleMappingFactory - Using org.eclipse.m2e.jdt.JarLifecycleMapping lifecycle mapping for MavenProject: cq:book:0.0.1-SNAPSHOT @ C:\Users\CVR\eclipse-workspace\book\pom.xml.
2026-06-19 11:43:15,830 [Worker-76: Creating maven-archetype-quickstart] INFO  o.e.m.j.i.AbstractJavaProjectConfigurator - Adding source folder /book/src/main/java
2026-06-19 11:43:15,830 [Worker-76: Creating maven-archetype-quickstart] INFO  o.e.m.j.i.AbstractJavaProjectConfigurator - Adding resource folder /book/src/main/resources
2026-06-19 11:43:15,836 [Worker-76: Creating maven-archetype-quickstart] INFO  o.e.m.j.i.AbstractJavaProjectConfigurator - Adding source folder /book/src/test/java
2026-06-19 11:43:15,837 [Worker-76: Creating maven-archetype-quickstart] INFO  o.e.m.j.i.AbstractJavaProjectConfigurator - Adding resource folder /book/src/test/resources
2026-06-19 11:43:15,856 [Worker-76: Creating maven-archetype-quickstart] WARN  o.apache.maven.project.MavenProject - Plugin is modifying compileSourceRoots through clear(), which will not work in Maven 4.0.0. Use MavenProject.addCompileSourceRoot()/removeCompileSourceRoot() methods instead. If using a plugin, please upgrade to the latest version or report the issue to the plugin maintainer. To disable these warnings, set -Dmaven.project.sourceRoots.warningsDisabled=true on the command line, in the .mvn/maven.config file, or in project POM properties.
2026-06-19 11:43:15,856 [Worker-76: Creating maven-archetype-quickstart] WARN  o.apache.maven.project.MavenProject - Plugin is modifying compileSourceRoots through add(), which will not work in Maven 4.0.0. Use MavenProject.addCompileSourceRoot()/removeCompileSourceRoot() methods instead. If using a plugin, please upgrade to the latest version or report the issue to the plugin maintainer. To disable these warnings, set -Dmaven.project.sourceRoots.warningsDisabled=true on the command line, in the .mvn/maven.config file, or in project POM properties.
2026-06-19 11:43:15,857 [Worker-76: Creating maven-archetype-quickstart] WARN  o.apache.maven.project.MavenProject - Plugin is modifying testCompileSourceRoots through clear(), which will not work in Maven 4.0.0. Use MavenProject.addTestCompileSourceRoot()/removeTestCompileSourceRoot() methods instead. If using a plugin, please upgrade to the latest version or report the issue to the plugin maintainer. To disable these warnings, set -Dmaven.project.sourceRoots.warningsDisabled=true on the command line, in the .mvn/maven.config file, or in project POM properties.
2026-06-19 11:43:15,857 [Worker-76: Creating maven-archetype-quickstart] WARN  o.apache.maven.project.MavenProject - Plugin is modifying testCompileSourceRoots through add(), which will not work in Maven 4.0.0. Use MavenProject.addTestCompileSourceRoot()/removeTestCompileSourceRoot() methods instead. If using a plugin, please upgrade to the latest version or report the issue to the plugin maintainer. To disable these warnings, set -Dmaven.project.sourceRoots.warningsDisabled=true on the command line, in the .mvn/maven.config file, or in project POM properties.
2026-06-19 11:43:15,860 [Worker-76: Creating maven-archetype-quickstart] INFO  o.e.m.c.i.p.ProjectConfigurationManager - Imported and configured 1 project(s) in 0 sec
2026-06-19 11:43:16,036 [Worker-80: Building] INFO  o.a.m.s.f.DefaultMavenResourcesFiltering - skip non existing resourceDirectory C:\Users\CVR\eclipse-workspace\book\src\main\resources
2026-06-19 11:43:16,037 [Worker-80: Building] INFO  o.a.m.s.f.DefaultMavenResourcesFiltering - skip non existing resourceDirectory C:\Users\CVR\eclipse-workspace\book\src\test\resources
2026-06-19 11:43:16,041 [Worker-80: Building] WARN  o.apache.maven.project.MavenProject - Plugin is modifying compileSourceRoots through clear(), which will not work in Maven 4.0.0. Use MavenProject.addCompileSourceRoot()/removeCompileSourceRoot() methods instead. If using a plugin, please upgrade to the latest version or report the issue to the plugin maintainer. To disable these warnings, set -Dmaven.project.sourceRoots.warningsDisabled=true on the command line, in the .mvn/maven.config file, or in project POM properties.
2026-06-19 11:43:16,041 [Worker-80: Building] WARN  o.apache.maven.project.MavenProject - Plugin is modifying compileSourceRoots through add(), which will not work in Maven 4.0.0. Use MavenProject.addCompileSourceRoot()/removeCompileSourceRoot() methods instead. If using a plugin, please upgrade to the latest version or report the issue to the plugin maintainer. To disable these warnings, set -Dmaven.project.sourceRoots.warningsDisabled=true on the command line, in the .mvn/maven.config file, or in project POM properties.
2026-06-19 11:43:16,041 [Worker-80: Building] WARN  o.apache.maven.project.MavenProject - Plugin is modifying testCompileSourceRoots through clear(), which will not work in Maven 4.0.0. Use MavenProject.addTestCompileSourceRoot()/removeTestCompileSourceRoot() methods instead. If using a plugin, please upgrade to the latest version or report the issue to the plugin maintainer. To disable these warnings, set -Dmaven.project.sourceRoots.warningsDisabled=true on the command line, in the .mvn/maven.config file, or in project POM properties.
2026-06-19 11:43:16,041 [Worker-80: Building] WARN  o.apache.maven.project.MavenProject - Plugin is modifying testCompileSourceRoots through add(), which will not work in Maven 4.0.0. Use MavenProject.addTestCompileSourceRoot()/removeTestCompileSourceRoot() methods instead. If using a plugin, please upgrade to the latest version or report the issue to the plugin maintainer. To disable these warnings, set -Dmaven.project.sourceRoots.warningsDisabled=true on the command line, in the .mvn/maven.config file, or in project POM properties.
2026-06-19 11:44:00,345 [Worker-81: Building] INFO  o.a.m.s.f.DefaultMavenResourcesFiltering - skip non existing resourceDirectory C:\Users\CVR\eclipse-workspace\book\src\main\resources
2026-06-19 11:44:00,346 [Worker-81: Building] INFO  o.a.m.s.f.DefaultMavenResourcesFiltering - skip non existing resourceDirectory C:\Users\CVR\eclipse-workspace\book\src\test\resources
2026-06-19 11:44:00,346 [Worker-81: Building] WARN  o.apache.maven.project.MavenProject - Plugin is modifying compileSourceRoots through clear(), which will not work in Maven 4.0.0. Use MavenProject.addCompileSourceRoot()/removeCompileSourceRoot() methods instead. If using a plugin, please upgrade to the latest version or report the issue to the plugin maintainer. To disable these warnings, set -Dmaven.project.sourceRoots.warningsDisabled=true on the command line, in the .mvn/maven.config file, or in project POM properties.
2026-06-19 11:44:00,347 [Worker-81: Building] WARN  o.apache.maven.project.MavenProject - Plugin is modifying compileSourceRoots through add(), which will not work in Maven 4.0.0. Use MavenProject.addCompileSourceRoot()/removeCompileSourceRoot() methods instead. If using a plugin, please upgrade to the latest version or report the issue to the plugin maintainer. To disable these warnings, set -Dmaven.project.sourceRoots.warningsDisabled=true on the command line, in the .mvn/maven.config file, or in project POM properties.
2026-06-19 11:44:00,347 [Worker-81: Building] WARN  o.apache.maven.project.MavenProject - Plugin is modifying testCompileSourceRoots through clear(), which will not work in Maven 4.0.0. Use MavenProject.addTestCompileSourceRoot()/removeTestCompileSourceRoot() methods instead. If using a plugin, please upgrade to the latest version or report the issue to the plugin maintainer. To disable these warnings, set -Dmaven.project.sourceRoots.warningsDisabled=true on the command line, in the .mvn/maven.config file, or in project POM properties.
2026-06-19 11:44:00,347 [Worker-81: Building] WARN  o.apache.maven.project.MavenProject - Plugin is modifying testCompileSourceRoots through add(), which will not work in Maven 4.0.0. Use MavenProject.addTestCompileSourceRoot()/removeTestCompileSourceRoot() methods instead. If using a plugin, please upgrade to the latest version or report the issue to the plugin maintainer. To disable these warnings, set -Dmaven.project.sourceRoots.warningsDisabled=true on the command line, in the .mvn/maven.config file, or in project POM properties.
2026-06-19 11:46:07,526 [Worker-76: Building] INFO  o.a.m.s.f.DefaultMavenResourcesFiltering - Copying 0 resource from src\main\resources to target\classes
2026-06-19 11:46:07,527 [Worker-76: Building] INFO  o.a.m.s.f.DefaultMavenResourcesFiltering - Copying 0 resource from src\test\resources to target\test-classes
2026-06-19 11:46:07,531 [Worker-76: Building] WARN  o.apache.maven.project.MavenProject - Plugin is modifying compileSourceRoots through clear(), which will not work in Maven 4.0.0. Use MavenProject.addCompileSourceRoot()/removeCompileSourceRoot() methods instead. If using a plugin, please upgrade to the latest version or report the issue to the plugin maintainer. To disable these warnings, set -Dmaven.project.sourceRoots.warningsDisabled=true on the command line, in the .mvn/maven.config file, or in project POM properties.
2026-06-19 11:46:07,532 [Worker-76: Building] WARN  o.apache.maven.project.MavenProject - Plugin is modifying compileSourceRoots through add(), which will not work in Maven 4.0.0. Use MavenProject.addCompileSourceRoot()/removeCompileSourceRoot() methods instead. If using a plugin, please upgrade to the latest version or report the issue to the plugin maintainer. To disable these warnings, set -Dmaven.project.sourceRoots.warningsDisabled=true on the command line, in the .mvn/maven.config file, or in project POM properties.
2026-06-19 11:46:07,532 [Worker-76: Building] WARN  o.apache.maven.project.MavenProject - Plugin is modifying testCompileSourceRoots through clear(), which will not work in Maven 4.0.0. Use MavenProject.addTestCompileSourceRoot()/removeTestCompileSourceRoot() methods instead. If using a plugin, please upgrade to the latest version or report the issue to the plugin maintainer. To disable these warnings, set -Dmaven.project.sourceRoots.warningsDisabled=true on the command line, in the .mvn/maven.config file, or in project POM properties.
2026-06-19 11:46:07,532 [Worker-76: Building] WARN  o.apache.maven.project.MavenProject - Plugin is modifying testCompileSourceRoots through add(), which will not work in Maven 4.0.0. Use MavenProject.addTestCompileSourceRoot()/removeTestCompileSourceRoot() methods instead. If using a plugin, please upgrade to the latest version or report the issue to the plugin maintainer. To disable these warnings, set -Dmaven.project.sourceRoots.warningsDisabled=true on the command line, in the .mvn/maven.config file, or in project POM properties.
2026-06-19 11:46:33,772 [Worker-76: Building] INFO  o.a.m.s.f.DefaultMavenResourcesFiltering - Copying 1 resource from src\main\resources to target\classes
2026-06-19 11:46:33,773 [Worker-76: Building] INFO  o.a.m.s.f.DefaultMavenResourcesFiltering - Copying 0 resource from src\test\resources to target\test-classes
2026-06-19 11:46:33,773 [Worker-76: Building] WARN  o.apache.maven.project.MavenProject - Plugin is modifying compileSourceRoots through clear(), which will not work in Maven 4.0.0. Use MavenProject.addCompileSourceRoot()/removeCompileSourceRoot() methods instead. If using a plugin, please upgrade to the latest version or report the issue to the plugin maintainer. To disable these warnings, set -Dmaven.project.sourceRoots.warningsDisabled=true on the command line, in the .mvn/maven.config file, or in project POM properties.
2026-06-19 11:46:33,774 [Worker-76: Building] WARN  o.apache.maven.project.MavenProject - Plugin is modifying compileSourceRoots through add(), which will not work in Maven 4.0.0. Use MavenProject.addCompileSourceRoot()/removeCompileSourceRoot() methods instead. If using a plugin, please upgrade to the latest version or report the issue to the plugin maintainer. To disable these warnings, set -Dmaven.project.sourceRoots.warningsDisabled=true on the command line, in the .mvn/maven.config file, or in project POM properties.
2026-06-19 11:46:33,774 [Worker-76: Building] WARN  o.apache.maven.project.MavenProject - Plugin is modifying testCompileSourceRoots through clear(), which will not work in Maven 4.0.0. Use MavenProject.addTestCompileSourceRoot()/removeTestCompileSourceRoot() methods instead. If using a plugin, please upgrade to the latest version or report the issue to the plugin maintainer. To disable these warnings, set -Dmaven.project.sourceRoots.warningsDisabled=true on the command line, in the .mvn/maven.config file, or in project POM properties.
2026-06-19 11:46:33,774 [Worker-76: Building] WARN  o.apache.maven.project.MavenProject - Plugin is modifying testCompileSourceRoots through add(), which will not work in Maven 4.0.0. Use MavenProject.addTestCompileSourceRoot()/removeTestCompileSourceRoot() methods instead. If using a plugin, please upgrade to the latest version or report the issue to the plugin maintainer. To disable these warnings, set -Dmaven.project.sourceRoots.warningsDisabled=true on the command line, in the .mvn/maven.config file, or in project POM properties.
2026-06-19 11:46:54,960 [Worker-85: Building] INFO  o.e.m.c.i.l.LifecycleMappingFactory - Using org.eclipse.m2e.jdt.JarLifecycleMapping lifecycle mapping for MavenProject: cq:book:0.0.1-SNAPSHOT @ C:\Users\CVR\eclipse-workspace\book\pom.xml.
2026-06-19 11:46:54,998 [Worker-85: Building] WARN  o.e.m.c.i.embedder.EclipseLogger - The artifact mysql:mysql-connector-java:jar:8.0.33 has been relocated to com.mysql:mysql-connector-j:jar:8.0.33: MySQL Connector/J artifacts moved to reverse-DNS compliant Maven 2+ coordinates.
2026-06-19 11:46:54,998 [Worker-85: Building] WARN  o.e.m.c.i.embedder.EclipseLogger - The artifact org.hibernate:hibernate-core:jar:7.4.1.Final has been relocated to org.hibernate.orm:hibernate-core:jar:7.4.1.Final
2026-06-19 11:46:55,028 [Worker-85: Building] INFO  o.a.m.s.f.DefaultMavenResourcesFiltering - Copying 0 resource from src\main\resources to target\classes
2026-06-19 11:46:55,029 [Worker-85: Building] INFO  o.a.m.s.f.DefaultMavenResourcesFiltering - Copying 0 resource from src\test\resources to target\test-classes
2026-06-19 11:46:55,032 [Worker-85: Building] WARN  o.apache.maven.project.MavenProject - Plugin is modifying compileSourceRoots through clear(), which will not work in Maven 4.0.0. Use MavenProject.addCompileSourceRoot()/removeCompileSourceRoot() methods instead. If using a plugin, please upgrade to the latest version or report the issue to the plugin maintainer. To disable these warnings, set -Dmaven.project.sourceRoots.warningsDisabled=true on the command line, in the .mvn/maven.config file, or in project POM properties.
2026-06-19 11:46:55,033 [Worker-85: Building] WARN  o.apache.maven.project.MavenProject - Plugin is modifying compileSourceRoots through add(), which will not work in Maven 4.0.0. Use MavenProject.addCompileSourceRoot()/removeCompileSourceRoot() methods instead. If using a plugin, please upgrade to the latest version or report the issue to the plugin maintainer. To disable these warnings, set -Dmaven.project.sourceRoots.warningsDisabled=true on the command line, in the .mvn/maven.config file, or in project POM properties.
2026-06-19 11:46:55,033 [Worker-85: Building] WARN  o.apache.maven.project.MavenProject - Plugin is modifying testCompileSourceRoots through clear(), which will not work in Maven 4.0.0. Use MavenProject.addTestCompileSourceRoot()/removeTestCompileSourceRoot() methods instead. If using a plugin, please upgrade to the latest version or report the issue to the plugin maintainer. To disable these warnings, set -Dmaven.project.sourceRoots.warningsDisabled=true on the command line, in the .mvn/maven.config file, or in project POM properties.
2026-06-19 11:46:55,033 [Worker-85: Building] WARN  o.apache.maven.project.MavenProject - Plugin is modifying testCompileSourceRoots through add(), which will not work in Maven 4.0.0. Use MavenProject.addTestCompileSourceRoot()/removeTestCompileSourceRoot() methods instead. If using a plugin, please upgrade to the latest version or report the issue to the plugin maintainer. To disable these warnings, set -Dmaven.project.sourceRoots.warningsDisabled=true on the command line, in the .mvn/maven.config file, or in project POM properties.
2026-06-19 11:46:56,252 [Worker-87: Building] INFO  o.a.m.s.f.DefaultMavenResourcesFiltering - Copying 1 resource from src\main\resources to target\classes
2026-06-19 11:46:56,253 [Worker-87: Building] INFO  o.a.m.s.f.DefaultMavenResourcesFiltering - Copying 0 resource from src\test\resources to target\test-classes
2026-06-19 11:46:56,256 [Worker-87: Building] WARN  o.apache.maven.project.MavenProject - Plugin is modifying compileSourceRoots through clear(), which will not work in Maven 4.0.0. Use MavenProject.addCompileSourceRoot()/removeCompileSourceRoot() methods instead. If using a plugin, please upgrade to the latest version or report the issue to the plugin maintainer. To disable these warnings, set -Dmaven.project.sourceRoots.warningsDisabled=true on the command line, in the .mvn/maven.config file, or in project POM properties.
2026-06-19 11:46:56,256 [Worker-87: Building] WARN  o.apache.maven.project.MavenProject - Plugin is modifying compileSourceRoots through add(), which will not work in Maven 4.0.0. Use MavenProject.addCompileSourceRoot()/removeCompileSourceRoot() methods instead. If using a plugin, please upgrade to the latest version or report the issue to the plugin maintainer. To disable these warnings, set -Dmaven.project.sourceRoots.warningsDisabled=true on the command line, in the .mvn/maven.config file, or in project POM properties.
2026-06-19 11:46:56,257 [Worker-87: Building] WARN  o.apache.maven.project.MavenProject - Plugin is modifying testCompileSourceRoots through clear(), which will not work in Maven 4.0.0. Use MavenProject.addTestCompileSourceRoot()/removeTestCompileSourceRoot() methods instead. If using a plugin, please upgrade to the latest version or report the issue to the plugin maintainer. To disable these warnings, set -Dmaven.project.sourceRoots.warningsDisabled=true on the command line, in the .mvn/maven.config file, or in project POM properties.
2026-06-19 11:46:56,257 [Worker-87: Building] WARN  o.apache.maven.project.MavenProject - Plugin is modifying testCompileSourceRoots through add(), which will not work in Maven 4.0.0. Use MavenProject.addTestCompileSourceRoot()/removeTestCompileSourceRoot() methods instead. If using a plugin, please upgrade to the latest version or report the issue to the plugin maintainer. To disable these warnings, set -Dmaven.project.sourceRoots.warningsDisabled=true on the command line, in the .mvn/maven.config file, or in project POM properties.
2026-06-19 11:47:38,867 [Worker-85: Building] INFO  o.a.m.s.f.DefaultMavenResourcesFiltering - Copying 1 resource from src\main\resources to target\classes
2026-06-19 11:47:38,870 [Worker-85: Building] INFO  o.a.m.s.f.DefaultMavenResourcesFiltering - Copying 0 resource from src\test\resources to target\test-classes
2026-06-19 11:47:38,870 [Worker-85: Building] WARN  o.apache.maven.project.MavenProject - Plugin is modifying compileSourceRoots through clear(), which will not work in Maven 4.0.0. Use MavenProject.addCompileSourceRoot()/removeCompileSourceRoot() methods instead. If using a plugin, please upgrade to the latest version or report the issue to the plugin maintainer. To disable these warnings, set -Dmaven.project.sourceRoots.warningsDisabled=true on the command line, in the .mvn/maven.config file, or in project POM properties.
2026-06-19 11:47:38,871 [Worker-85: Building] WARN  o.apache.maven.project.MavenProject - Plugin is modifying compileSourceRoots through add(), which will not work in Maven 4.0.0. Use MavenProject.addCompileSourceRoot()/removeCompileSourceRoot() methods instead. If using a plugin, please upgrade to the latest version or report the issue to the plugin maintainer. To disable these warnings, set -Dmaven.project.sourceRoots.warningsDisabled=true on the command line, in the .mvn/maven.config file, or in project POM properties.
2026-06-19 11:47:38,871 [Worker-85: Building] WARN  o.apache.maven.project.MavenProject - Plugin is modifying testCompileSourceRoots through clear(), which will not work in Maven 4.0.0. Use MavenProject.addTestCompileSourceRoot()/removeTestCompileSourceRoot() methods instead. If using a plugin, please upgrade to the latest version or report the issue to the plugin maintainer. To disable these warnings, set -Dmaven.project.sourceRoots.warningsDisabled=true on the command line, in the .mvn/maven.config file, or in project POM properties.
2026-06-19 11:47:38,871 [Worker-85: Building] WARN  o.apache.maven.project.MavenProject - Plugin is modifying testCompileSourceRoots through add(), which will not work in Maven 4.0.0. Use MavenProject.addTestCompileSourceRoot()/removeTestCompileSourceRoot() methods instead. If using a plugin, please upgrade to the latest version or report the issue to the plugin maintainer. To disable these warnings, set -Dmaven.project.sourceRoots.warningsDisabled=true on the command line, in the .mvn/maven.config file, or in project POM properties.
2026-06-19 11:47:56,337 [Worker-80: Building] INFO  o.a.m.s.f.DefaultMavenResourcesFiltering - Copying 1 resource from src\main\resources to target\classes
2026-06-19 11:47:56,338 [Worker-80: Building] INFO  o.a.m.s.f.DefaultMavenResourcesFiltering - Copying 0 resource from src\test\resources to target\test-classes
2026-06-19 11:47:56,339 [Worker-80: Building] WARN  o.apache.maven.project.MavenProject - Plugin is modifying compileSourceRoots through clear(), which will not work in Maven 4.0.0. Use MavenProject.addCompileSourceRoot()/removeCompileSourceRoot() methods instead. If using a plugin, please upgrade to the latest version or report the issue to the plugin maintainer. To disable these warnings, set -Dmaven.project.sourceRoots.warningsDisabled=true on the command line, in the .mvn/maven.config file, or in project POM properties.
2026-06-19 11:47:56,340 [Worker-80: Building] WARN  o.apache.maven.project.MavenProject - Plugin is modifying compileSourceRoots through add(), which will not work in Maven 4.0.0. Use MavenProject.addCompileSourceRoot()/removeCompileSourceRoot() methods instead. If using a plugin, please upgrade to the latest version or report the issue to the plugin maintainer. To disable these warnings, set -Dmaven.project.sourceRoots.warningsDisabled=true on the command line, in the .mvn/maven.config file, or in project POM properties.
2026-06-19 11:47:56,340 [Worker-80: Building] WARN  o.apache.maven.project.MavenProject - Plugin is modifying testCompileSourceRoots through clear(), which will not work in Maven 4.0.0. Use MavenProject.addTestCompileSourceRoot()/removeTestCompileSourceRoot() methods instead. If using a plugin, please upgrade to the latest version or report the issue to the plugin maintainer. To disable these warnings, set -Dmaven.project.sourceRoots.warningsDisabled=true on the command line, in the .mvn/maven.config file, or in project POM properties.
2026-06-19 11:47:56,340 [Worker-80: Building] WARN  o.apache.maven.project.MavenProject - Plugin is modifying testCompileSourceRoots through add(), which will not work in Maven 4.0.0. Use MavenProject.addTestCompileSourceRoot()/removeTestCompileSourceRoot() methods instead. If using a plugin, please upgrade to the latest version or report the issue to the plugin maintainer. To disable these warnings, set -Dmaven.project.sourceRoots.warningsDisabled=true on the command line, in the .mvn/maven.config file, or in project POM properties.
2026-06-19 11:48:10,322 [Worker-86: Building] INFO  o.a.m.s.f.DefaultMavenResourcesFiltering - Copying 1 resource from src\main\resources to target\classes
2026-06-19 11:48:10,324 [Worker-86: Building] INFO  o.a.m.s.f.DefaultMavenResourcesFiltering - Copying 0 resource from src\test\resources to target\test-classes
2026-06-19 11:48:10,324 [Worker-86: Building] WARN  o.apache.maven.project.MavenProject - Plugin is modifying compileSourceRoots through clear(), which will not work in Maven 4.0.0. Use MavenProject.addCompileSourceRoot()/removeCompileSourceRoot() methods instead. If using a plugin, please upgrade to the latest version or report the issue to the plugin maintainer. To disable these warnings, set -Dmaven.project.sourceRoots.warningsDisabled=true on the command line, in the .mvn/maven.config file, or in project POM properties.
2026-06-19 11:48:10,325 [Worker-86: Building] WARN  o.apache.maven.project.MavenProject - Plugin is modifying compileSourceRoots through add(), which will not work in Maven 4.0.0. Use MavenProject.addCompileSourceRoot()/removeCompileSourceRoot() methods instead. If using a plugin, please upgrade to the latest version or report the issue to the plugin maintainer. To disable these warnings, set -Dmaven.project.sourceRoots.warningsDisabled=true on the command line, in the .mvn/maven.config file, or in project POM properties.
2026-06-19 11:48:10,325 [Worker-86: Building] WARN  o.apache.maven.project.MavenProject - Plugin is modifying testCompileSourceRoots through clear(), which will not work in Maven 4.0.0. Use MavenProject.addTestCompileSourceRoot()/removeTestCompileSourceRoot() methods instead. If using a plugin, please upgrade to the latest version or report the issue to the plugin maintainer. To disable these warnings, set -Dmaven.project.sourceRoots.warningsDisabled=true on the command line, in the .mvn/maven.config file, or in project POM properties.
2026-06-19 11:48:10,325 [Worker-86: Building] WARN  o.apache.maven.project.MavenProject - Plugin is modifying testCompileSourceRoots through add(), which will not work in Maven 4.0.0. Use MavenProject.addTestCompileSourceRoot()/removeTestCompileSourceRoot() methods instead. If using a plugin, please upgrade to the latest version or report the issue to the plugin maintainer. To disable these warnings, set -Dmaven.project.sourceRoots.warningsDisabled=true on the command line, in the .mvn/maven.config file, or in project POM properties.
2026-06-19 11:48:35,573 [Worker-79: Building] INFO  o.a.m.s.f.DefaultMavenResourcesFiltering - Copying 0 resource from src\main\resources to target\classes
2026-06-19 11:48:35,575 [Worker-79: Building] INFO  o.a.m.s.f.DefaultMavenResourcesFiltering - Copying 0 resource from src\test\resources to target\test-classes
2026-06-19 11:48:35,575 [Worker-79: Building] WARN  o.apache.maven.project.MavenProject - Plugin is modifying compileSourceRoots through clear(), which will not work in Maven 4.0.0. Use MavenProject.addCompileSourceRoot()/removeCompileSourceRoot() methods instead. If using a plugin, please upgrade to the latest version or report the issue to the plugin maintainer. To disable these warnings, set -Dmaven.project.sourceRoots.warningsDisabled=true on the command line, in the .mvn/maven.config file, or in project POM properties.
2026-06-19 11:48:35,576 [Worker-79: Building] WARN  o.apache.maven.project.MavenProject - Plugin is modifying compileSourceRoots through add(), which will not work in Maven 4.0.0. Use MavenProject.addCompileSourceRoot()/removeCompileSourceRoot() methods instead. If using a plugin, please upgrade to the latest version or report the issue to the plugin maintainer. To disable these warnings, set -Dmaven.project.sourceRoots.warningsDisabled=true on the command line, in the .mvn/maven.config file, or in project POM properties.
2026-06-19 11:48:35,576 [Worker-79: Building] WARN  o.apache.maven.project.MavenProject - Plugin is modifying testCompileSourceRoots through clear(), which will not work in Maven 4.0.0. Use MavenProject.addTestCompileSourceRoot()/removeTestCompileSourceRoot() methods instead. If using a plugin, please upgrade to the latest version or report the issue to the plugin maintainer. To disable these warnings, set -Dmaven.project.sourceRoots.warningsDisabled=true on the command line, in the .mvn/maven.config file, or in project POM properties.
2026-06-19 11:48:35,576 [Worker-79: Building] WARN  o.apache.maven.project.MavenProject - Plugin is modifying testCompileSourceRoots through add(), which will not work in Maven 4.0.0. Use MavenProject.addTestCompileSourceRoot()/removeTestCompileSourceRoot() methods instead. If using a plugin, please upgrade to the latest version or report the issue to the plugin maintainer. To disable these warnings, set -Dmaven.project.sourceRoots.warningsDisabled=true on the command line, in the .mvn/maven.config file, or in project POM properties.
2026-06-19 11:49:25,511 [Worker-85: Building] INFO  o.a.m.s.f.DefaultMavenResourcesFiltering - Copying 0 resource from src\main\resources to target\classes
2026-06-19 11:49:25,512 [Worker-85: Building] INFO  o.a.m.s.f.DefaultMavenResourcesFiltering - Copying 0 resource from src\test\resources to target\test-classes
2026-06-19 11:49:25,512 [Worker-85: Building] WARN  o.apache.maven.project.MavenProject - Plugin is modifying compileSourceRoots through clear(), which will not work in Maven 4.0.0. Use MavenProject.addCompileSourceRoot()/removeCompileSourceRoot() methods instead. If using a plugin, please upgrade to the latest version or report the issue to the plugin maintainer. To disable these warnings, set -Dmaven.project.sourceRoots.warningsDisabled=true on the command line, in the .mvn/maven.config file, or in project POM properties.
2026-06-19 11:49:25,513 [Worker-85: Building] WARN  o.apache.maven.project.MavenProject - Plugin is modifying compileSourceRoots through add(), which will not work in Maven 4.0.0. Use MavenProject.addCompileSourceRoot()/removeCompileSourceRoot() methods instead. If using a plugin, please upgrade to the latest version or report the issue to the plugin maintainer. To disable these warnings, set -Dmaven.project.sourceRoots.warningsDisabled=true on the command line, in the .mvn/maven.config file, or in project POM properties.
2026-06-19 11:49:25,513 [Worker-85: Building] WARN  o.apache.maven.project.MavenProject - Plugin is modifying testCompileSourceRoots through clear(), which will not work in Maven 4.0.0. Use MavenProject.addTestCompileSourceRoot()/removeTestCompileSourceRoot() methods instead. If using a plugin, please upgrade to the latest version or report the issue to the plugin maintainer. To disable these warnings, set -Dmaven.project.sourceRoots.warningsDisabled=true on the command line, in the .mvn/maven.config file, or in project POM properties.
2026-06-19 11:49:25,513 [Worker-85: Building] WARN  o.apache.maven.project.MavenProject - Plugin is modifying testCompileSourceRoots through add(), which will not work in Maven 4.0.0. Use MavenProject.addTestCompileSourceRoot()/removeTestCompileSourceRoot() methods instead. If using a plugin, please upgrade to the latest version or report the issue to the plugin maintainer. To disable these warnings, set -Dmaven.project.sourceRoots.warningsDisabled=true on the command line, in the .mvn/maven.config file, or in project POM properties.
2026-06-19 11:49:39,903 [Worker-85: Building] INFO  o.a.m.s.f.DefaultMavenResourcesFiltering - Copying 0 resource from src\main\resources to target\classes
2026-06-19 11:49:39,904 [Worker-85: Building] INFO  o.a.m.s.f.DefaultMavenResourcesFiltering - Copying 0 resource from src\test\resources to target\test-classes
2026-06-19 11:49:39,904 [Worker-85: Building] WARN  o.apache.maven.project.MavenProject - Plugin is modifying compileSourceRoots through clear(), which will not work in Maven 4.0.0. Use MavenProject.addCompileSourceRoot()/removeCompileSourceRoot() methods instead. If using a plugin, please upgrade to the latest version or report the issue to the plugin maintainer. To disable these warnings, set -Dmaven.project.sourceRoots.warningsDisabled=true on the command line, in the .mvn/maven.config file, or in project POM properties.
2026-06-19 11:49:39,905 [Worker-85: Building] WARN  o.apache.maven.project.MavenProject - Plugin is modifying compileSourceRoots through add(), which will not work in Maven 4.0.0. Use MavenProject.addCompileSourceRoot()/removeCompileSourceRoot() methods instead. If using a plugin, please upgrade to the latest version or report the issue to the plugin maintainer. To disable these warnings, set -Dmaven.project.sourceRoots.warningsDisabled=true on the command line, in the .mvn/maven.config file, or in project POM properties.
2026-06-19 11:49:39,905 [Worker-85: Building] WARN  o.apache.maven.project.MavenProject - Plugin is modifying testCompileSourceRoots through clear(), which will not work in Maven 4.0.0. Use MavenProject.addTestCompileSourceRoot()/removeTestCompileSourceRoot() methods instead. If using a plugin, please upgrade to the latest version or report the issue to the plugin maintainer. To disable these warnings, set -Dmaven.project.sourceRoots.warningsDisabled=true on the command line, in the .mvn/maven.config file, or in project POM properties.
2026-06-19 11:49:39,905 [Worker-85: Building] WARN  o.apache.maven.project.MavenProject - Plugin is modifying testCompileSourceRoots through add(), which will not work in Maven 4.0.0. Use MavenProject.addTestCompileSourceRoot()/removeTestCompileSourceRoot() methods instead. If using a plugin, please upgrade to the latest version or report the issue to the plugin maintainer. To disable these warnings, set -Dmaven.project.sourceRoots.warningsDisabled=true on the command line, in the .mvn/maven.config file, or in project POM properties.
2026-06-19 11:54:41,611 [Worker-86: Building] INFO  o.a.m.s.f.DefaultMavenResourcesFiltering - Copying 0 resource from src\main\resources to target\classes
2026-06-19 11:54:41,612 [Worker-86: Building] INFO  o.a.m.s.f.DefaultMavenResourcesFiltering - Copying 0 resource from src\test\resources to target\test-classes
2026-06-19 11:54:41,612 [Worker-86: Building] WARN  o.apache.maven.project.MavenProject - Plugin is modifying compileSourceRoots through clear(), which will not work in Maven 4.0.0. Use MavenProject.addCompileSourceRoot()/removeCompileSourceRoot() methods instead. If using a plugin, please upgrade to the latest version or report the issue to the plugin maintainer. To disable these warnings, set -Dmaven.project.sourceRoots.warningsDisabled=true on the command line, in the .mvn/maven.config file, or in project POM properties.
2026-06-19 11:54:41,613 [Worker-86: Building] WARN  o.apache.maven.project.MavenProject - Plugin is modifying compileSourceRoots through add(), which will not work in Maven 4.0.0. Use MavenProject.addCompileSourceRoot()/removeCompileSourceRoot() methods instead. If using a plugin, please upgrade to the latest version or report the issue to the plugin maintainer. To disable these warnings, set -Dmaven.project.sourceRoots.warningsDisabled=true on the command line, in the .mvn/maven.config file, or in project POM properties.
2026-06-19 11:54:41,613 [Worker-86: Building] WARN  o.apache.maven.project.MavenProject - Plugin is modifying testCompileSourceRoots through clear(), which will not work in Maven 4.0.0. Use MavenProject.addTestCompileSourceRoot()/removeTestCompileSourceRoot() methods instead. If using a plugin, please upgrade to the latest version or report the issue to the plugin maintainer. To disable these warnings, set -Dmaven.project.sourceRoots.warningsDisabled=true on the command line, in the .mvn/maven.config file, or in project POM properties.
2026-06-19 11:54:41,613 [Worker-86: Building] WARN  o.apache.maven.project.MavenProject - Plugin is modifying testCompileSourceRoots through add(), which will not work in Maven 4.0.0. Use MavenProject.addTestCompileSourceRoot()/removeTestCompileSourceRoot() methods instead. If using a plugin, please upgrade to the latest version or report the issue to the plugin maintainer. To disable these warnings, set -Dmaven.project.sourceRoots.warningsDisabled=true on the command line, in the .mvn/maven.config file, or in project POM properties.
2026-06-19 11:55:00,903 [Worker-89: Building] INFO  o.a.m.s.f.DefaultMavenResourcesFiltering - Copying 0 resource from src\main\resources to target\classes
2026-06-19 11:55:00,903 [Worker-89: Building] INFO  o.a.m.s.f.DefaultMavenResourcesFiltering - Copying 0 resource from src\test\resources to target\test-classes
2026-06-19 11:55:00,903 [Worker-89: Building] WARN  o.apache.maven.project.MavenProject - Plugin is modifying compileSourceRoots through clear(), which will not work in Maven 4.0.0. Use MavenProject.addCompileSourceRoot()/removeCompileSourceRoot() methods instead. If using a plugin, please upgrade to the latest version or report the issue to the plugin maintainer. To disable these warnings, set -Dmaven.project.sourceRoots.warningsDisabled=true on the command line, in the .mvn/maven.config file, or in project POM properties.
2026-06-19 11:55:00,904 [Worker-89: Building] WARN  o.apache.maven.project.MavenProject - Plugin is modifying compileSourceRoots through add(), which will not work in Maven 4.0.0. Use MavenProject.addCompileSourceRoot()/removeCompileSourceRoot() methods instead. If using a plugin, please upgrade to the latest version or report the issue to the plugin maintainer. To disable these warnings, set -Dmaven.project.sourceRoots.warningsDisabled=true on the command line, in the .mvn/maven.config file, or in project POM properties.
2026-06-19 11:55:00,904 [Worker-89: Building] WARN  o.apache.maven.project.MavenProject - Plugin is modifying testCompileSourceRoots through clear(), which will not work in Maven 4.0.0. Use MavenProject.addTestCompileSourceRoot()/removeTestCompileSourceRoot() methods instead. If using a plugin, please upgrade to the latest version or report the issue to the plugin maintainer. To disable these warnings, set -Dmaven.project.sourceRoots.warningsDisabled=true on the command line, in the .mvn/maven.config file, or in project POM properties.
2026-06-19 11:55:00,904 [Worker-89: Building] WARN  o.apache.maven.project.MavenProject - Plugin is modifying testCompileSourceRoots through add(), which will not work in Maven 4.0.0. Use MavenProject.addTestCompileSourceRoot()/removeTestCompileSourceRoot() methods instead. If using a plugin, please upgrade to the latest version or report the issue to the plugin maintainer. To disable these warnings, set -Dmaven.project.sourceRoots.warningsDisabled=true on the command line, in the .mvn/maven.config file, or in project POM properties.
2026-06-19 11:55:23,575 [Worker-85: Building] INFO  o.a.m.s.f.DefaultMavenResourcesFiltering - Copying 0 resource from src\main\resources to target\classes
2026-06-19 11:55:23,577 [Worker-85: Building] INFO  o.a.m.s.f.DefaultMavenResourcesFiltering - Copying 0 resource from src\test\resources to target\test-classes
2026-06-19 11:55:23,578 [Worker-85: Building] WARN  o.apache.maven.project.MavenProject - Plugin is modifying compileSourceRoots through clear(), which will not work in Maven 4.0.0. Use MavenProject.addCompileSourceRoot()/removeCompileSourceRoot() methods instead. If using a plugin, please upgrade to the latest version or report the issue to the plugin maintainer. To disable these warnings, set -Dmaven.project.sourceRoots.warningsDisabled=true on the command line, in the .mvn/maven.config file, or in project POM properties.
2026-06-19 11:55:23,578 [Worker-85: Building] WARN  o.apache.maven.project.MavenProject - Plugin is modifying compileSourceRoots through add(), which will not work in Maven 4.0.0. Use MavenProject.addCompileSourceRoot()/removeCompileSourceRoot() methods instead. If using a plugin, please upgrade to the latest version or report the issue to the plugin maintainer. To disable these warnings, set -Dmaven.project.sourceRoots.warningsDisabled=true on the command line, in the .mvn/maven.config file, or in project POM properties.
2026-06-19 11:55:23,579 [Worker-85: Building] WARN  o.apache.maven.project.MavenProject - Plugin is modifying testCompileSourceRoots through clear(), which will not work in Maven 4.0.0. Use MavenProject.addTestCompileSourceRoot()/removeTestCompileSourceRoot() methods instead. If using a plugin, please upgrade to the latest version or report the issue to the plugin maintainer. To disable these warnings, set -Dmaven.project.sourceRoots.warningsDisabled=true on the command line, in the .mvn/maven.config file, or in project POM properties.
2026-06-19 11:55:23,579 [Worker-85: Building] WARN  o.apache.maven.project.MavenProject - Plugin is modifying testCompileSourceRoots through add(), which will not work in Maven 4.0.0. Use MavenProject.addTestCompileSourceRoot()/removeTestCompileSourceRoot() methods instead. If using a plugin, please upgrade to the latest version or report the issue to the plugin maintainer. To disable these warnings, set -Dmaven.project.sourceRoots.warningsDisabled=true on the command line, in the .mvn/maven.config file, or in project POM properties.
2026-06-19 11:55:45,220 [Worker-86: Building] INFO  o.a.m.s.f.DefaultMavenResourcesFiltering - Copying 0 resource from src\main\resources to target\classes
2026-06-19 11:55:45,221 [Worker-86: Building] INFO  o.a.m.s.f.DefaultMavenResourcesFiltering - Copying 0 resource from src\test\resources to target\test-classes
2026-06-19 11:55:45,221 [Worker-86: Building] WARN  o.apache.maven.project.MavenProject - Plugin is modifying compileSourceRoots through clear(), which will not work in Maven 4.0.0. Use MavenProject.addCompileSourceRoot()/removeCompileSourceRoot() methods instead. If using a plugin, please upgrade to the latest version or report the issue to the plugin maintainer. To disable these warnings, set -Dmaven.project.sourceRoots.warningsDisabled=true on the command line, in the .mvn/maven.config file, or in project POM properties.
2026-06-19 11:55:45,222 [Worker-86: Building] WARN  o.apache.maven.project.MavenProject - Plugin is modifying compileSourceRoots through add(), which will not work in Maven 4.0.0. Use MavenProject.addCompileSourceRoot()/removeCompileSourceRoot() methods instead. If using a plugin, please upgrade to the latest version or report the issue to the plugin maintainer. To disable these warnings, set -Dmaven.project.sourceRoots.warningsDisabled=true on the command line, in the .mvn/maven.config file, or in project POM properties.
2026-06-19 11:55:45,222 [Worker-86: Building] WARN  o.apache.maven.project.MavenProject - Plugin is modifying testCompileSourceRoots through clear(), which will not work in Maven 4.0.0. Use MavenProject.addTestCompileSourceRoot()/removeTestCompileSourceRoot() methods instead. If using a plugin, please upgrade to the latest version or report the issue to the plugin maintainer. To disable these warnings, set -Dmaven.project.sourceRoots.warningsDisabled=true on the command line, in the .mvn/maven.config file, or in project POM properties.
2026-06-19 11:55:45,222 [Worker-86: Building] WARN  o.apache.maven.project.MavenProject - Plugin is modifying testCompileSourceRoots through add(), which will not work in Maven 4.0.0. Use MavenProject.addTestCompileSourceRoot()/removeTestCompileSourceRoot() methods instead. If using a plugin, please upgrade to the latest version or report the issue to the plugin maintainer. To disable these warnings, set -Dmaven.project.sourceRoots.warningsDisabled=true on the command line, in the .mvn/maven.config file, or in project POM properties.
2026-06-19 12:08:31,632 [Worker-92: Launching mavenrun-c2a7327b-f910-45b1-9112-4229b989bed0] INFO  o.eclipse.m2e.core.internal.Bundles - getClasspathEntries(Bundle=org.eclipse.m2e.maven.runtime_3.9.1600.20260522-0510 [649])
2026-06-19 12:08:31,632 [Worker-92: Launching mavenrun-c2a7327b-f910-45b1-9112-4229b989bed0] INFO  o.eclipse.m2e.core.internal.Bundles - 	Entry: C:\Users\CVR\Downloads\eclipse-jee-2026-06-R-win32-x86_64\eclipse\plugins\org.eclipse.m2e.maven.runtime_3.9.1600.20260522-0510
2026-06-19 12:08:31,632 [Worker-92: Launching mavenrun-c2a7327b-f910-45b1-9112-4229b989bed0] INFO  o.eclipse.m2e.core.internal.Bundles - 	Entry: C:\Users\CVR\Downloads\eclipse-jee-2026-06-R-win32-x86_64\eclipse\plugins\org.eclipse.m2e.maven.runtime_3.9.1600.20260522-0510\jars\aopalliance-1.0.jar
2026-06-19 12:08:31,632 [Worker-92: Launching mavenrun-c2a7327b-f910-45b1-9112-4229b989bed0] INFO  o.eclipse.m2e.core.internal.Bundles - 	Entry: C:\Users\CVR\Downloads\eclipse-jee-2026-06-R-win32-x86_64\eclipse\plugins\org.eclipse.m2e.maven.runtime_3.9.1600.20260522-0510\jars\asm-9.9.1.jar
2026-06-19 12:08:31,633 [Worker-92: Launching mavenrun-c2a7327b-f910-45b1-9112-4229b989bed0] INFO  o.eclipse.m2e.core.internal.Bundles - 	Entry: C:\Users\CVR\Downloads\eclipse-jee-2026-06-R-win32-x86_64\eclipse\plugins\org.eclipse.m2e.maven.runtime_3.9.1600.20260522-0510\jars\error_prone_annotations-2.41.0.jar
2026-06-19 12:08:31,633 [Worker-92: Launching mavenrun-c2a7327b-f910-45b1-9112-4229b989bed0] INFO  o.eclipse.m2e.core.internal.Bundles - 	Entry: C:\Users\CVR\Downloads\eclipse-jee-2026-06-R-win32-x86_64\eclipse\plugins\org.eclipse.m2e.maven.runtime_3.9.1600.20260522-0510\jars\gson-2.13.2.jar
2026-06-19 12:08:31,633 [Worker-92: Launching mavenrun-c2a7327b-f910-45b1-9112-4229b989bed0] INFO  o.eclipse.m2e.core.internal.Bundles - 	Entry: C:\Users\CVR\Downloads\eclipse-jee-2026-06-R-win32-x86_64\eclipse\plugins\org.eclipse.m2e.maven.runtime_3.9.1600.20260522-0510\jars\guice-5.1.0-classes.jar
2026-06-19 12:08:31,633 [Worker-92: Launching mavenrun-c2a7327b-f910-45b1-9112-4229b989bed0] INFO  o.eclipse.m2e.core.internal.Bundles - 	Entry: C:\Users\CVR\Downloads\eclipse-jee-2026-06-R-win32-x86_64\eclipse\plugins\org.eclipse.m2e.maven.runtime_3.9.1600.20260522-0510\jars\httpclient-4.5.14.jar
2026-06-19 12:08:31,633 [Worker-92: Launching mavenrun-c2a7327b-f910-45b1-9112-4229b989bed0] INFO  o.eclipse.m2e.core.internal.Bundles - 	Entry: C:\Users\CVR\Downloads\eclipse-jee-2026-06-R-win32-x86_64\eclipse\plugins\org.eclipse.m2e.maven.runtime_3.9.1600.20260522-0510\jars\httpcore-4.4.16.jar
2026-06-19 12:08:31,633 [Worker-92: Launching mavenrun-c2a7327b-f910-45b1-9112-4229b989bed0] INFO  o.eclipse.m2e.core.internal.Bundles - 	Entry: C:\Users\CVR\Downloads\eclipse-jee-2026-06-R-win32-x86_64\eclipse\plugins\org.eclipse.m2e.maven.runtime_3.9.1600.20260522-0510\jars\jansi-2.4.3.jar
2026-06-19 12:08:31,633 [Worker-92: Launching mavenrun-c2a7327b-f910-45b1-9112-4229b989bed0] INFO  o.eclipse.m2e.core.internal.Bundles - 	Entry: C:\Users\CVR\Downloads\eclipse-jee-2026-06-R-win32-x86_64\eclipse\plugins\org.eclipse.m2e.maven.runtime_3.9.1600.20260522-0510\jars\jcl-over-slf4j-1.7.36.jar
2026-06-19 12:08:31,633 [Worker-92: Launching mavenrun-c2a7327b-f910-45b1-9112-4229b989bed0] INFO  o.eclipse.m2e.core.internal.Bundles - 	Entry: C:\Users\CVR\Downloads\eclipse-jee-2026-06-R-win32-x86_64\eclipse\plugins\org.eclipse.m2e.maven.runtime_3.9.1600.20260522-0510\jars\maven-artifact-3.9.16.jar
2026-06-19 12:08:31,633 [Worker-92: Launching mavenrun-c2a7327b-f910-45b1-9112-4229b989bed0] INFO  o.eclipse.m2e.core.internal.Bundles - 	Entry: C:\Users\CVR\Downloads\eclipse-jee-2026-06-R-win32-x86_64\eclipse\plugins\org.eclipse.m2e.maven.runtime_3.9.1600.20260522-0510\jars\maven-builder-support-3.9.16.jar
2026-06-19 12:08:31,633 [Worker-92: Launching mavenrun-c2a7327b-f910-45b1-9112-4229b989bed0] INFO  o.eclipse.m2e.core.internal.Bundles - 	Entry: C:\Users\CVR\Downloads\eclipse-jee-2026-06-R-win32-x86_64\eclipse\plugins\org.eclipse.m2e.maven.runtime_3.9.1600.20260522-0510\jars\maven-compat-3.9.16.jar
2026-06-19 12:08:31,633 [Worker-92: Launching mavenrun-c2a7327b-f910-45b1-9112-4229b989bed0] INFO  o.eclipse.m2e.core.internal.Bundles - 	Entry: C:\Users\CVR\Downloads\eclipse-jee-2026-06-R-win32-x86_64\eclipse\plugins\org.eclipse.m2e.maven.runtime_3.9.1600.20260522-0510\jars\maven-core-3.9.16.jar
2026-06-19 12:08:31,633 [Worker-92: Launching mavenrun-c2a7327b-f910-45b1-9112-4229b989bed0] INFO  o.eclipse.m2e.core.internal.Bundles - 	Entry: C:\Users\CVR\Downloads\eclipse-jee-2026-06-R-win32-x86_64\eclipse\plugins\org.eclipse.m2e.maven.runtime_3.9.1600.20260522-0510\jars\maven-embedder-3.9.16.jar
2026-06-19 12:08:31,633 [Worker-92: Launching mavenrun-c2a7327b-f910-45b1-9112-4229b989bed0] INFO  o.eclipse.m2e.core.internal.Bundles - 	Entry: C:\Users\CVR\Downloads\eclipse-jee-2026-06-R-win32-x86_64\eclipse\plugins\org.eclipse.m2e.maven.runtime_3.9.1600.20260522-0510\jars\maven-model-3.9.16.jar
2026-06-19 12:08:31,633 [Worker-92: Launching mavenrun-c2a7327b-f910-45b1-9112-4229b989bed0] INFO  o.eclipse.m2e.core.internal.Bundles - 	Entry: C:\Users\CVR\Downloads\eclipse-jee-2026-06-R-win32-x86_64\eclipse\plugins\org.eclipse.m2e.maven.runtime_3.9.1600.20260522-0510\jars\maven-model-builder-3.9.16.jar
2026-06-19 12:08:31,633 [Worker-92: Launching mavenrun-c2a7327b-f910-45b1-9112-4229b989bed0] INFO  o.eclipse.m2e.core.internal.Bundles - 	Entry: C:\Users\CVR\Downloads\eclipse-jee-2026-06-R-win32-x86_64\eclipse\plugins\org.eclipse.m2e.maven.runtime_3.9.1600.20260522-0510\jars\maven-plugin-api-3.9.16.jar
2026-06-19 12:08:31,633 [Worker-92: Launching mavenrun-c2a7327b-f910-45b1-9112-4229b989bed0] INFO  o.eclipse.m2e.core.internal.Bundles - 	Entry: C:\Users\CVR\Downloads\eclipse-jee-2026-06-R-win32-x86_64\eclipse\plugins\org.eclipse.m2e.maven.runtime_3.9.1600.20260522-0510\jars\maven-repository-metadata-3.9.16.jar
2026-06-19 12:08:31,633 [Worker-92: Launching mavenrun-c2a7327b-f910-45b1-9112-4229b989bed0] INFO  o.eclipse.m2e.core.internal.Bundles - 	Entry: C:\Users\CVR\Downloads\eclipse-jee-2026-06-R-win32-x86_64\eclipse\plugins\org.eclipse.m2e.maven.runtime_3.9.1600.20260522-0510\jars\maven-resolver-api-1.9.27.jar
2026-06-19 12:08:31,633 [Worker-92: Launching mavenrun-c2a7327b-f910-45b1-9112-4229b989bed0] INFO  o.eclipse.m2e.core.internal.Bundles - 	Entry: C:\Users\CVR\Downloads\eclipse-jee-2026-06-R-win32-x86_64\eclipse\plugins\org.eclipse.m2e.maven.runtime_3.9.1600.20260522-0510\jars\maven-resolver-connector-basic-1.9.27.jar
2026-06-19 12:08:31,633 [Worker-92: Launching mavenrun-c2a7327b-f910-45b1-9112-4229b989bed0] INFO  o.eclipse.m2e.core.internal.Bundles - 	Entry: C:\Users\CVR\Downloads\eclipse-jee-2026-06-R-win32-x86_64\eclipse\plugins\org.eclipse.m2e.maven.runtime_3.9.1600.20260522-0510\jars\maven-resolver-impl-1.9.27.jar
2026-06-19 12:08:31,633 [Worker-92: Launching mavenrun-c2a7327b-f910-45b1-9112-4229b989bed0] INFO  o.eclipse.m2e.core.internal.Bundles - 	Entry: C:\Users\CVR\Downloads\eclipse-jee-2026-06-R-win32-x86_64\eclipse\plugins\org.eclipse.m2e.maven.runtime_3.9.1600.20260522-0510\jars\maven-resolver-named-locks-1.9.27.jar
2026-06-19 12:08:31,633 [Worker-92: Launching mavenrun-c2a7327b-f910-45b1-9112-4229b989bed0] INFO  o.eclipse.m2e.core.internal.Bundles - 	Entry: C:\Users\CVR\Downloads\eclipse-jee-2026-06-R-win32-x86_64\eclipse\plugins\org.eclipse.m2e.maven.runtime_3.9.1600.20260522-0510\jars\maven-resolver-provider-3.9.16.jar
2026-06-19 12:08:31,633 [Worker-92: Launching mavenrun-c2a7327b-f910-45b1-9112-4229b989bed0] INFO  o.eclipse.m2e.core.internal.Bundles - 	Entry: C:\Users\CVR\Downloads\eclipse-jee-2026-06-R-win32-x86_64\eclipse\plugins\org.eclipse.m2e.maven.runtime_3.9.1600.20260522-0510\jars\maven-resolver-spi-1.9.27.jar
2026-06-19 12:08:31,633 [Worker-92: Launching mavenrun-c2a7327b-f910-45b1-9112-4229b989bed0] INFO  o.eclipse.m2e.core.internal.Bundles - 	Entry: C:\Users\CVR\Downloads\eclipse-jee-2026-06-R-win32-x86_64\eclipse\plugins\org.eclipse.m2e.maven.runtime_3.9.1600.20260522-0510\jars\maven-resolver-transport-file-1.9.27.jar
2026-06-19 12:08:31,633 [Worker-92: Launching mavenrun-c2a7327b-f910-45b1-9112-4229b989bed0] INFO  o.eclipse.m2e.core.internal.Bundles - 	Entry: C:\Users\CVR\Downloads\eclipse-jee-2026-06-R-win32-x86_64\eclipse\plugins\org.eclipse.m2e.maven.runtime_3.9.1600.20260522-0510\jars\maven-resolver-transport-http-1.9.27.jar
2026-06-19 12:08:31,633 [Worker-92: Launching mavenrun-c2a7327b-f910-45b1-9112-4229b989bed0] INFO  o.eclipse.m2e.core.internal.Bundles - 	Entry: C:\Users\CVR\Downloads\eclipse-jee-2026-06-R-win32-x86_64\eclipse\plugins\org.eclipse.m2e.maven.runtime_3.9.1600.20260522-0510\jars\maven-resolver-transport-wagon-1.9.27.jar
2026-06-19 12:08:31,633 [Worker-92: Launching mavenrun-c2a7327b-f910-45b1-9112-4229b989bed0] INFO  o.eclipse.m2e.core.internal.Bundles - 	Entry: C:\Users\CVR\Downloads\eclipse-jee-2026-06-R-win32-x86_64\eclipse\plugins\org.eclipse.m2e.maven.runtime_3.9.1600.20260522-0510\jars\maven-resolver-util-1.9.27.jar
2026-06-19 12:08:31,634 [Worker-92: Launching mavenrun-c2a7327b-f910-45b1-9112-4229b989bed0] INFO  o.eclipse.m2e.core.internal.Bundles - 	Entry: C:\Users\CVR\Downloads\eclipse-jee-2026-06-R-win32-x86_64\eclipse\plugins\org.eclipse.m2e.maven.runtime_3.9.1600.20260522-0510\jars\maven-settings-3.9.16.jar
2026-06-19 12:08:31,634 [Worker-92: Launching mavenrun-c2a7327b-f910-45b1-9112-4229b989bed0] INFO  o.eclipse.m2e.core.internal.Bundles - 	Entry: C:\Users\CVR\Downloads\eclipse-jee-2026-06-R-win32-x86_64\eclipse\plugins\org.eclipse.m2e.maven.runtime_3.9.1600.20260522-0510\jars\maven-settings-builder-3.9.16.jar
2026-06-19 12:08:31,634 [Worker-92: Launching mavenrun-c2a7327b-f910-45b1-9112-4229b989bed0] INFO  o.eclipse.m2e.core.internal.Bundles - 	Entry: C:\Users\CVR\Downloads\eclipse-jee-2026-06-R-win32-x86_64\eclipse\plugins\org.eclipse.m2e.maven.runtime_3.9.1600.20260522-0510\jars\maven-shared-utils-3.4.2.jar
2026-06-19 12:08:31,634 [Worker-92: Launching mavenrun-c2a7327b-f910-45b1-9112-4229b989bed0] INFO  o.eclipse.m2e.core.internal.Bundles - 	Entry: C:\Users\CVR\Downloads\eclipse-jee-2026-06-R-win32-x86_64\eclipse\plugins\org.eclipse.m2e.maven.runtime_3.9.1600.20260522-0510\jars\org.eclipse.sisu.inject-1.0.0.jar
2026-06-19 12:08:31,634 [Worker-92: Launching mavenrun-c2a7327b-f910-45b1-9112-4229b989bed0] INFO  o.eclipse.m2e.core.internal.Bundles - 	Entry: C:\Users\CVR\Downloads\eclipse-jee-2026-06-R-win32-x86_64\eclipse\plugins\org.eclipse.m2e.maven.runtime_3.9.1600.20260522-0510\jars\org.eclipse.sisu.plexus-1.0.0.jar
2026-06-19 12:08:31,634 [Worker-92: Launching mavenrun-c2a7327b-f910-45b1-9112-4229b989bed0] INFO  o.eclipse.m2e.core.internal.Bundles - 	Entry: C:\Users\CVR\Downloads\eclipse-jee-2026-06-R-win32-x86_64\eclipse\plugins\org.eclipse.m2e.maven.runtime_3.9.1600.20260522-0510\jars\plexus-build-api-0.0.7.jar
2026-06-19 12:08:31,634 [Worker-92: Launching mavenrun-c2a7327b-f910-45b1-9112-4229b989bed0] INFO  o.eclipse.m2e.core.internal.Bundles - 	Entry: C:\Users\CVR\Downloads\eclipse-jee-2026-06-R-win32-x86_64\eclipse\plugins\org.eclipse.m2e.maven.runtime_3.9.1600.20260522-0510\jars\plexus-build-api-1.2.0.jar
2026-06-19 12:08:31,634 [Worker-92: Launching mavenrun-c2a7327b-f910-45b1-9112-4229b989bed0] INFO  o.eclipse.m2e.core.internal.Bundles - 	Entry: C:\Users\CVR\Downloads\eclipse-jee-2026-06-R-win32-x86_64\eclipse\plugins\org.eclipse.m2e.maven.runtime_3.9.1600.20260522-0510\jars\plexus-cipher-2.0.jar
2026-06-19 12:08:31,634 [Worker-92: Launching mavenrun-c2a7327b-f910-45b1-9112-4229b989bed0] INFO  o.eclipse.m2e.core.internal.Bundles - 	Entry: C:\Users\CVR\Downloads\eclipse-jee-2026-06-R-win32-x86_64\eclipse\plugins\org.eclipse.m2e.maven.runtime_3.9.1600.20260522-0510\jars\plexus-classworlds-2.11.0.jar
2026-06-19 12:08:31,634 [Worker-92: Launching mavenrun-c2a7327b-f910-45b1-9112-4229b989bed0] INFO  o.eclipse.m2e.core.internal.Bundles - 	Entry: C:\Users\CVR\Downloads\eclipse-jee-2026-06-R-win32-x86_64\eclipse\plugins\org.eclipse.m2e.maven.runtime_3.9.1600.20260522-0510\jars\plexus-component-annotations-2.2.0.jar
2026-06-19 12:08:31,634 [Worker-92: Launching mavenrun-c2a7327b-f910-45b1-9112-4229b989bed0] INFO  o.eclipse.m2e.core.internal.Bundles - 	Entry: C:\Users\CVR\Downloads\eclipse-jee-2026-06-R-win32-x86_64\eclipse\plugins\org.eclipse.m2e.maven.runtime_3.9.1600.20260522-0510\jars\plexus-interpolation-1.29.jar
2026-06-19 12:08:31,634 [Worker-92: Launching mavenrun-c2a7327b-f910-45b1-9112-4229b989bed0] INFO  o.eclipse.m2e.core.internal.Bundles - 	Entry: C:\Users\CVR\Downloads\eclipse-jee-2026-06-R-win32-x86_64\eclipse\plugins\org.eclipse.m2e.maven.runtime_3.9.1600.20260522-0510\jars\plexus-sec-dispatcher-2.0.jar
2026-06-19 12:08:31,634 [Worker-92: Launching mavenrun-c2a7327b-f910-45b1-9112-4229b989bed0] INFO  o.eclipse.m2e.core.internal.Bundles - 	Entry: C:\Users\CVR\Downloads\eclipse-jee-2026-06-R-win32-x86_64\eclipse\plugins\org.eclipse.m2e.maven.runtime_3.9.1600.20260522-0510\jars\plexus-utils-3.6.1.jar
2026-06-19 12:08:31,634 [Worker-92: Launching mavenrun-c2a7327b-f910-45b1-9112-4229b989bed0] INFO  o.eclipse.m2e.core.internal.Bundles - 	Entry: C:\Users\CVR\Downloads\eclipse-jee-2026-06-R-win32-x86_64\eclipse\plugins\org.eclipse.m2e.maven.runtime_3.9.1600.20260522-0510\jars\wagon-file-3.5.3.jar
2026-06-19 12:08:31,634 [Worker-92: Launching mavenrun-c2a7327b-f910-45b1-9112-4229b989bed0] INFO  o.eclipse.m2e.core.internal.Bundles - 	Entry: C:\Users\CVR\Downloads\eclipse-jee-2026-06-R-win32-x86_64\eclipse\plugins\org.eclipse.m2e.maven.runtime_3.9.1600.20260522-0510\jars\wagon-http-3.5.3.jar
2026-06-19 12:08:31,634 [Worker-92: Launching mavenrun-c2a7327b-f910-45b1-9112-4229b989bed0] INFO  o.eclipse.m2e.core.internal.Bundles - 	Entry: C:\Users\CVR\Downloads\eclipse-jee-2026-06-R-win32-x86_64\eclipse\plugins\org.eclipse.m2e.maven.runtime_3.9.1600.20260522-0510\jars\wagon-http-shared-3.5.3.jar
2026-06-19 12:08:31,634 [Worker-92: Launching mavenrun-c2a7327b-f910-45b1-9112-4229b989bed0] INFO  o.eclipse.m2e.core.internal.Bundles - 	Entry: C:\Users\CVR\Downloads\eclipse-jee-2026-06-R-win32-x86_64\eclipse\plugins\org.eclipse.m2e.maven.runtime_3.9.1600.20260522-0510\jars\wagon-provider-api-3.5.3.jar
2026-06-19 12:08:31,634 [Worker-92: Launching mavenrun-c2a7327b-f910-45b1-9112-4229b989bed0] INFO  o.eclipse.m2e.core.internal.Bundles - getClasspathEntries(Bundle=com.google.guava_33.6.0.jre [18])
2026-06-19 12:08:31,635 [Worker-92: Launching mavenrun-c2a7327b-f910-45b1-9112-4229b989bed0] INFO  o.eclipse.m2e.core.internal.Bundles - 	Entry: C:\Users\CVR\Downloads\eclipse-jee-2026-06-R-win32-x86_64\eclipse\plugins\com.google.guava_33.6.0.jre.jar
2026-06-19 12:08:31,635 [Worker-92: Launching mavenrun-c2a7327b-f910-45b1-9112-4229b989bed0] INFO  o.eclipse.m2e.core.internal.Bundles - getClasspathEntries(Bundle=slf4j.api_2.0.18 [1017])
2026-06-19 12:08:31,635 [Worker-92: Launching mavenrun-c2a7327b-f910-45b1-9112-4229b989bed0] INFO  o.eclipse.m2e.core.internal.Bundles - 	Entry: C:\Users\CVR\Downloads\eclipse-jee-2026-06-R-win32-x86_64\eclipse\plugins\slf4j.api_2.0.18.jar
2026-06-19 12:08:31,635 [Worker-92: Launching mavenrun-c2a7327b-f910-45b1-9112-4229b989bed0] INFO  o.eclipse.m2e.core.internal.Bundles - getClasspathEntries(Bundle=jakarta.inject.jakarta.inject-api_1.0.5 [35])
2026-06-19 12:08:31,635 [Worker-92: Launching mavenrun-c2a7327b-f910-45b1-9112-4229b989bed0] INFO  o.eclipse.m2e.core.internal.Bundles - 	Entry: C:\Users\CVR\Downloads\eclipse-jee-2026-06-R-win32-x86_64\eclipse\plugins\jakarta.inject.jakarta.inject-api_1.0.5.jar
2026-06-19 12:08:31,635 [Worker-92: Launching mavenrun-c2a7327b-f910-45b1-9112-4229b989bed0] INFO  o.eclipse.m2e.core.internal.Bundles - getClasspathEntries(Bundle=jakarta.annotation-api_1.3.5 [31])
2026-06-19 12:08:31,635 [Worker-92: Launching mavenrun-c2a7327b-f910-45b1-9112-4229b989bed0] INFO  o.eclipse.m2e.core.internal.Bundles - 	Entry: C:\Users\CVR\Downloads\eclipse-jee-2026-06-R-win32-x86_64\eclipse\plugins\jakarta.annotation-api_1.3.5.jar
2026-06-19 12:08:31,635 [Worker-92: Launching mavenrun-c2a7327b-f910-45b1-9112-4229b989bed0] INFO  o.eclipse.m2e.core.internal.Bundles - getClasspathEntries(Bundle=org.apache.commons.cli_1.11.0 [83])
2026-06-19 12:08:31,635 [Worker-92: Launching mavenrun-c2a7327b-f910-45b1-9112-4229b989bed0] INFO  o.eclipse.m2e.core.internal.Bundles - 	Entry: C:\Users\CVR\Downloads\eclipse-jee-2026-06-R-win32-x86_64\eclipse\plugins\org.apache.commons.cli_1.11.0.jar
2026-06-19 12:08:31,635 [Worker-92: Launching mavenrun-c2a7327b-f910-45b1-9112-4229b989bed0] INFO  o.eclipse.m2e.core.internal.Bundles - getClasspathEntries(Bundle=org.apache.commons.commons-codec_1.22.0 [85])
2026-06-19 12:08:31,635 [Worker-92: Launching mavenrun-c2a7327b-f910-45b1-9112-4229b989bed0] INFO  o.eclipse.m2e.core.internal.Bundles - 	Entry: C:\Users\CVR\Downloads\eclipse-jee-2026-06-R-win32-x86_64\eclipse\plugins\org.apache.commons.commons-codec_1.22.0.jar
2026-06-19 12:08:31,635 [Worker-92: Launching mavenrun-c2a7327b-f910-45b1-9112-4229b989bed0] INFO  o.eclipse.m2e.core.internal.Bundles - getClasspathEntries(Bundle=com.google.guava.failureaccess_1.0.3 [19])
2026-06-19 12:08:31,636 [Worker-92: Launching mavenrun-c2a7327b-f910-45b1-9112-4229b989bed0] INFO  o.eclipse.m2e.core.internal.Bundles - 	Entry: C:\Users\CVR\Downloads\eclipse-jee-2026-06-R-win32-x86_64\eclipse\plugins\com.google.guava.failureaccess_1.0.3.jar
2026-06-19 12:08:31,636 [Worker-92: Launching mavenrun-c2a7327b-f910-45b1-9112-4229b989bed0] INFO  o.e.m.i.launch.MavenLaunchDelegate - Run build in "C:\Users\CVR\AppData\Local\Temp\m2e-archetypeGenerator9965881590572782157":
2026-06-19 12:08:31,636 [Worker-92: Launching mavenrun-c2a7327b-f910-45b1-9112-4229b989bed0] INFO  o.e.m.i.launch.MavenLaunchDelegate -  mvn  -DarchetypeGroupId=org.apache.maven.archetypes -DarchetypeArtifactId=maven-archetype-quickstart -DarchetypeVersion=1.1 -DgroupId=cq -DartifactId=order -Dversion=0.0.1-SNAPSHOT -Dpackage=cq.order -DoutputDirectory=C:\Users\CVR\eclipse-workspace -Dstyle.color=always -U archetype:generate
2026-06-19 12:08:37,429 [Worker-91: Creating maven-archetype-quickstart] INFO  o.e.m.c.i.p.ProjectConfigurationManager - Collecting project info '/pom.xml' C:\Users\CVR\eclipse-workspace\order\pom.xml
2026-06-19 12:08:37,450 [Worker-91: Creating maven-archetype-quickstart] INFO  o.e.m.c.i.l.LifecycleMappingFactory - Using org.eclipse.m2e.jdt.JarLifecycleMapping lifecycle mapping for MavenProject: cq:order:0.0.1-SNAPSHOT @ C:\Users\CVR\eclipse-workspace\order\pom.xml.
2026-06-19 12:08:37,608 [Worker-91: Creating maven-archetype-quickstart] INFO  o.e.m.j.i.AbstractJavaProjectConfigurator - Adding source folder /order/src/main/java
2026-06-19 12:08:37,609 [Worker-91: Creating maven-archetype-quickstart] INFO  o.e.m.j.i.AbstractJavaProjectConfigurator - Adding resource folder /order/src/main/resources
2026-06-19 12:08:37,610 [Worker-91: Creating maven-archetype-quickstart] INFO  o.e.m.j.i.AbstractJavaProjectConfigurator - Adding source folder /order/src/test/java
2026-06-19 12:08:37,610 [Worker-91: Creating maven-archetype-quickstart] INFO  o.e.m.j.i.AbstractJavaProjectConfigurator - Adding resource folder /order/src/test/resources
2026-06-19 12:08:37,632 [Worker-91: Creating maven-archetype-quickstart] WARN  o.apache.maven.project.MavenProject - Plugin is modifying compileSourceRoots through clear(), which will not work in Maven 4.0.0. Use MavenProject.addCompileSourceRoot()/removeCompileSourceRoot() methods instead. If using a plugin, please upgrade to the latest version or report the issue to the plugin maintainer. To disable these warnings, set -Dmaven.project.sourceRoots.warningsDisabled=true on the command line, in the .mvn/maven.config file, or in project POM properties.
2026-06-19 12:08:37,632 [Worker-91: Creating maven-archetype-quickstart] WARN  o.apache.maven.project.MavenProject - Plugin is modifying compileSourceRoots through add(), which will not work in Maven 4.0.0. Use MavenProject.addCompileSourceRoot()/removeCompileSourceRoot() methods instead. If using a plugin, please upgrade to the latest version or report the issue to the plugin maintainer. To disable these warnings, set -Dmaven.project.sourceRoots.warningsDisabled=true on the command line, in the .mvn/maven.config file, or in project POM properties.
2026-06-19 12:08:37,632 [Worker-91: Creating maven-archetype-quickstart] WARN  o.apache.maven.project.MavenProject - Plugin is modifying testCompileSourceRoots through clear(), which will not work in Maven 4.0.0. Use MavenProject.addTestCompileSourceRoot()/removeTestCompileSourceRoot() methods instead. If using a plugin, please upgrade to the latest version or report the issue to the plugin maintainer. To disable these warnings, set -Dmaven.project.sourceRoots.warningsDisabled=true on the command line, in the .mvn/maven.config file, or in project POM properties.
2026-06-19 12:08:37,633 [Worker-91: Creating maven-archetype-quickstart] WARN  o.apache.maven.project.MavenProject - Plugin is modifying testCompileSourceRoots through add(), which will not work in Maven 4.0.0. Use MavenProject.addTestCompileSourceRoot()/removeTestCompileSourceRoot() methods instead. If using a plugin, please upgrade to the latest version or report the issue to the plugin maintainer. To disable these warnings, set -Dmaven.project.sourceRoots.warningsDisabled=true on the command line, in the .mvn/maven.config file, or in project POM properties.
2026-06-19 12:08:37,636 [Worker-91: Creating maven-archetype-quickstart] INFO  o.e.m.c.i.p.ProjectConfigurationManager - Imported and configured 1 project(s) in 0 sec
2026-06-19 12:08:37,784 [Worker-96: Building] INFO  o.a.m.s.f.DefaultMavenResourcesFiltering - skip non existing resourceDirectory C:\Users\CVR\eclipse-workspace\order\src\main\resources
2026-06-19 12:08:37,785 [Worker-96: Building] INFO  o.a.m.s.f.DefaultMavenResourcesFiltering - skip non existing resourceDirectory C:\Users\CVR\eclipse-workspace\order\src\test\resources
2026-06-19 12:08:37,790 [Worker-96: Building] WARN  o.apache.maven.project.MavenProject - Plugin is modifying compileSourceRoots through clear(), which will not work in Maven 4.0.0. Use MavenProject.addCompileSourceRoot()/removeCompileSourceRoot() methods instead. If using a plugin, please upgrade to the latest version or report the issue to the plugin maintainer. To disable these warnings, set -Dmaven.project.sourceRoots.warningsDisabled=true on the command line, in the .mvn/maven.config file, or in project POM properties.
2026-06-19 12:08:37,790 [Worker-96: Building] WARN  o.apache.maven.project.MavenProject - Plugin is modifying compileSourceRoots through add(), which will not work in Maven 4.0.0. Use MavenProject.addCompileSourceRoot()/removeCompileSourceRoot() methods instead. If using a plugin, please upgrade to the latest version or report the issue to the plugin maintainer. To disable these warnings, set -Dmaven.project.sourceRoots.warningsDisabled=true on the command line, in the .mvn/maven.config file, or in project POM properties.
2026-06-19 12:08:37,790 [Worker-96: Building] WARN  o.apache.maven.project.MavenProject - Plugin is modifying testCompileSourceRoots through clear(), which will not work in Maven 4.0.0. Use MavenProject.addTestCompileSourceRoot()/removeTestCompileSourceRoot() methods instead. If using a plugin, please upgrade to the latest version or report the issue to the plugin maintainer. To disable these warnings, set -Dmaven.project.sourceRoots.warningsDisabled=true on the command line, in the .mvn/maven.config file, or in project POM properties.
2026-06-19 12:08:37,791 [Worker-96: Building] WARN  o.apache.maven.project.MavenProject - Plugin is modifying testCompileSourceRoots through add(), which will not work in Maven 4.0.0. Use MavenProject.addTestCompileSourceRoot()/removeTestCompileSourceRoot() methods instead. If using a plugin, please upgrade to the latest version or report the issue to the plugin maintainer. To disable these warnings, set -Dmaven.project.sourceRoots.warningsDisabled=true on the command line, in the .mvn/maven.config file, or in project POM properties.
2026-06-19 12:08:55,920 [Worker-95: Building] INFO  o.a.m.s.f.DefaultMavenResourcesFiltering - skip non existing resourceDirectory C:\Users\CVR\eclipse-workspace\order\src\main\resources
2026-06-19 12:08:55,921 [Worker-95: Building] INFO  o.a.m.s.f.DefaultMavenResourcesFiltering - skip non existing resourceDirectory C:\Users\CVR\eclipse-workspace\order\src\test\resources
2026-06-19 12:08:55,921 [Worker-95: Building] WARN  o.apache.maven.project.MavenProject - Plugin is modifying compileSourceRoots through clear(), which will not work in Maven 4.0.0. Use MavenProject.addCompileSourceRoot()/removeCompileSourceRoot() methods instead. If using a plugin, please upgrade to the latest version or report the issue to the plugin maintainer. To disable these warnings, set -Dmaven.project.sourceRoots.warningsDisabled=true on the command line, in the .mvn/maven.config file, or in project POM properties.
2026-06-19 12:08:55,921 [Worker-95: Building] WARN  o.apache.maven.project.MavenProject - Plugin is modifying compileSourceRoots through add(), which will not work in Maven 4.0.0. Use MavenProject.addCompileSourceRoot()/removeCompileSourceRoot() methods instead. If using a plugin, please upgrade to the latest version or report the issue to the plugin maintainer. To disable these warnings, set -Dmaven.project.sourceRoots.warningsDisabled=true on the command line, in the .mvn/maven.config file, or in project POM properties.
2026-06-19 12:08:55,922 [Worker-95: Building] WARN  o.apache.maven.project.MavenProject - Plugin is modifying testCompileSourceRoots through clear(), which will not work in Maven 4.0.0. Use MavenProject.addTestCompileSourceRoot()/removeTestCompileSourceRoot() methods instead. If using a plugin, please upgrade to the latest version or report the issue to the plugin maintainer. To disable these warnings, set -Dmaven.project.sourceRoots.warningsDisabled=true on the command line, in the .mvn/maven.config file, or in project POM properties.
2026-06-19 12:08:55,922 [Worker-95: Building] WARN  o.apache.maven.project.MavenProject - Plugin is modifying testCompileSourceRoots through add(), which will not work in Maven 4.0.0. Use MavenProject.addTestCompileSourceRoot()/removeTestCompileSourceRoot() methods instead. If using a plugin, please upgrade to the latest version or report the issue to the plugin maintainer. To disable these warnings, set -Dmaven.project.sourceRoots.warningsDisabled=true on the command line, in the .mvn/maven.config file, or in project POM properties.
2026-06-19 12:10:02,280 [Worker-97: Building] INFO  o.a.m.s.f.DefaultMavenResourcesFiltering - skip non existing resourceDirectory C:\Users\CVR\eclipse-workspace\order\src\main\resources
2026-06-19 12:10:02,281 [Worker-97: Building] INFO  o.a.m.s.f.DefaultMavenResourcesFiltering - skip non existing resourceDirectory C:\Users\CVR\eclipse-workspace\order\src\test\resources
2026-06-19 12:10:02,281 [Worker-97: Building] WARN  o.apache.maven.project.MavenProject - Plugin is modifying compileSourceRoots through clear(), which will not work in Maven 4.0.0. Use MavenProject.addCompileSourceRoot()/removeCompileSourceRoot() methods instead. If using a plugin, please upgrade to the latest version or report the issue to the plugin maintainer. To disable these warnings, set -Dmaven.project.sourceRoots.warningsDisabled=true on the command line, in the .mvn/maven.config file, or in project POM properties.
2026-06-19 12:10:02,281 [Worker-97: Building] WARN  o.apache.maven.project.MavenProject - Plugin is modifying compileSourceRoots through add(), which will not work in Maven 4.0.0. Use MavenProject.addCompileSourceRoot()/removeCompileSourceRoot() methods instead. If using a plugin, please upgrade to the latest version or report the issue to the plugin maintainer. To disable these warnings, set -Dmaven.project.sourceRoots.warningsDisabled=true on the command line, in the .mvn/maven.config file, or in project POM properties.
2026-06-19 12:10:02,282 [Worker-97: Building] WARN  o.apache.maven.project.MavenProject - Plugin is modifying testCompileSourceRoots through clear(), which will not work in Maven 4.0.0. Use MavenProject.addTestCompileSourceRoot()/removeTestCompileSourceRoot() methods instead. If using a plugin, please upgrade to the latest version or report the issue to the plugin maintainer. To disable these warnings, set -Dmaven.project.sourceRoots.warningsDisabled=true on the command line, in the .mvn/maven.config file, or in project POM properties.
2026-06-19 12:10:02,282 [Worker-97: Building] WARN  o.apache.maven.project.MavenProject - Plugin is modifying testCompileSourceRoots through add(), which will not work in Maven 4.0.0. Use MavenProject.addTestCompileSourceRoot()/removeTestCompileSourceRoot() methods instead. If using a plugin, please upgrade to the latest version or report the issue to the plugin maintainer. To disable these warnings, set -Dmaven.project.sourceRoots.warningsDisabled=true on the command line, in the .mvn/maven.config file, or in project POM properties.
2026-06-19 12:11:10,499 [Worker-97: Building] INFO  o.a.m.s.f.DefaultMavenResourcesFiltering - skip non existing resourceDirectory C:\Users\CVR\eclipse-workspace\order\src\main\resources
2026-06-19 12:11:10,500 [Worker-97: Building] INFO  o.a.m.s.f.DefaultMavenResourcesFiltering - skip non existing resourceDirectory C:\Users\CVR\eclipse-workspace\order\src\test\resources
2026-06-19 12:11:10,500 [Worker-97: Building] WARN  o.apache.maven.project.MavenProject - Plugin is modifying compileSourceRoots through clear(), which will not work in Maven 4.0.0. Use MavenProject.addCompileSourceRoot()/removeCompileSourceRoot() methods instead. If using a plugin, please upgrade to the latest version or report the issue to the plugin maintainer. To disable these warnings, set -Dmaven.project.sourceRoots.warningsDisabled=true on the command line, in the .mvn/maven.config file, or in project POM properties.
2026-06-19 12:11:10,501 [Worker-97: Building] WARN  o.apache.maven.project.MavenProject - Plugin is modifying compileSourceRoots through add(), which will not work in Maven 4.0.0. Use MavenProject.addCompileSourceRoot()/removeCompileSourceRoot() methods instead. If using a plugin, please upgrade to the latest version or report the issue to the plugin maintainer. To disable these warnings, set -Dmaven.project.sourceRoots.warningsDisabled=true on the command line, in the .mvn/maven.config file, or in project POM properties.
2026-06-19 12:11:10,501 [Worker-97: Building] WARN  o.apache.maven.project.MavenProject - Plugin is modifying testCompileSourceRoots through clear(), which will not work in Maven 4.0.0. Use MavenProject.addTestCompileSourceRoot()/removeTestCompileSourceRoot() methods instead. If using a plugin, please upgrade to the latest version or report the issue to the plugin maintainer. To disable these warnings, set -Dmaven.project.sourceRoots.warningsDisabled=true on the command line, in the .mvn/maven.config file, or in project POM properties.
2026-06-19 12:11:10,501 [Worker-97: Building] WARN  o.apache.maven.project.MavenProject - Plugin is modifying testCompileSourceRoots through add(), which will not work in Maven 4.0.0. Use MavenProject.addTestCompileSourceRoot()/removeTestCompileSourceRoot() methods instead. If using a plugin, please upgrade to the latest version or report the issue to the plugin maintainer. To disable these warnings, set -Dmaven.project.sourceRoots.warningsDisabled=true on the command line, in the .mvn/maven.config file, or in project POM properties.
2026-06-19 12:11:22,412 [Worker-96: Building] INFO  o.a.m.s.f.DefaultMavenResourcesFiltering - skip non existing resourceDirectory C:\Users\CVR\eclipse-workspace\order\src\main\resources
2026-06-19 12:11:22,413 [Worker-96: Building] INFO  o.a.m.s.f.DefaultMavenResourcesFiltering - skip non existing resourceDirectory C:\Users\CVR\eclipse-workspace\order\src\test\resources
2026-06-19 12:11:22,413 [Worker-96: Building] WARN  o.apache.maven.project.MavenProject - Plugin is modifying compileSourceRoots through clear(), which will not work in Maven 4.0.0. Use MavenProject.addCompileSourceRoot()/removeCompileSourceRoot() methods instead. If using a plugin, please upgrade to the latest version or report the issue to the plugin maintainer. To disable these warnings, set -Dmaven.project.sourceRoots.warningsDisabled=true on the command line, in the .mvn/maven.config file, or in project POM properties.
2026-06-19 12:11:22,413 [Worker-96: Building] WARN  o.apache.maven.project.MavenProject - Plugin is modifying compileSourceRoots through add(), which will not work in Maven 4.0.0. Use MavenProject.addCompileSourceRoot()/removeCompileSourceRoot() methods instead. If using a plugin, please upgrade to the latest version or report the issue to the plugin maintainer. To disable these warnings, set -Dmaven.project.sourceRoots.warningsDisabled=true on the command line, in the .mvn/maven.config file, or in project POM properties.
2026-06-19 12:11:22,413 [Worker-96: Building] WARN  o.apache.maven.project.MavenProject - Plugin is modifying testCompileSourceRoots through clear(), which will not work in Maven 4.0.0. Use MavenProject.addTestCompileSourceRoot()/removeTestCompileSourceRoot() methods instead. If using a plugin, please upgrade to the latest version or report the issue to the plugin maintainer. To disable these warnings, set -Dmaven.project.sourceRoots.warningsDisabled=true on the command line, in the .mvn/maven.config file, or in project POM properties.
2026-06-19 12:11:22,413 [Worker-96: Building] WARN  o.apache.maven.project.MavenProject - Plugin is modifying testCompileSourceRoots through add(), which will not work in Maven 4.0.0. Use MavenProject.addTestCompileSourceRoot()/removeTestCompileSourceRoot() methods instead. If using a plugin, please upgrade to the latest version or report the issue to the plugin maintainer. To disable these warnings, set -Dmaven.project.sourceRoots.warningsDisabled=true on the command line, in the .mvn/maven.config file, or in project POM properties.
2026-06-19 12:11:34,020 [Worker-97: Building] INFO  o.a.m.s.f.DefaultMavenResourcesFiltering - skip non existing resourceDirectory C:\Users\CVR\eclipse-workspace\order\src\main\resources
2026-06-19 12:11:34,020 [Worker-97: Building] INFO  o.a.m.s.f.DefaultMavenResourcesFiltering - skip non existing resourceDirectory C:\Users\CVR\eclipse-workspace\order\src\test\resources
2026-06-19 12:11:34,021 [Worker-97: Building] WARN  o.apache.maven.project.MavenProject - Plugin is modifying compileSourceRoots through clear(), which will not work in Maven 4.0.0. Use MavenProject.addCompileSourceRoot()/removeCompileSourceRoot() methods instead. If using a plugin, please upgrade to the latest version or report the issue to the plugin maintainer. To disable these warnings, set -Dmaven.project.sourceRoots.warningsDisabled=true on the command line, in the .mvn/maven.config file, or in project POM properties.
2026-06-19 12:11:34,022 [Worker-97: Building] WARN  o.apache.maven.project.MavenProject - Plugin is modifying compileSourceRoots through add(), which will not work in Maven 4.0.0. Use MavenProject.addCompileSourceRoot()/removeCompileSourceRoot() methods instead. If using a plugin, please upgrade to the latest version or report the issue to the plugin maintainer. To disable these warnings, set -Dmaven.project.sourceRoots.warningsDisabled=true on the command line, in the .mvn/maven.config file, or in project POM properties.
2026-06-19 12:11:34,022 [Worker-97: Building] WARN  o.apache.maven.project.MavenProject - Plugin is modifying testCompileSourceRoots through clear(), which will not work in Maven 4.0.0. Use MavenProject.addTestCompileSourceRoot()/removeTestCompileSourceRoot() methods instead. If using a plugin, please upgrade to the latest version or report the issue to the plugin maintainer. To disable these warnings, set -Dmaven.project.sourceRoots.warningsDisabled=true on the command line, in the .mvn/maven.config file, or in project POM properties.
2026-06-19 12:11:34,022 [Worker-97: Building] WARN  o.apache.maven.project.MavenProject - Plugin is modifying testCompileSourceRoots through add(), which will not work in Maven 4.0.0. Use MavenProject.addTestCompileSourceRoot()/removeTestCompileSourceRoot() methods instead. If using a plugin, please upgrade to the latest version or report the issue to the plugin maintainer. To disable these warnings, set -Dmaven.project.sourceRoots.warningsDisabled=true on the command line, in the .mvn/maven.config file, or in project POM properties.
2026-06-19 12:11:49,948 [Worker-99: Building] INFO  o.e.m.c.i.l.LifecycleMappingFactory - Using org.eclipse.m2e.jdt.JarLifecycleMapping lifecycle mapping for MavenProject: cq:order:0.0.1-SNAPSHOT @ C:\Users\CVR\eclipse-workspace\order\pom.xml.
2026-06-19 12:11:49,993 [Worker-99: Building] WARN  o.e.m.c.i.embedder.EclipseLogger - The artifact mysql:mysql-connector-java:jar:8.0.33 has been relocated to com.mysql:mysql-connector-j:jar:8.0.33: MySQL Connector/J artifacts moved to reverse-DNS compliant Maven 2+ coordinates.
2026-06-19 12:11:49,993 [Worker-99: Building] WARN  o.e.m.c.i.embedder.EclipseLogger - The artifact org.hibernate:hibernate-core:jar:7.4.1.Final has been relocated to org.hibernate.orm:hibernate-core:jar:7.4.1.Final
2026-06-19 12:11:50,021 [Worker-99: Building] INFO  o.a.m.s.f.DefaultMavenResourcesFiltering - skip non existing resourceDirectory C:\Users\CVR\eclipse-workspace\order\src\main\resources
2026-06-19 12:11:50,022 [Worker-99: Building] INFO  o.a.m.s.f.DefaultMavenResourcesFiltering - skip non existing resourceDirectory C:\Users\CVR\eclipse-workspace\order\src\test\resources
2026-06-19 12:11:50,026 [Worker-99: Building] WARN  o.apache.maven.project.MavenProject - Plugin is modifying compileSourceRoots through clear(), which will not work in Maven 4.0.0. Use MavenProject.addCompileSourceRoot()/removeCompileSourceRoot() methods instead. If using a plugin, please upgrade to the latest version or report the issue to the plugin maintainer. To disable these warnings, set -Dmaven.project.sourceRoots.warningsDisabled=true on the command line, in the .mvn/maven.config file, or in project POM properties.
2026-06-19 12:11:50,026 [Worker-99: Building] WARN  o.apache.maven.project.MavenProject - Plugin is modifying compileSourceRoots through add(), which will not work in Maven 4.0.0. Use MavenProject.addCompileSourceRoot()/removeCompileSourceRoot() methods instead. If using a plugin, please upgrade to the latest version or report the issue to the plugin maintainer. To disable these warnings, set -Dmaven.project.sourceRoots.warningsDisabled=true on the command line, in the .mvn/maven.config file, or in project POM properties.
2026-06-19 12:11:50,027 [Worker-99: Building] WARN  o.apache.maven.project.MavenProject - Plugin is modifying testCompileSourceRoots through clear(), which will not work in Maven 4.0.0. Use MavenProject.addTestCompileSourceRoot()/removeTestCompileSourceRoot() methods instead. If using a plugin, please upgrade to the latest version or report the issue to the plugin maintainer. To disable these warnings, set -Dmaven.project.sourceRoots.warningsDisabled=true on the command line, in the .mvn/maven.config file, or in project POM properties.
2026-06-19 12:11:50,027 [Worker-99: Building] WARN  o.apache.maven.project.MavenProject - Plugin is modifying testCompileSourceRoots through add(), which will not work in Maven 4.0.0. Use MavenProject.addTestCompileSourceRoot()/removeTestCompileSourceRoot() methods instead. If using a plugin, please upgrade to the latest version or report the issue to the plugin maintainer. To disable these warnings, set -Dmaven.project.sourceRoots.warningsDisabled=true on the command line, in the .mvn/maven.config file, or in project POM properties.
2026-06-19 12:11:51,209 [Worker-91: Building] INFO  o.a.m.s.f.DefaultMavenResourcesFiltering - skip non existing resourceDirectory C:\Users\CVR\eclipse-workspace\order\src\main\resources
2026-06-19 12:11:51,210 [Worker-91: Building] INFO  o.a.m.s.f.DefaultMavenResourcesFiltering - skip non existing resourceDirectory C:\Users\CVR\eclipse-workspace\order\src\test\resources
2026-06-19 12:11:51,213 [Worker-91: Building] WARN  o.apache.maven.project.MavenProject - Plugin is modifying compileSourceRoots through clear(), which will not work in Maven 4.0.0. Use MavenProject.addCompileSourceRoot()/removeCompileSourceRoot() methods instead. If using a plugin, please upgrade to the latest version or report the issue to the plugin maintainer. To disable these warnings, set -Dmaven.project.sourceRoots.warningsDisabled=true on the command line, in the .mvn/maven.config file, or in project POM properties.
2026-06-19 12:11:51,213 [Worker-91: Building] WARN  o.apache.maven.project.MavenProject - Plugin is modifying compileSourceRoots through add(), which will not work in Maven 4.0.0. Use MavenProject.addCompileSourceRoot()/removeCompileSourceRoot() methods instead. If using a plugin, please upgrade to the latest version or report the issue to the plugin maintainer. To disable these warnings, set -Dmaven.project.sourceRoots.warningsDisabled=true on the command line, in the .mvn/maven.config file, or in project POM properties.
2026-06-19 12:11:51,213 [Worker-91: Building] WARN  o.apache.maven.project.MavenProject - Plugin is modifying testCompileSourceRoots through clear(), which will not work in Maven 4.0.0. Use MavenProject.addTestCompileSourceRoot()/removeTestCompileSourceRoot() methods instead. If using a plugin, please upgrade to the latest version or report the issue to the plugin maintainer. To disable these warnings, set -Dmaven.project.sourceRoots.warningsDisabled=true on the command line, in the .mvn/maven.config file, or in project POM properties.
2026-06-19 12:11:51,213 [Worker-91: Building] WARN  o.apache.maven.project.MavenProject - Plugin is modifying testCompileSourceRoots through add(), which will not work in Maven 4.0.0. Use MavenProject.addTestCompileSourceRoot()/removeTestCompileSourceRoot() methods instead. If using a plugin, please upgrade to the latest version or report the issue to the plugin maintainer. To disable these warnings, set -Dmaven.project.sourceRoots.warningsDisabled=true on the command line, in the .mvn/maven.config file, or in project POM properties.
2026-06-19 12:12:15,979 [Worker-97: Building] INFO  o.a.m.s.f.DefaultMavenResourcesFiltering - Copying 0 resource from src\main\resources to target\classes
2026-06-19 12:12:15,981 [Worker-97: Building] INFO  o.a.m.s.f.DefaultMavenResourcesFiltering - Copying 0 resource from src\test\resources to target\test-classes
2026-06-19 12:12:15,985 [Worker-97: Building] WARN  o.apache.maven.project.MavenProject - Plugin is modifying compileSourceRoots through clear(), which will not work in Maven 4.0.0. Use MavenProject.addCompileSourceRoot()/removeCompileSourceRoot() methods instead. If using a plugin, please upgrade to the latest version or report the issue to the plugin maintainer. To disable these warnings, set -Dmaven.project.sourceRoots.warningsDisabled=true on the command line, in the .mvn/maven.config file, or in project POM properties.
2026-06-19 12:12:15,986 [Worker-97: Building] WARN  o.apache.maven.project.MavenProject - Plugin is modifying compileSourceRoots through add(), which will not work in Maven 4.0.0. Use MavenProject.addCompileSourceRoot()/removeCompileSourceRoot() methods instead. If using a plugin, please upgrade to the latest version or report the issue to the plugin maintainer. To disable these warnings, set -Dmaven.project.sourceRoots.warningsDisabled=true on the command line, in the .mvn/maven.config file, or in project POM properties.
2026-06-19 12:12:15,986 [Worker-97: Building] WARN  o.apache.maven.project.MavenProject - Plugin is modifying testCompileSourceRoots through clear(), which will not work in Maven 4.0.0. Use MavenProject.addTestCompileSourceRoot()/removeTestCompileSourceRoot() methods instead. If using a plugin, please upgrade to the latest version or report the issue to the plugin maintainer. To disable these warnings, set -Dmaven.project.sourceRoots.warningsDisabled=true on the command line, in the .mvn/maven.config file, or in project POM properties.
2026-06-19 12:12:15,986 [Worker-97: Building] WARN  o.apache.maven.project.MavenProject - Plugin is modifying testCompileSourceRoots through add(), which will not work in Maven 4.0.0. Use MavenProject.addTestCompileSourceRoot()/removeTestCompileSourceRoot() methods instead. If using a plugin, please upgrade to the latest version or report the issue to the plugin maintainer. To disable these warnings, set -Dmaven.project.sourceRoots.warningsDisabled=true on the command line, in the .mvn/maven.config file, or in project POM properties.
2026-06-19 12:12:38,967 [Worker-95: Building] INFO  o.a.m.s.f.DefaultMavenResourcesFiltering - Copying 1 resource from src\main\resources to target\classes
2026-06-19 12:12:38,970 [Worker-95: Building] INFO  o.a.m.s.f.DefaultMavenResourcesFiltering - Copying 0 resource from src\test\resources to target\test-classes
2026-06-19 12:12:38,970 [Worker-95: Building] WARN  o.apache.maven.project.MavenProject - Plugin is modifying compileSourceRoots through clear(), which will not work in Maven 4.0.0. Use MavenProject.addCompileSourceRoot()/removeCompileSourceRoot() methods instead. If using a plugin, please upgrade to the latest version or report the issue to the plugin maintainer. To disable these warnings, set -Dmaven.project.sourceRoots.warningsDisabled=true on the command line, in the .mvn/maven.config file, or in project POM properties.
2026-06-19 12:12:38,970 [Worker-95: Building] WARN  o.apache.maven.project.MavenProject - Plugin is modifying compileSourceRoots through add(), which will not work in Maven 4.0.0. Use MavenProject.addCompileSourceRoot()/removeCompileSourceRoot() methods instead. If using a plugin, please upgrade to the latest version or report the issue to the plugin maintainer. To disable these warnings, set -Dmaven.project.sourceRoots.warningsDisabled=true on the command line, in the .mvn/maven.config file, or in project POM properties.
2026-06-19 12:12:38,970 [Worker-95: Building] WARN  o.apache.maven.project.MavenProject - Plugin is modifying testCompileSourceRoots through clear(), which will not work in Maven 4.0.0. Use MavenProject.addTestCompileSourceRoot()/removeTestCompileSourceRoot() methods instead. If using a plugin, please upgrade to the latest version or report the issue to the plugin maintainer. To disable these warnings, set -Dmaven.project.sourceRoots.warningsDisabled=true on the command line, in the .mvn/maven.config file, or in project POM properties.
2026-06-19 12:12:38,970 [Worker-95: Building] WARN  o.apache.maven.project.MavenProject - Plugin is modifying testCompileSourceRoots through add(), which will not work in Maven 4.0.0. Use MavenProject.addTestCompileSourceRoot()/removeTestCompileSourceRoot() methods instead. If using a plugin, please upgrade to the latest version or report the issue to the plugin maintainer. To disable these warnings, set -Dmaven.project.sourceRoots.warningsDisabled=true on the command line, in the .mvn/maven.config file, or in project POM properties.
2026-06-19 12:13:30,905 [Worker-98: Building] INFO  o.a.m.s.f.DefaultMavenResourcesFiltering - Copying 1 resource from src\main\resources to target\classes
2026-06-19 12:13:30,912 [Worker-98: Building] INFO  o.a.m.s.f.DefaultMavenResourcesFiltering - Copying 0 resource from src\test\resources to target\test-classes
2026-06-19 12:13:30,912 [Worker-98: Building] WARN  o.apache.maven.project.MavenProject - Plugin is modifying compileSourceRoots through clear(), which will not work in Maven 4.0.0. Use MavenProject.addCompileSourceRoot()/removeCompileSourceRoot() methods instead. If using a plugin, please upgrade to the latest version or report the issue to the plugin maintainer. To disable these warnings, set -Dmaven.project.sourceRoots.warningsDisabled=true on the command line, in the .mvn/maven.config file, or in project POM properties.
2026-06-19 12:13:30,912 [Worker-98: Building] WARN  o.apache.maven.project.MavenProject - Plugin is modifying compileSourceRoots through add(), which will not work in Maven 4.0.0. Use MavenProject.addCompileSourceRoot()/removeCompileSourceRoot() methods instead. If using a plugin, please upgrade to the latest version or report the issue to the plugin maintainer. To disable these warnings, set -Dmaven.project.sourceRoots.warningsDisabled=true on the command line, in the .mvn/maven.config file, or in project POM properties.
2026-06-19 12:13:30,912 [Worker-98: Building] WARN  o.apache.maven.project.MavenProject - Plugin is modifying testCompileSourceRoots through clear(), which will not work in Maven 4.0.0. Use MavenProject.addTestCompileSourceRoot()/removeTestCompileSourceRoot() methods instead. If using a plugin, please upgrade to the latest version or report the issue to the plugin maintainer. To disable these warnings, set -Dmaven.project.sourceRoots.warningsDisabled=true on the command line, in the .mvn/maven.config file, or in project POM properties.
2026-06-19 12:13:30,913 [Worker-98: Building] WARN  o.apache.maven.project.MavenProject - Plugin is modifying testCompileSourceRoots through add(), which will not work in Maven 4.0.0. Use MavenProject.addTestCompileSourceRoot()/removeTestCompileSourceRoot() methods instead. If using a plugin, please upgrade to the latest version or report the issue to the plugin maintainer. To disable these warnings, set -Dmaven.project.sourceRoots.warningsDisabled=true on the command line, in the .mvn/maven.config file, or in project POM properties.
2026-06-19 12:14:02,417 [Worker-91: Building] INFO  o.a.m.s.f.DefaultMavenResourcesFiltering - Copying 0 resource from src\main\resources to target\classes
2026-06-19 12:14:02,419 [Worker-91: Building] INFO  o.a.m.s.f.DefaultMavenResourcesFiltering - Copying 0 resource from src\test\resources to target\test-classes
2026-06-19 12:14:02,419 [Worker-91: Building] WARN  o.apache.maven.project.MavenProject - Plugin is modifying compileSourceRoots through clear(), which will not work in Maven 4.0.0. Use MavenProject.addCompileSourceRoot()/removeCompileSourceRoot() methods instead. If using a plugin, please upgrade to the latest version or report the issue to the plugin maintainer. To disable these warnings, set -Dmaven.project.sourceRoots.warningsDisabled=true on the command line, in the .mvn/maven.config file, or in project POM properties.
2026-06-19 12:14:02,419 [Worker-91: Building] WARN  o.apache.maven.project.MavenProject - Plugin is modifying compileSourceRoots through add(), which will not work in Maven 4.0.0. Use MavenProject.addCompileSourceRoot()/removeCompileSourceRoot() methods instead. If using a plugin, please upgrade to the latest version or report the issue to the plugin maintainer. To disable these warnings, set -Dmaven.project.sourceRoots.warningsDisabled=true on the command line, in the .mvn/maven.config file, or in project POM properties.
2026-06-19 12:14:02,419 [Worker-91: Building] WARN  o.apache.maven.project.MavenProject - Plugin is modifying testCompileSourceRoots through clear(), which will not work in Maven 4.0.0. Use MavenProject.addTestCompileSourceRoot()/removeTestCompileSourceRoot() methods instead. If using a plugin, please upgrade to the latest version or report the issue to the plugin maintainer. To disable these warnings, set -Dmaven.project.sourceRoots.warningsDisabled=true on the command line, in the .mvn/maven.config file, or in project POM properties.
2026-06-19 12:14:02,420 [Worker-91: Building] WARN  o.apache.maven.project.MavenProject - Plugin is modifying testCompileSourceRoots through add(), which will not work in Maven 4.0.0. Use MavenProject.addTestCompileSourceRoot()/removeTestCompileSourceRoot() methods instead. If using a plugin, please upgrade to the latest version or report the issue to the plugin maintainer. To disable these warnings, set -Dmaven.project.sourceRoots.warningsDisabled=true on the command line, in the .mvn/maven.config file, or in project POM properties.
2026-06-19 12:15:16,428 [Worker-98: Building] INFO  o.a.m.s.f.DefaultMavenResourcesFiltering - Copying 0 resource from src\main\resources to target\classes
2026-06-19 12:15:16,429 [Worker-98: Building] INFO  o.a.m.s.f.DefaultMavenResourcesFiltering - Copying 0 resource from src\test\resources to target\test-classes
2026-06-19 12:15:16,429 [Worker-98: Building] WARN  o.apache.maven.project.MavenProject - Plugin is modifying compileSourceRoots through clear(), which will not work in Maven 4.0.0. Use MavenProject.addCompileSourceRoot()/removeCompileSourceRoot() methods instead. If using a plugin, please upgrade to the latest version or report the issue to the plugin maintainer. To disable these warnings, set -Dmaven.project.sourceRoots.warningsDisabled=true on the command line, in the .mvn/maven.config file, or in project POM properties.
2026-06-19 12:15:16,430 [Worker-98: Building] WARN  o.apache.maven.project.MavenProject - Plugin is modifying compileSourceRoots through add(), which will not work in Maven 4.0.0. Use MavenProject.addCompileSourceRoot()/removeCompileSourceRoot() methods instead. If using a plugin, please upgrade to the latest version or report the issue to the plugin maintainer. To disable these warnings, set -Dmaven.project.sourceRoots.warningsDisabled=true on the command line, in the .mvn/maven.config file, or in project POM properties.
2026-06-19 12:15:16,430 [Worker-98: Building] WARN  o.apache.maven.project.MavenProject - Plugin is modifying testCompileSourceRoots through clear(), which will not work in Maven 4.0.0. Use MavenProject.addTestCompileSourceRoot()/removeTestCompileSourceRoot() methods instead. If using a plugin, please upgrade to the latest version or report the issue to the plugin maintainer. To disable these warnings, set -Dmaven.project.sourceRoots.warningsDisabled=true on the command line, in the .mvn/maven.config file, or in project POM properties.
2026-06-19 12:15:16,430 [Worker-98: Building] WARN  o.apache.maven.project.MavenProject - Plugin is modifying testCompileSourceRoots through add(), which will not work in Maven 4.0.0. Use MavenProject.addTestCompileSourceRoot()/removeTestCompileSourceRoot() methods instead. If using a plugin, please upgrade to the latest version or report the issue to the plugin maintainer. To disable these warnings, set -Dmaven.project.sourceRoots.warningsDisabled=true on the command line, in the .mvn/maven.config file, or in project POM properties.
2026-06-19 14:12:07,282 [Worker-5: Loading available Gradle versions] INFO  o.e.b.c.i.u.g.PublishedGradleVersions - Gradle version information cache is out-of-date. Trying to update.
